id_x,id_cliente,fecha,subtotal,iva,descuento,estado_x,id_factura,id_producto,cantidad,precio_unitario,id_y,nombre_x,apellido,correo,telefono,tipo,estado_y,id,nombre_y,descripcion,precio,stock,estado,total_detalle,total_factura,agno_mes,agno,mes,nombre_cliente
1,293,2026-02-06,1925.73,404.4,78.79,Pendiente,1,200,1,344.29,293,Bienvenida,Codina,gcastell@example.org,+34878935298,Premium,Inactivo,200,Viene,Cierta equipo tal llegado él informe existencia.,344.29,5,Disponible,344.29,5258.61,2026-02,2026,2,Bienvenida Codina
1,293,2026-02-06,1925.73,404.4,78.79,Pendiente,1,51,3,190.77,293,Bienvenida,Codina,gcastell@example.org,+34878935298,Premium,Inactivo,51,Boca,Más niños período madre cual izquierda encuentro.,190.77,194,Disponible,572.3100000000001,5258.61,2026-02,2026,2,Bienvenida Codina
1,293,2026-02-06,1925.73,404.4,78.79,Pendiente,1,70,4,264.32,293,Bienvenida,Codina,gcastell@example.org,+34878935298,Premium,Inactivo,70,Habla,Consecuencia razón no empresa otro.,264.32,228,Agotado,1057.28,5258.61,2026-02,2026,2,Bienvenida Codina
1,293,2026-02-06,1925.73,404.4,78.79,Pendiente,1,118,4,401.29,293,Bienvenida,Codina,gcastell@example.org,+34878935298,Premium,Inactivo,118,Primer,Fiscal hubiera siquiera último tenemos algunas.,401.29,68,Disponible,1605.16,5258.61,2026-02,2026,2,Bienvenida Codina
1,293,2026-02-06,1925.73,404.4,78.79,Pendiente,1,27,2,477.57,293,Bienvenida,Codina,gcastell@example.org,+34878935298,Premium,Inactivo,27,Decía,Aún actitud deja julio dónde.,477.57,317,Agotado,955.14,5258.61,2026-02,2026,2,Bienvenida Codina
1,293,2026-02-06,1925.73,404.4,78.79,Pendiente,1,31,3,80.17,293,Bienvenida,Codina,gcastell@example.org,+34878935298,Premium,Inactivo,31,México,Ellas humana dijo estados.,80.17,475,Disponible,240.51,5258.61,2026-02,2026,2,Bienvenida Codina
1,293,2026-02-06,1925.73,404.4,78.79,Pendiente,1,57,1,483.92,293,Bienvenida,Codina,gcastell@example.org,+34878935298,Premium,Inactivo,57,Diferentes,Marco común otras.,483.92,269,Agotado,483.92,5258.61,2026-02,2026,2,Bienvenida Codina
2,263,2025-08-11,260.31,54.67,57.45,Cancelada,2,189,1,87.56,263,Celestino,Casal,ymaza@example.net,+34851 34 98 11,VIP,Activo,189,Frente,Alta millones mediante deseo respecto.,87.56,44,Agotado,87.56,3081.24,2025-08,2025,8,Celestino Casal
2,263,2025-08-11,260.31,54.67,57.45,Cancelada,2,106,5,12.8,263,Celestino,Casal,ymaza@example.net,+34851 34 98 11,VIP,Activo,106,Cosas,García ciento medios datos fuerzas derechos pone un.,12.8,281,Agotado,64.0,3081.24,2025-08,2025,8,Celestino Casal
2,263,2025-08-11,260.31,54.67,57.45,Cancelada,2,115,8,366.21,263,Celestino,Casal,ymaza@example.net,+34851 34 98 11,VIP,Activo,115,Este,Precisamente fue debe fuego primero futuro.,366.21,469,Agotado,2929.68,3081.24,2025-08,2025,8,Celestino Casal
3,127,2025-07-26,360.84,75.78,93.32,Pagada,3,2,5,323.35,127,Domingo,Llabrés,mantunez@example.com,+34987146557,Regular,Activo,2,Real,Con ambos cierto martín ni historia.,323.35,316,Disponible,1616.75,12301.439999999999,2025-07,2025,7,Domingo Llabrés
3,127,2025-07-26,360.84,75.78,93.32,Pagada,3,109,10,347.96,127,Domingo,Llabrés,mantunez@example.com,+34987146557,Regular,Activo,109,Libros,Crisis llegó don lado.,347.96,89,Disponible,3479.6,12301.439999999999,2025-07,2025,7,Domingo Llabrés
3,127,2025-07-26,360.84,75.78,93.32,Pagada,3,152,9,199.29,127,Domingo,Llabrés,mantunez@example.com,+34987146557,Regular,Activo,152,República,Línea existe jóvenes podemos puede.,199.29,270,Agotado,1793.61,12301.439999999999,2025-07,2025,7,Domingo Llabrés
3,127,2025-07-26,360.84,75.78,93.32,Pagada,3,33,7,385.45,127,Domingo,Llabrés,mantunez@example.com,+34987146557,Regular,Activo,33,Mes,Presidente lugar va iba.,385.45,332,Disponible,2698.15,12301.439999999999,2025-07,2025,7,Domingo Llabrés
3,127,2025-07-26,360.84,75.78,93.32,Pagada,3,36,4,478.21,127,Domingo,Llabrés,mantunez@example.com,+34987146557,Regular,Activo,36,Valor,Fuera queda sería agua así pedro piel.,478.21,330,Disponible,1912.84,12301.439999999999,2025-07,2025,7,Domingo Llabrés
3,127,2025-07-26,360.84,75.78,93.32,Pagada,3,26,3,234.97,127,Domingo,Llabrés,mantunez@example.com,+34987146557,Regular,Activo,26,Sabe,Encima ciencia deja.,234.97,269,Disponible,704.91,12301.439999999999,2025-07,2025,7,Domingo Llabrés
3,127,2025-07-26,360.84,75.78,93.32,Pagada,3,158,1,95.58,127,Domingo,Llabrés,mantunez@example.com,+34987146557,Regular,Activo,158,Dan,Dentro aquel ministro anterior.,95.58,497,Disponible,95.58,12301.439999999999,2025-07,2025,7,Domingo Llabrés
4,119,2025-11-27,1314.01,275.94,9.57,Pendiente,4,68,5,384.66,119,Demetrio,Ferrera,dimascantero@example.net,+34749584567,Regular,Inactivo,68,Particular,Quería diez realizar militar aire oposición parecía.,384.66,34,Disponible,1923.3000000000002,4598.89,2025-11,2025,11,Demetrio Ferrera
4,119,2025-11-27,1314.01,275.94,9.57,Pendiente,4,11,9,152.94,119,Demetrio,Ferrera,dimascantero@example.net,+34749584567,Regular,Inactivo,11,Muerte,Programas largo destino señor militar base.,152.94,406,Disponible,1376.46,4598.89,2025-11,2025,11,Demetrio Ferrera
4,119,2025-11-27,1314.01,275.94,9.57,Pendiente,4,13,5,171.79,119,Demetrio,Ferrera,dimascantero@example.net,+34749584567,Regular,Inactivo,13,Justicia,Muerto medidas esas miedo valores juego solución.,171.79,227,Agotado,858.9499999999999,4598.89,2025-11,2025,11,Demetrio Ferrera
4,119,2025-11-27,1314.01,275.94,9.57,Pendiente,4,3,2,220.09,119,Demetrio,Ferrera,dimascantero@example.net,+34749584567,Regular,Inactivo,3,Hacia,Uno chile esto tan tampoco río sino.,220.09,232,Agotado,440.18,4598.89,2025-11,2025,11,Demetrio Ferrera
5,73,2025-04-13,1550.59,325.62,81.82,Pendiente,5,31,3,80.17,73,Apolonia,Rebollo,camilovara@example.org,+34844 49 72 51,VIP,Inactivo,31,México,Ellas humana dijo estados.,80.17,475,Disponible,240.51,292.62,2025-04,2025,4,Apolonia Rebollo
5,73,2025-04-13,1550.59,325.62,81.82,Pendiente,5,130,1,52.11,73,Apolonia,Rebollo,camilovara@example.org,+34844 49 72 51,VIP,Inactivo,130,Nivel,Necesidad artículo c adelante.,52.11,7,Agotado,52.11,292.62,2025-04,2025,4,Apolonia Rebollo
6,245,2025-08-19,557.73,117.12,43.61,Cancelada,6,183,5,458.7,245,Sonia,Sancho,wperez@example.org,+34 824 113 361,Premium,Activo,183,Especialmente,Mismo baja viaje mañana solamente respuesta les.,458.7,153,Agotado,2293.5,6077.42,2025-08,2025,8,Sonia Sancho
6,245,2025-08-19,557.73,117.12,43.61,Cancelada,6,127,2,320.69,245,Sonia,Sancho,wperez@example.org,+34 824 113 361,Premium,Activo,127,Bastante,Actividad televisión pablo medios.,320.69,246,Disponible,641.38,6077.42,2025-08,2025,8,Sonia Sancho
6,245,2025-08-19,557.73,117.12,43.61,Cancelada,6,133,3,101.02,245,Sonia,Sancho,wperez@example.org,+34 824 113 361,Premium,Activo,133,Unidad,Más marcha libre única persona antonio evitar propios.,101.02,182,Agotado,303.06,6077.42,2025-08,2025,8,Sonia Sancho
6,245,2025-08-19,557.73,117.12,43.61,Cancelada,6,192,7,198.44,245,Sonia,Sancho,wperez@example.org,+34 824 113 361,Premium,Activo,192,Grandes,Banco problema voy cosa suerte dólares.,198.44,494,Agotado,1389.08,6077.42,2025-08,2025,8,Sonia Sancho
6,245,2025-08-19,557.73,117.12,43.61,Cancelada,6,34,8,16.85,245,Sonia,Sancho,wperez@example.org,+34 824 113 361,Premium,Activo,34,Guerra,Justicia pesetas luego partido hoy.,16.85,324,Agotado,134.8,6077.42,2025-08,2025,8,Sonia Sancho
6,245,2025-08-19,557.73,117.12,43.61,Cancelada,6,28,5,263.12,245,Sonia,Sancho,wperez@example.org,+34 824 113 361,Premium,Activo,28,Buscar,Rodríguez deseo mundo programa.,263.12,238,Disponible,1315.6,6077.42,2025-08,2025,8,Sonia Sancho
8,281,2025-03-04,1807.74,379.63,28.79,Pendiente,8,42,4,179.95,281,Gracia,López,alicia39@example.org,+34 886266804,Premium,Activo,42,N,Pasó quién jóvenes.,179.95,121,Disponible,719.8,4944.2300000000005,2025-03,2025,3,Gracia López
8,281,2025-03-04,1807.74,379.63,28.79,Pendiente,8,173,6,365.23,281,Gracia,López,alicia39@example.org,+34 886266804,Premium,Activo,173,M,Ayer espera reforma hospital.,365.23,61,Agotado,2191.38,4944.2300000000005,2025-03,2025,3,Gracia López
8,281,2025-03-04,1807.74,379.63,28.79,Pendiente,8,3,4,220.09,281,Gracia,López,alicia39@example.org,+34 886266804,Premium,Activo,3,Hacia,Uno chile esto tan tampoco río sino.,220.09,232,Agotado,880.36,4944.2300000000005,2025-03,2025,3,Gracia López
8,281,2025-03-04,1807.74,379.63,28.79,Pendiente,8,117,3,384.23,281,Gracia,López,alicia39@example.org,+34 886266804,Premium,Activo,117,Aquellas,Sólo destino mujeres chile.,384.23,287,Disponible,1152.69,4944.2300000000005,2025-03,2025,3,Gracia López
9,6,2025-03-12,106.73,22.41,9.92,Cancelada,9,179,7,28.44,6,Javiera,Morata,federico03@example.net,+34916644339,Premium,Activo,179,Términos,Solución todas queda.,28.44,73,Disponible,199.08,2501.01,2025-03,2025,3,Javiera Morata
9,6,2025-03-12,106.73,22.41,9.92,Cancelada,9,19,3,19.03,6,Javiera,Morata,federico03@example.net,+34916644339,Premium,Activo,19,Pasa,Director algunas particular difícil persona.,19.03,406,Disponible,57.09,2501.01,2025-03,2025,3,Javiera Morata
9,6,2025-03-12,106.73,22.41,9.92,Cancelada,9,124,3,242.92,6,Javiera,Morata,federico03@example.net,+34916644339,Premium,Activo,124,Memoria,Mismos grupos nada parece.,242.92,376,Disponible,728.76,2501.01,2025-03,2025,3,Javiera Morata
9,6,2025-03-12,106.73,22.41,9.92,Cancelada,9,76,4,379.02,6,Javiera,Morata,federico03@example.net,+34916644339,Premium,Activo,76,Había,Suelo orden victoria precio.,379.02,239,Disponible,1516.08,2501.01,2025-03,2025,3,Javiera Morata
10,65,2026-01-23,1940.61,407.53,40.54,Cancelada,10,29,4,262.11,65,Rosario,Tirado,yessicabaquero@example.org,+34 881 96 62 86,VIP,Inactivo,29,Norte,México equipo grupo unas defensa exterior agua esfuerzo.,262.11,267,Agotado,1048.44,2998.11,2026-01,2026,1,Rosario Tirado
10,65,2026-01-23,1940.61,407.53,40.54,Cancelada,10,191,9,216.63,65,Rosario,Tirado,yessicabaquero@example.org,+34 881 96 62 86,VIP,Inactivo,191,Están,Radio creo paz trabajar allá entrar servicios derecha.,216.63,91,Disponible,1949.67,2998.11,2026-01,2026,1,Rosario Tirado
11,272,2025-07-01,739.23,155.24,40.29,Pagada,11,10,2,48.89,272,Francisco Javier,Llanos,febeherrero@example.org,+34928 399 657,Regular,Inactivo,10,Paso,Deseo político ésta cosas comunidad sectores frente.,48.89,176,Agotado,97.78,12270.470000000001,2025-07,2025,7,Francisco Javier Llanos
11,272,2025-07-01,739.23,155.24,40.29,Pagada,11,58,9,312.08,272,Francisco Javier,Llanos,febeherrero@example.org,+34928 399 657,Regular,Inactivo,58,Manos,Llamado cabeza datos cuando mirada carlos.,312.08,88,Agotado,2808.72,12270.470000000001,2025-07,2025,7,Francisco Javier Llanos
11,272,2025-07-01,739.23,155.24,40.29,Pagada,11,167,10,275.76,272,Francisco Javier,Llanos,febeherrero@example.org,+34928 399 657,Regular,Inactivo,167,Antonio,Éste calidad encuentran.,275.76,90,Agotado,2757.6,12270.470000000001,2025-07,2025,7,Francisco Javier Llanos
11,272,2025-07-01,739.23,155.24,40.29,Pagada,11,166,6,308.83,272,Francisco Javier,Llanos,febeherrero@example.org,+34928 399 657,Regular,Inactivo,166,Deja,Favor negro siete gobierno construcción estuvo quiere éste.,308.83,67,Agotado,1852.98,12270.470000000001,2025-07,2025,7,Francisco Javier Llanos
11,272,2025-07-01,739.23,155.24,40.29,Pagada,11,62,5,81.23,272,Francisco Javier,Llanos,febeherrero@example.org,+34928 399 657,Regular,Inactivo,62,Quien,Humana único el electoral equipo.,81.23,334,Disponible,406.15000000000003,12270.470000000001,2025-07,2025,7,Francisco Javier Llanos
11,272,2025-07-01,739.23,155.24,40.29,Pagada,11,86,6,80.5,272,Francisco Javier,Llanos,febeherrero@example.org,+34928 399 657,Regular,Inactivo,86,Nuestra,Habla relación unión familia trata medidas nuevo.,80.5,209,Agotado,483.0,12270.470000000001,2025-07,2025,7,Francisco Javier Llanos
11,272,2025-07-01,739.23,155.24,40.29,Pagada,11,150,9,429.36,272,Francisco Javier,Llanos,febeherrero@example.org,+34928 399 657,Regular,Inactivo,150,Falta,Trabajo entonces derechos sector quien parecía él.,429.36,306,Disponible,3864.2400000000002,12270.470000000001,2025-07,2025,7,Francisco Javier Llanos
12,172,2026-01-16,772.54,162.23,31.74,Pagada,12,11,7,152.94,172,Lorenza,Perera,milagros33@example.net,+34878 22 97 53,VIP,Activo,11,Muerte,Programas largo destino señor militar base.,152.94,406,Disponible,1070.58,6806.21,2026-01,2026,1,Lorenza Perera
12,172,2026-01-16,772.54,162.23,31.74,Pagada,12,91,5,206.95,172,Lorenza,Perera,milagros33@example.net,+34878 22 97 53,VIP,Activo,91,España,Industria estoy hora gonzález madre.,206.95,474,Disponible,1034.75,6806.21,2026-01,2026,1,Lorenza Perera
12,172,2026-01-16,772.54,162.23,31.74,Pagada,12,77,9,369.38,172,Lorenza,Perera,milagros33@example.net,+34878 22 97 53,VIP,Activo,77,He,García blanco ni imágenes quien.,369.38,498,Agotado,3324.42,6806.21,2026-01,2026,1,Lorenza Perera
12,172,2026-01-16,772.54,162.23,31.74,Pagada,12,11,9,152.94,172,Lorenza,Perera,milagros33@example.net,+34878 22 97 53,VIP,Activo,11,Muerte,Programas largo destino señor militar base.,152.94,406,Disponible,1376.46,6806.21,2026-01,2026,1,Lorenza Perera
13,248,2025-09-16,635.43,133.44,5.94,Pendiente,13,26,8,234.97,248,Valentina,Garriga,franciscallobet@example.org,+34987252660,Premium,Inactivo,26,Sabe,Encima ciencia deja.,234.97,269,Disponible,1879.76,4103.78,2025-09,2025,9,Valentina Garriga
13,248,2025-09-16,635.43,133.44,5.94,Pendiente,13,47,2,229.59,248,Valentina,Garriga,franciscallobet@example.org,+34987252660,Premium,Inactivo,47,Les,Económica organización mil efectos.,229.59,450,Disponible,459.18,4103.78,2025-09,2025,9,Valentina Garriga
13,248,2025-09-16,635.43,133.44,5.94,Pendiente,13,190,1,31.8,248,Valentina,Garriga,franciscallobet@example.org,+34987252660,Premium,Inactivo,190,Artículo,Uno personas cine.,31.8,335,Agotado,31.8,4103.78,2025-09,2025,9,Valentina Garriga
13,248,2025-09-16,635.43,133.44,5.94,Pendiente,13,191,8,216.63,248,Valentina,Garriga,franciscallobet@example.org,+34987252660,Premium,Inactivo,191,Están,Radio creo paz trabajar allá entrar servicios derecha.,216.63,91,Disponible,1733.04,4103.78,2025-09,2025,9,Valentina Garriga
14,53,2025-06-13,801.93,168.41,84.52,Cancelada,14,127,5,320.69,53,Jenaro,Almansa,liliana34@example.net,+34983 104 132,Premium,Activo,127,Bastante,Actividad televisión pablo medios.,320.69,246,Disponible,1603.45,1603.45,2025-06,2025,6,Jenaro Almansa
15,210,2025-12-20,1339.23,281.24,39.24,Pagada,15,107,4,271.15,210,Plinio dario,Vega,Pvega@example.com,+34820 37 73 47,Premium,Activo,107,Proyecto,Sabía papel blanco encuentran régimen particular.,271.15,154,Agotado,1084.6,5553.23,2025-12,2025,12,Plinio dario Vega
15,210,2025-12-20,1339.23,281.24,39.24,Pagada,15,160,1,90.09,210,Plinio dario,Vega,Pvega@example.com,+34820 37 73 47,Premium,Activo,160,Sala,Largo puso situación noche operación calle.,90.09,148,Agotado,90.09,5553.23,2025-12,2025,12,Plinio dario Vega
15,210,2025-12-20,1339.23,281.24,39.24,Pagada,15,15,5,244.67,210,Plinio dario,Vega,Pvega@example.com,+34820 37 73 47,Premium,Activo,15,Existencia,Civil eran unos asociación consumo torno.,244.67,242,Agotado,1223.35,5553.23,2025-12,2025,12,Plinio dario Vega
15,210,2025-12-20,1339.23,281.24,39.24,Pagada,15,57,3,483.92,210,Plinio dario,Vega,Pvega@example.com,+34820 37 73 47,Premium,Activo,57,Diferentes,Marco común otras.,483.92,269,Agotado,1451.76,5553.23,2025-12,2025,12,Plinio dario Vega
15,210,2025-12-20,1339.23,281.24,39.24,Pagada,15,161,9,189.27,210,Plinio dario,Vega,Pvega@example.com,+34820 37 73 47,Premium,Activo,161,Cuales,Vía sola valores entrar capacidad chile últimos.,189.27,468,Agotado,1703.43,5553.23,2025-12,2025,12,Plinio dario Vega
16,265,2025-08-24,144.22,30.29,16.17,Cancelada,16,39,7,70.4,265,Tristán,Báez,melchor01@example.org,+34886217206,VIP,Activo,39,Aquella,Misma dio período millones.,70.4,19,Agotado,492.80000000000007,3535.34,2025-08,2025,8,Tristán Báez
16,265,2025-08-24,144.22,30.29,16.17,Cancelada,16,32,9,338.06,265,Tristán,Báez,melchor01@example.org,+34886217206,VIP,Activo,32,Tal,Baja vista conciencia afirmó desde precio público.,338.06,476,Disponible,3042.54,3535.34,2025-08,2025,8,Tristán Báez
17,209,2025-04-22,998.72,209.73,6.35,Pendiente,17,198,6,106.66,209,Lina,Escolano,mcriado@example.net,+34922236511,Premium,Inactivo,198,Cómo,Aunque larga empresa capital natural serán encontrar.,106.66,300,Agotado,639.96,3376.0,2025-04,2025,4,Lina Escolano
17,209,2025-04-22,998.72,209.73,6.35,Pendiente,17,22,2,359.18,209,Lina,Escolano,mcriado@example.net,+34922236511,Premium,Inactivo,22,Cuales,Fútbol especial luz especie sangre acerca.,359.18,37,Disponible,718.36,3376.0,2025-04,2025,4,Lina Escolano
17,209,2025-04-22,998.72,209.73,6.35,Pendiente,17,172,8,252.21,209,Lina,Escolano,mcriado@example.net,+34922236511,Premium,Inactivo,172,Cómo,Afirmó economía miedo buenos.,252.21,215,Agotado,2017.68,3376.0,2025-04,2025,4,Lina Escolano
18,246,2025-04-02,831.64,174.64,44.69,Pendiente,18,96,3,393.9,246,Ignacia,Ferrera,csanmiguel@example.net,+34828 13 44 44,Premium,Inactivo,96,Según,Diez mis ii le habían.,393.9,109,Agotado,1181.6999999999998,7321.73,2025-04,2025,4,Ignacia Ferrera
18,246,2025-04-02,831.64,174.64,44.69,Pendiente,18,49,5,314.87,246,Ignacia,Ferrera,csanmiguel@example.net,+34828 13 44 44,Premium,Inactivo,49,Alrededor,Julio precios viaje donde aún.,314.87,376,Disponible,1574.35,7321.73,2025-04,2025,4,Ignacia Ferrera
18,246,2025-04-02,831.64,174.64,44.69,Pendiente,18,186,4,297.18,246,Ignacia,Ferrera,csanmiguel@example.net,+34828 13 44 44,Premium,Inactivo,186,Ante,Obstante ni cuales santa piel ser.,297.18,176,Agotado,1188.72,7321.73,2025-04,2025,4,Ignacia Ferrera
18,246,2025-04-02,831.64,174.64,44.69,Pendiente,18,40,4,214.5,246,Ignacia,Ferrera,csanmiguel@example.net,+34828 13 44 44,Premium,Inactivo,40,Tan,Cultura no vista calidad cantidad posibilidad vio social.,214.5,472,Agotado,858.0,7321.73,2025-04,2025,4,Ignacia Ferrera
18,246,2025-04-02,831.64,174.64,44.69,Pendiente,18,49,8,314.87,246,Ignacia,Ferrera,csanmiguel@example.net,+34828 13 44 44,Premium,Inactivo,49,Alrededor,Julio precios viaje donde aún.,314.87,376,Disponible,2518.96,7321.73,2025-04,2025,4,Ignacia Ferrera
19,171,2025-05-18,814.38,171.02,10.92,Pendiente,19,62,6,81.23,171,Remedios,Matas,jovecristian@example.net,+34 842657239,VIP,Activo,62,Quien,Humana único el electoral equipo.,81.23,334,Disponible,487.38,2941.9300000000003,2025-05,2025,5,Remedios Matas
19,171,2025-05-18,814.38,171.02,10.92,Pendiente,19,128,5,490.91,171,Remedios,Matas,jovecristian@example.net,+34 842657239,VIP,Activo,128,Le,Mirada entonces pie.,490.91,305,Disponible,2454.55,2941.9300000000003,2025-05,2025,5,Remedios Matas
20,98,2025-05-31,106.53,22.37,65.34,Pagada,20,187,7,226.76,98,Áurea,Vigil,tsotelo@example.net,+34 926 788 458,Regular,Inactivo,187,Papel,Mientras existencia cabo presente segunda pone.,226.76,286,Disponible,1587.32,11468.8,2025-05,2025,5,Áurea Vigil
20,98,2025-05-31,106.53,22.37,65.34,Pagada,20,132,4,365.29,98,Áurea,Vigil,tsotelo@example.net,+34 926 788 458,Regular,Inactivo,132,Sala,Primera parte tomar las.,365.29,480,Disponible,1461.16,11468.8,2025-05,2025,5,Áurea Vigil
20,98,2025-05-31,106.53,22.37,65.34,Pagada,20,35,7,251.74,98,Áurea,Vigil,tsotelo@example.net,+34 926 788 458,Regular,Inactivo,35,Igual,Carta haciendo hermano muerto dejó hijo da sistemas.,251.74,135,Agotado,1762.18,11468.8,2025-05,2025,5,Áurea Vigil
20,98,2025-05-31,106.53,22.37,65.34,Pagada,20,165,10,346.73,98,Áurea,Vigil,tsotelo@example.net,+34 926 788 458,Regular,Inactivo,165,Estuvo,Número ella general conseguir mar poco mismos.,346.73,41,Agotado,3467.3,11468.8,2025-05,2025,5,Áurea Vigil
20,98,2025-05-31,106.53,22.37,65.34,Pagada,20,197,1,145.21,98,Áurea,Vigil,tsotelo@example.net,+34 926 788 458,Regular,Inactivo,197,Universidad,Han también cámara pasa.,145.21,50,Disponible,145.21,11468.8,2025-05,2025,5,Áurea Vigil
20,98,2025-05-31,106.53,22.37,65.34,Pagada,20,100,7,435.09,98,Áurea,Vigil,tsotelo@example.net,+34 926 788 458,Regular,Inactivo,100,Especial,Son sociales violencia.,435.09,159,Agotado,3045.6299999999997,11468.8,2025-05,2025,5,Áurea Vigil
21,286,2025-10-26,1236.73,259.71,37.92,Pendiente,21,19,10,19.03,286,Cecilio,Roldan,llloret@example.org,+34 981 209 202,Premium,Activo,19,Pasa,Director algunas particular difícil persona.,19.03,406,Disponible,190.3,482.24,2025-10,2025,10,Cecilio Roldan
21,286,2025-10-26,1236.73,259.71,37.92,Pendiente,21,59,3,12.15,286,Cecilio,Roldan,llloret@example.org,+34 981 209 202,Premium,Activo,59,Tarde,Quedó sé todavía flores.,12.15,111,Disponible,36.45,482.24,2025-10,2025,10,Cecilio Roldan
21,286,2025-10-26,1236.73,259.71,37.92,Pendiente,21,64,1,255.49,286,Cecilio,Roldan,llloret@example.org,+34 981 209 202,Premium,Activo,64,Consejo,Área lleva ejército vamos oro niños.,255.49,391,Agotado,255.49,482.24,2025-10,2025,10,Cecilio Roldan
22,156,2026-01-09,237.99,49.98,81.46,Cancelada,22,166,4,308.83,156,Angélica,Torrens,lgaliano@example.net,+34985 56 05 93,Regular,Inactivo,166,Deja,Favor negro siete gobierno construcción estuvo quiere éste.,308.83,67,Agotado,1235.32,6644.27,2026-01,2026,1,Angélica Torrens
22,156,2026-01-09,237.99,49.98,81.46,Cancelada,22,170,2,350.15,156,Angélica,Torrens,lgaliano@example.net,+34985 56 05 93,Regular,Inactivo,170,Antes,Posibilidad usted ese dice deja partido jamás.,350.15,182,Agotado,700.3,6644.27,2026-01,2026,1,Angélica Torrens
22,156,2026-01-09,237.99,49.98,81.46,Cancelada,22,123,6,40.58,156,Angélica,Torrens,lgaliano@example.net,+34985 56 05 93,Regular,Inactivo,123,Tipo,Fiscal especialmente mañana vuelve evitar.,40.58,457,Disponible,243.48,6644.27,2026-01,2026,1,Angélica Torrens
22,156,2026-01-09,237.99,49.98,81.46,Cancelada,22,46,9,496.13,156,Angélica,Torrens,lgaliano@example.net,+34985 56 05 93,Regular,Inactivo,46,Joven,Tarde sala experiencia igual noche actividades rey.,496.13,304,Disponible,4465.17,6644.27,2026-01,2026,1,Angélica Torrens
23,74,2025-04-10,898.48,188.68,57.4,Cancelada,23,132,8,365.29,74,Fabián,Estévez,ylillo@example.net,+34862 244 934,VIP,Inactivo,132,Sala,Primera parte tomar las.,365.29,480,Disponible,2922.32,10291.919999999998,2025-04,2025,4,Fabián Estévez
23,74,2025-04-10,898.48,188.68,57.4,Cancelada,23,43,5,233.73,74,Fabián,Estévez,ylillo@example.net,+34862 244 934,VIP,Inactivo,43,Horas,Título total abril vez.,233.73,404,Disponible,1168.6499999999999,10291.919999999998,2025-04,2025,4,Fabián Estévez
23,74,2025-04-10,898.48,188.68,57.4,Cancelada,23,81,4,140.1,74,Fabián,Estévez,ylillo@example.net,+34862 244 934,VIP,Inactivo,81,Joven,Centros españoles valor lleva bueno habrá.,140.1,414,Agotado,560.4,10291.919999999998,2025-04,2025,4,Fabián Estévez
23,74,2025-04-10,898.48,188.68,57.4,Cancelada,23,108,6,345.71,74,Fabián,Estévez,ylillo@example.net,+34862 244 934,VIP,Inactivo,108,Pedro,Veces santiago casos principales.,345.71,137,Disponible,2074.2599999999998,10291.919999999998,2025-04,2025,4,Fabián Estévez
23,74,2025-04-10,898.48,188.68,57.4,Cancelada,23,180,9,65.61,74,Fabián,Estévez,ylillo@example.net,+34862 244 934,VIP,Inactivo,180,Producto,Música socialista acuerdo hizo edad.,65.61,395,Agotado,590.49,10291.919999999998,2025-04,2025,4,Fabián Estévez
23,74,2025-04-10,898.48,188.68,57.4,Cancelada,23,88,10,297.58,74,Fabián,Estévez,ylillo@example.net,+34862 244 934,VIP,Inactivo,88,Ahora,Decir fútbol final tengo empresas.,297.58,211,Disponible,2975.7999999999997,10291.919999999998,2025-04,2025,4,Fabián Estévez
24,225,2025-04-13,1233.99,259.14,46.77,Pendiente,24,100,8,435.09,225,Bárbara,Jara,piasalmeron@example.org,+34 911 33 03 85,Regular,Inactivo,100,Especial,Son sociales violencia.,435.09,159,Agotado,3480.72,4929.37,2025-04,2025,4,Bárbara Jara
24,225,2025-04-13,1233.99,259.14,46.77,Pendiente,24,91,7,206.95,225,Bárbara,Jara,piasalmeron@example.org,+34 911 33 03 85,Regular,Inactivo,91,España,Industria estoy hora gonzález madre.,206.95,474,Disponible,1448.6499999999999,4929.37,2025-04,2025,4,Bárbara Jara
25,215,2025-07-19,531.35,111.58,33.05,Pagada,25,128,1,490.91,215,Julieta,Herranz,cristina92@example.org,+34 853759121,Premium,Inactivo,128,Le,Mirada entonces pie.,490.91,305,Disponible,490.91,10354.69,2025-07,2025,7,Julieta Herranz
25,215,2025-07-19,531.35,111.58,33.05,Pagada,25,113,2,386.97,215,Julieta,Herranz,cristina92@example.org,+34 853759121,Premium,Inactivo,113,Mundo,Explicó sé niño proyectos decir desde lo.,386.97,413,Agotado,773.94,10354.69,2025-07,2025,7,Julieta Herranz
25,215,2025-07-19,531.35,111.58,33.05,Pagada,25,76,10,379.02,215,Julieta,Herranz,cristina92@example.org,+34 853759121,Premium,Inactivo,76,Había,Suelo orden victoria precio.,379.02,239,Disponible,3790.2,10354.69,2025-07,2025,7,Julieta Herranz
25,215,2025-07-19,531.35,111.58,33.05,Pagada,25,170,4,350.15,215,Julieta,Herranz,cristina92@example.org,+34 853759121,Premium,Inactivo,170,Antes,Posibilidad usted ese dice deja partido jamás.,350.15,182,Agotado,1400.6,10354.69,2025-07,2025,7,Julieta Herranz
25,215,2025-07-19,531.35,111.58,33.05,Pagada,25,26,7,234.97,215,Julieta,Herranz,cristina92@example.org,+34 853759121,Premium,Inactivo,26,Sabe,Encima ciencia deja.,234.97,269,Disponible,1644.79,10354.69,2025-07,2025,7,Julieta Herranz
25,215,2025-07-19,531.35,111.58,33.05,Pagada,25,84,5,450.85,215,Julieta,Herranz,cristina92@example.org,+34 853759121,Premium,Inactivo,84,Llegar,Una consecuencia cosas español éste queda.,450.85,346,Agotado,2254.25,10354.69,2025-07,2025,7,Julieta Herranz
26,218,2025-04-29,123.31,25.9,74.56,Cancelada,26,88,4,297.58,218,Lara,Gimenez,canojoaquina@example.net,+34986 082 179,VIP,Inactivo,88,Ahora,Decir fútbol final tengo empresas.,297.58,211,Disponible,1190.32,6720.299999999999,2025-04,2025,4,Lara Gimenez
26,218,2025-04-29,123.31,25.9,74.56,Cancelada,26,177,2,205.45,218,Lara,Gimenez,canojoaquina@example.net,+34986 082 179,VIP,Inactivo,177,Fuerte,Lado tiempos durante ir dolor mis estilo encuentra.,205.45,58,Agotado,410.9,6720.299999999999,2025-04,2025,4,Lara Gimenez
26,218,2025-04-29,123.31,25.9,74.56,Cancelada,26,171,10,335.82,218,Lara,Gimenez,canojoaquina@example.net,+34986 082 179,VIP,Inactivo,171,Ésta,Unidos idea seguridad cabo.,335.82,291,Disponible,3358.2,6720.299999999999,2025-04,2025,4,Lara Gimenez
26,218,2025-04-29,123.31,25.9,74.56,Cancelada,26,86,9,80.5,218,Lara,Gimenez,canojoaquina@example.net,+34986 082 179,VIP,Inactivo,86,Nuestra,Habla relación unión familia trata medidas nuevo.,80.5,209,Agotado,724.5,6720.299999999999,2025-04,2025,4,Lara Gimenez
26,218,2025-04-29,123.31,25.9,74.56,Cancelada,26,94,3,345.46,218,Lara,Gimenez,canojoaquina@example.net,+34986 082 179,VIP,Inactivo,94,Quien,Cuales haya sólo habría.,345.46,243,Disponible,1036.3799999999999,6720.299999999999,2025-04,2025,4,Lara Gimenez
27,132,2025-12-18,1648.52,346.19,20.36,Cancelada,27,181,1,262.69,132,Felisa,Morera,ana-sofia27@example.com,+34 820 93 60 76,Premium,Activo,181,Mes,Barcelona capital razones pueden pasar tampoco.,262.69,115,Disponible,262.69,5578.48,2025-12,2025,12,Felisa Morera
27,132,2025-12-18,1648.52,346.19,20.36,Cancelada,27,158,8,95.58,132,Felisa,Morera,ana-sofia27@example.com,+34 820 93 60 76,Premium,Activo,158,Dan,Dentro aquel ministro anterior.,95.58,497,Disponible,764.64,5578.48,2025-12,2025,12,Felisa Morera
27,132,2025-12-18,1648.52,346.19,20.36,Cancelada,27,177,10,205.45,132,Felisa,Morera,ana-sofia27@example.com,+34 820 93 60 76,Premium,Activo,177,Fuerte,Lado tiempos durante ir dolor mis estilo encuentra.,205.45,58,Agotado,2054.5,5578.48,2025-12,2025,12,Felisa Morera
27,132,2025-12-18,1648.52,346.19,20.36,Cancelada,27,172,9,252.21,132,Felisa,Morera,ana-sofia27@example.com,+34 820 93 60 76,Premium,Activo,172,Cómo,Afirmó economía miedo buenos.,252.21,215,Agotado,2269.89,5578.48,2025-12,2025,12,Felisa Morera
27,132,2025-12-18,1648.52,346.19,20.36,Cancelada,27,187,1,226.76,132,Felisa,Morera,ana-sofia27@example.com,+34 820 93 60 76,Premium,Activo,187,Papel,Mientras existencia cabo presente segunda pone.,226.76,286,Disponible,226.76,5578.48,2025-12,2025,12,Felisa Morera
28,13,2025-06-30,1020.66,214.34,7.61,Pendiente,28,31,10,80.17,13,Renato,Sosa,hortensia54@example.net,+34957 443 967,VIP,Inactivo,31,México,Ellas humana dijo estados.,80.17,475,Disponible,801.7,3845.2299999999996,2025-06,2025,6,Renato Sosa
28,13,2025-06-30,1020.66,214.34,7.61,Pendiente,28,177,2,205.45,13,Renato,Sosa,hortensia54@example.net,+34957 443 967,VIP,Inactivo,177,Fuerte,Lado tiempos durante ir dolor mis estilo encuentra.,205.45,58,Agotado,410.9,3845.2299999999996,2025-06,2025,6,Renato Sosa
28,13,2025-06-30,1020.66,214.34,7.61,Pendiente,28,43,1,233.73,13,Renato,Sosa,hortensia54@example.net,+34957 443 967,VIP,Inactivo,43,Horas,Título total abril vez.,233.73,404,Disponible,233.73,3845.2299999999996,2025-06,2025,6,Renato Sosa
28,13,2025-06-30,1020.66,214.34,7.61,Pendiente,28,171,5,335.82,13,Renato,Sosa,hortensia54@example.net,+34957 443 967,VIP,Inactivo,171,Ésta,Unidos idea seguridad cabo.,335.82,291,Disponible,1679.1,3845.2299999999996,2025-06,2025,6,Renato Sosa
28,13,2025-06-30,1020.66,214.34,7.61,Pendiente,28,42,4,179.95,13,Renato,Sosa,hortensia54@example.net,+34957 443 967,VIP,Inactivo,42,N,Pasó quién jóvenes.,179.95,121,Disponible,719.8,3845.2299999999996,2025-06,2025,6,Renato Sosa
29,16,2025-02-19,1174.72,246.69,88.93,Cancelada,29,179,7,28.44,16,Vasco,Cruz medina,cr@example.com,+34 885677826,VIP,Activo,179,Términos,Solución todas queda.,28.44,73,Disponible,199.08,199.08,2025-02,2025,2,Vasco Cruz medina
30,281,2026-02-10,1983.27,416.49,49.74,Pagada,30,31,10,80.17,281,Gracia,López,alicia39@example.org,+34 886266804,Premium,Activo,31,México,Ellas humana dijo estados.,80.17,475,Disponible,801.7,2307.6000000000004,2026-02,2026,2,Gracia López
30,281,2026-02-10,1983.27,416.49,49.74,Pagada,30,168,5,301.18,281,Gracia,López,alicia39@example.org,+34 886266804,Premium,Activo,168,Encuentra,Cargo esos quien sectores voluntad.,301.18,211,Disponible,1505.9,2307.6000000000004,2026-02,2026,2,Gracia López
31,243,2025-08-26,174.95,36.74,19.7,Pendiente,31,187,10,226.76,243,Ignacia,Fuertes,trinidadiriarte@example.org,+34 826 528 121,Regular,Inactivo,187,Papel,Mientras existencia cabo presente segunda pone.,226.76,286,Disponible,2267.6,4718.78,2025-08,2025,8,Ignacia Fuertes
31,243,2025-08-26,174.95,36.74,19.7,Pendiente,31,172,2,252.21,243,Ignacia,Fuertes,trinidadiriarte@example.org,+34 826 528 121,Regular,Inactivo,172,Cómo,Afirmó economía miedo buenos.,252.21,215,Agotado,504.42,4718.78,2025-08,2025,8,Ignacia Fuertes
31,243,2025-08-26,174.95,36.74,19.7,Pendiente,31,7,6,324.46,243,Ignacia,Fuertes,trinidadiriarte@example.org,+34 826 528 121,Regular,Inactivo,7,Junio,Quienes interés torno estos norte momentos.,324.46,293,Disponible,1946.7599999999998,4718.78,2025-08,2025,8,Ignacia Fuertes
32,61,2025-05-17,379.87,79.77,2.31,Pagada,32,83,4,429.77,61,Reynaldo,Maestre,candido59@example.net,+34879 461 172,Regular,Inactivo,83,Teatro,Va encuentro presencia mismos.,429.77,498,Agotado,1719.08,3808.44,2025-05,2025,5,Reynaldo Maestre
32,61,2025-05-17,379.87,79.77,2.31,Pagada,32,66,7,298.48,61,Reynaldo,Maestre,candido59@example.net,+34879 461 172,Regular,Inactivo,66,Claro,Producción precisamente debía cabeza torno sala.,298.48,286,Disponible,2089.36,3808.44,2025-05,2025,5,Reynaldo Maestre
33,181,2025-08-21,1572.2,330.16,49.32,Pagada,33,95,10,437.97,181,Gaspar,Lobo,zcortina@example.com,+34 984695846,Premium,Inactivo,95,Fiscal,Ii centros objetivo es larga.,437.97,492,Disponible,4379.700000000001,4379.700000000001,2025-08,2025,8,Gaspar Lobo
34,252,2025-08-04,102.88,21.6,71.83,Cancelada,34,112,6,304.99,252,Manuela,Anglada,manuel39@example.org,+34 874881806,Regular,Activo,112,Dar,Relación alguna mis toma primera material.,304.99,240,Agotado,1829.94,5175.16,2025-08,2025,8,Manuela Anglada
34,252,2025-08-04,102.88,21.6,71.83,Cancelada,34,189,3,87.56,252,Manuela,Anglada,manuel39@example.org,+34 874881806,Regular,Activo,189,Frente,Alta millones mediante deseo respecto.,87.56,44,Agotado,262.68,5175.16,2025-08,2025,8,Manuela Anglada
34,252,2025-08-04,102.88,21.6,71.83,Cancelada,34,69,6,348.38,252,Manuela,Anglada,manuel39@example.org,+34 874881806,Regular,Activo,69,Hoy,Economía presenta gracias época.,348.38,171,Disponible,2090.2799999999997,5175.16,2025-08,2025,8,Manuela Anglada
34,252,2025-08-04,102.88,21.6,71.83,Cancelada,34,46,2,496.13,252,Manuela,Anglada,manuel39@example.org,+34 874881806,Regular,Activo,46,Joven,Tarde sala experiencia igual noche actividades rey.,496.13,304,Disponible,992.26,5175.16,2025-08,2025,8,Manuela Anglada
35,267,2025-06-01,367.96,77.27,68.03,Cancelada,35,103,7,374.6,267,Aitana,Manjón,carinaparejo@example.com,+34887027854,VIP,Activo,103,Tan,Muerto imposible estaba tenía.,374.6,470,Disponible,2622.2000000000003,6957.03,2025-06,2025,6,Aitana Manjón
35,267,2025-06-01,367.96,77.27,68.03,Cancelada,35,74,7,155.29,267,Aitana,Manjón,carinaparejo@example.com,+34887027854,VIP,Activo,74,Puerta,Precisamente voy vez república u militar.,155.29,404,Agotado,1087.03,6957.03,2025-06,2025,6,Aitana Manjón
35,267,2025-06-01,367.96,77.27,68.03,Cancelada,35,6,10,324.78,267,Aitana,Manjón,carinaparejo@example.com,+34887027854,VIP,Activo,6,Decía,General pacientes parís visto solución agua cualquier.,324.78,112,Disponible,3247.7999999999997,6957.03,2025-06,2025,6,Aitana Manjón
36,168,2025-09-28,1853.14,389.16,13.89,Pagada,36,140,7,177.84,168,Ale,Arnaiz,jeronimoruano@example.org,+34729633731,VIP,Inactivo,140,Ninguna,Compañía carne fondo centro área parecía importancia.,177.84,74,Disponible,1244.88,1244.88,2025-09,2025,9,Ale Arnaiz
37,212,2025-02-28,1430.73,300.45,90.6,Pagada,37,65,7,466.39,212,Maximiano,Ponce,monicasalvador@example.net,+34920 62 37 32,VIP,Inactivo,65,Opinión,Hechos anterior donde hechos hija.,466.39,48,Agotado,3264.73,5445.73,2025-02,2025,2,Maximiano Ponce
37,212,2025-02-28,1430.73,300.45,90.6,Pagada,37,152,4,199.29,212,Maximiano,Ponce,monicasalvador@example.net,+34920 62 37 32,VIP,Inactivo,152,República,Línea existe jóvenes podemos puede.,199.29,270,Agotado,797.16,5445.73,2025-02,2025,2,Maximiano Ponce
37,212,2025-02-28,1430.73,300.45,90.6,Pagada,37,73,4,345.96,212,Maximiano,Ponce,monicasalvador@example.net,+34920 62 37 32,VIP,Inactivo,73,Meses,Vida hacía carrera pudo unos.,345.96,315,Disponible,1383.84,5445.73,2025-02,2025,2,Maximiano Ponce
38,35,2025-07-31,344.4,72.32,34.62,Pendiente,38,132,7,365.29,35,Bibiana,Arrieta,bautistabolanos@example.com,+34824 12 13 71,Premium,Inactivo,132,Sala,Primera parte tomar las.,365.29,480,Disponible,2557.03,2881.8100000000004,2025-07,2025,7,Bibiana Arrieta
38,35,2025-07-31,344.4,72.32,34.62,Pendiente,38,6,1,324.78,35,Bibiana,Arrieta,bautistabolanos@example.com,+34824 12 13 71,Premium,Inactivo,6,Decía,General pacientes parís visto solución agua cualquier.,324.78,112,Disponible,324.78,2881.8100000000004,2025-07,2025,7,Bibiana Arrieta
39,200,2025-09-30,1334.74,280.3,86.32,Cancelada,39,199,4,389.01,200,Maximiliano,Solsona,idonaire@example.net,+34 911 65 67 16,Premium,Inactivo,199,Bastante,Lejos oposición oposición hubo contrario ninguna.,389.01,256,Disponible,1556.04,3261.7200000000003,2025-09,2025,9,Maximiliano Solsona
39,200,2025-09-30,1334.74,280.3,86.32,Cancelada,39,196,8,213.21,200,Maximiliano,Solsona,idonaire@example.net,+34 911 65 67 16,Premium,Inactivo,196,Texto,Interés llegado hombre esas propios.,213.21,499,Disponible,1705.68,3261.7200000000003,2025-09,2025,9,Maximiliano Solsona
40,60,2025-09-03,1773.31,372.4,92.74,Pendiente,40,183,5,458.7,60,Elvira,Diego,marita85@example.net,+34924 125 792,Premium,Inactivo,183,Especialmente,Mismo baja viaje mañana solamente respuesta les.,458.7,153,Agotado,2293.5,2293.5,2025-09,2025,9,Elvira Diego
41,188,2025-05-14,1920.54,403.31,57.26,Pagada,41,103,10,374.6,188,Miguel Ángel,Lago,veraarrieta@example.net,+34 883715460,VIP,Activo,103,Tan,Muerto imposible estaba tenía.,374.6,470,Disponible,3746.0,5036.0,2025-05,2025,5,Miguel Ángel Lago
41,188,2025-05-14,1920.54,403.31,57.26,Pagada,41,11,1,152.94,188,Miguel Ángel,Lago,veraarrieta@example.net,+34 883715460,VIP,Activo,11,Muerte,Programas largo destino señor militar base.,152.94,406,Disponible,152.94,5036.0,2025-05,2025,5,Miguel Ángel Lago
41,188,2025-05-14,1920.54,403.31,57.26,Pagada,41,76,3,379.02,188,Miguel Ángel,Lago,veraarrieta@example.net,+34 883715460,VIP,Activo,76,Había,Suelo orden victoria precio.,379.02,239,Disponible,1137.06,5036.0,2025-05,2025,5,Miguel Ángel Lago
42,230,2025-11-06,1356.74,284.92,5.23,Pagada,42,153,7,197.04,230,Amalia,Guardia,rcaballero@example.com,+34 981303729,Premium,Inactivo,153,Cuestión,Experiencia secretario nosotros fuerte estudio cuarto mayoría.,197.04,250,Agotado,1379.28,7267.28,2025-11,2025,11,Amalia Guardia
42,230,2025-11-06,1356.74,284.92,5.23,Pagada,42,156,3,375.7,230,Amalia,Guardia,rcaballero@example.com,+34 981303729,Premium,Inactivo,156,Julio,Sido semanas va formación.,375.7,283,Disponible,1127.1,7267.28,2025-11,2025,11,Amalia Guardia
42,230,2025-11-06,1356.74,284.92,5.23,Pagada,42,151,8,341.9,230,Amalia,Guardia,rcaballero@example.com,+34 981303729,Premium,Inactivo,151,Ejemplo,Cuestión profesional diversos.,341.9,237,Agotado,2735.2,7267.28,2025-11,2025,11,Amalia Guardia
42,230,2025-11-06,1356.74,284.92,5.23,Pagada,42,129,10,202.57,230,Amalia,Guardia,rcaballero@example.com,+34 981303729,Premium,Inactivo,129,Dentro,Tiempos popular valores formación larga quería.,202.57,297,Disponible,2025.6999999999998,7267.28,2025-11,2025,11,Amalia Guardia
43,99,2025-09-23,942.47,197.92,85.85,Pendiente,43,105,8,382.23,99,Elías,Paniagua,pablo52@example.com,+34 941 02 26 38,Regular,Activo,105,Blanco,Realizar generales explicó mirada fernando también televisión fecha.,382.23,435,Agotado,3057.84,3735.67,2025-09,2025,9,Elías Paniagua
43,99,2025-09-23,942.47,197.92,85.85,Pendiente,43,19,1,19.03,99,Elías,Paniagua,pablo52@example.com,+34 941 02 26 38,Regular,Activo,19,Pasa,Director algunas particular difícil persona.,19.03,406,Disponible,19.03,3735.67,2025-09,2025,9,Elías Paniagua
43,99,2025-09-23,942.47,197.92,85.85,Pendiente,43,71,5,67.09,99,Elías,Paniagua,pablo52@example.com,+34 941 02 26 38,Regular,Activo,71,Fuerte,Junio desarrollo muchas ya grandes pues puso.,67.09,299,Agotado,335.45000000000005,3735.67,2025-09,2025,9,Elías Paniagua
43,99,2025-09-23,942.47,197.92,85.85,Pendiente,43,2,1,323.35,99,Elías,Paniagua,pablo52@example.com,+34 941 02 26 38,Regular,Activo,2,Real,Con ambos cierto martín ni historia.,323.35,316,Disponible,323.35,3735.67,2025-09,2025,9,Elías Paniagua
44,117,2025-12-21,254.37,53.42,76.15,Pendiente,44,155,4,378.07,117,Guadalupe,Baena,rsimo@example.org,+34 979398618,Premium,Activo,155,Decía,Elementos un da crecimiento ese un aquellas españoles.,378.07,76,Disponible,1512.28,5154.46,2025-12,2025,12,Guadalupe Baena
44,117,2025-12-21,254.37,53.42,76.15,Pendiente,44,181,10,262.69,117,Guadalupe,Baena,rsimo@example.org,+34 979398618,Premium,Activo,181,Mes,Barcelona capital razones pueden pasar tampoco.,262.69,115,Disponible,2626.9,5154.46,2025-12,2025,12,Guadalupe Baena
44,117,2025-12-21,254.37,53.42,76.15,Pendiente,44,47,2,229.59,117,Guadalupe,Baena,rsimo@example.org,+34 979398618,Premium,Activo,47,Les,Económica organización mil efectos.,229.59,450,Disponible,459.18,5154.46,2025-12,2025,12,Guadalupe Baena
44,117,2025-12-21,254.37,53.42,76.15,Pendiente,44,144,2,278.05,117,Guadalupe,Baena,rsimo@example.org,+34 979398618,Premium,Activo,144,Quizá,Al texto fuego esa.,278.05,147,Agotado,556.1,5154.46,2025-12,2025,12,Guadalupe Baena
45,2,2025-07-29,1845.62,387.58,69.13,Pendiente,45,52,6,434.1,2,Baldomero,Frutos,eli88@example.net,+34922 311 045,Regular,Inactivo,52,Manera,Ser sola septiembre hizo apenas principios.,434.1,244,Disponible,2604.6000000000004,2604.6000000000004,2025-07,2025,7,Baldomero Frutos
46,265,2026-01-22,1172.22,246.17,74.48,Cancelada,46,28,5,263.12,265,Tristán,Báez,melchor01@example.org,+34886217206,VIP,Activo,28,Buscar,Rodríguez deseo mundo programa.,263.12,238,Disponible,1315.6,5358.29,2026-01,2026,1,Tristán Báez
46,265,2026-01-22,1172.22,246.17,74.48,Cancelada,46,64,9,255.49,265,Tristán,Báez,melchor01@example.org,+34886217206,VIP,Activo,64,Consejo,Área lleva ejército vamos oro niños.,255.49,391,Agotado,2299.41,5358.29,2026-01,2026,1,Tristán Báez
46,265,2026-01-22,1172.22,246.17,74.48,Cancelada,46,149,8,217.91,265,Tristán,Báez,melchor01@example.org,+34886217206,VIP,Activo,149,Viaje,Sectores cambios algunas análisis segundo.,217.91,45,Disponible,1743.28,5358.29,2026-01,2026,1,Tristán Báez
47,121,2026-02-07,1887.23,396.32,6.19,Pendiente,47,95,6,437.97,121,Victor Manuel,Roura,cortesmarcela@example.com,+34 945479263,Premium,Inactivo,95,Fiscal,Ii centros objetivo es larga.,437.97,492,Disponible,2627.82,3317.53,2026-02,2026,2,Victor Manuel Roura
47,121,2026-02-07,1887.23,396.32,6.19,Pendiente,47,111,3,186.39,121,Victor Manuel,Roura,cortesmarcela@example.com,+34 945479263,Premium,Inactivo,111,Informe,Momento al estamos b período revolución interés.,186.39,133,Agotado,559.17,3317.53,2026-02,2026,2,Victor Manuel Roura
47,121,2026-02-07,1887.23,396.32,6.19,Pendiente,47,101,2,65.27,121,Victor Manuel,Roura,cortesmarcela@example.com,+34 945479263,Premium,Inactivo,101,Siendo,Juego interés hoy internacional.,65.27,195,Disponible,130.54,3317.53,2026-02,2026,2,Victor Manuel Roura
48,55,2025-05-28,1221.81,256.58,51.3,Pagada,48,76,5,379.02,55,Pepe,Piñol,dimas95@example.com,+34 873240649,VIP,Inactivo,76,Había,Suelo orden victoria precio.,379.02,239,Disponible,1895.1,10848.69,2025-05,2025,5,Pepe Piñol
48,55,2025-05-28,1221.81,256.58,51.3,Pagada,48,171,8,335.82,55,Pepe,Piñol,dimas95@example.com,+34 873240649,VIP,Inactivo,171,Ésta,Unidos idea seguridad cabo.,335.82,291,Disponible,2686.56,10848.69,2025-05,2025,5,Pepe Piñol
48,55,2025-05-28,1221.81,256.58,51.3,Pagada,48,155,5,378.07,55,Pepe,Piñol,dimas95@example.com,+34 873240649,VIP,Inactivo,155,Decía,Elementos un da crecimiento ese un aquellas españoles.,378.07,76,Disponible,1890.35,10848.69,2025-05,2025,5,Pepe Piñol
48,55,2025-05-28,1221.81,256.58,51.3,Pagada,48,185,7,11.35,55,Pepe,Piñol,dimas95@example.com,+34 873240649,VIP,Inactivo,185,Plan,Importancia primeros vamos madre.,11.35,429,Agotado,79.45,10848.69,2025-05,2025,5,Pepe Piñol
48,55,2025-05-28,1221.81,256.58,51.3,Pagada,48,80,9,477.47,55,Pepe,Piñol,dimas95@example.com,+34 873240649,VIP,Inactivo,80,Tenemos,Izquierda pueblo meses años.,477.47,20,Agotado,4297.2300000000005,10848.69,2025-05,2025,5,Pepe Piñol
49,122,2025-08-18,1584.49,332.74,9.39,Pendiente,49,163,1,186.44,122,Julio César,Gabaldón,agataferrandiz@example.org,+34803 82 60 83,Regular,Inactivo,163,Blanca,Sangre precisamente donde manos.,186.44,27,Disponible,186.44,5457.54,2025-08,2025,8,Julio César Gabaldón
49,122,2025-08-18,1584.49,332.74,9.39,Pendiente,49,122,10,194.37,122,Julio César,Gabaldón,agataferrandiz@example.org,+34803 82 60 83,Regular,Inactivo,122,Zona,Plazo principios varias fueron otras.,194.37,98,Disponible,1943.7,5457.54,2025-08,2025,8,Julio César Gabaldón
49,122,2025-08-18,1584.49,332.74,9.39,Pendiente,49,8,3,404.75,122,Julio César,Gabaldón,agataferrandiz@example.org,+34803 82 60 83,Regular,Inactivo,8,Quién,Uno hora diversos salida junto para educación.,404.75,366,Agotado,1214.25,5457.54,2025-08,2025,8,Julio César Gabaldón
49,122,2025-08-18,1584.49,332.74,9.39,Pendiente,49,197,10,145.21,122,Julio César,Gabaldón,agataferrandiz@example.org,+34803 82 60 83,Regular,Inactivo,197,Universidad,Han también cámara pasa.,145.21,50,Disponible,1452.1000000000001,5457.54,2025-08,2025,8,Julio César Gabaldón
49,122,2025-08-18,1584.49,332.74,9.39,Pendiente,49,45,1,252.28,122,Julio César,Gabaldón,agataferrandiz@example.org,+34803 82 60 83,Regular,Inactivo,45,Haber,Cantidad ciento fuentes le tenemos socialista bueno.,252.28,323,Agotado,252.28,5457.54,2025-08,2025,8,Julio César Gabaldón
49,122,2025-08-18,1584.49,332.74,9.39,Pendiente,49,164,4,93.08,122,Julio César,Gabaldón,agataferrandiz@example.org,+34803 82 60 83,Regular,Inactivo,164,Animales,Vino siglo deseo difícil.,93.08,143,Agotado,372.32,5457.54,2025-08,2025,8,Julio César Gabaldón
49,122,2025-08-18,1584.49,332.74,9.39,Pendiente,49,59,3,12.15,122,Julio César,Gabaldón,agataferrandiz@example.org,+34803 82 60 83,Regular,Inactivo,59,Tarde,Quedó sé todavía flores.,12.15,111,Disponible,36.45,5457.54,2025-08,2025,8,Julio César Gabaldón
50,168,2025-09-12,1598.28,335.64,51.98,Pagada,50,24,8,194.75,168,Ale,Arnaiz,jeronimoruano@example.org,+34729633731,VIP,Inactivo,24,Podemos,Hicieron número y poco niños.,194.75,183,Agotado,1558.0,5974.860000000001,2025-09,2025,9,Ale Arnaiz
50,168,2025-09-12,1598.28,335.64,51.98,Pagada,50,118,8,401.29,168,Ale,Arnaiz,jeronimoruano@example.org,+34729633731,VIP,Inactivo,118,Primer,Fiscal hubiera siquiera último tenemos algunas.,401.29,68,Disponible,3210.32,5974.860000000001,2025-09,2025,9,Ale Arnaiz
50,168,2025-09-12,1598.28,335.64,51.98,Pagada,50,116,9,134.06,168,Ale,Arnaiz,jeronimoruano@example.org,+34729633731,VIP,Inactivo,116,Rodríguez,Tipo tres dónde distintos.,134.06,239,Agotado,1206.54,5974.860000000001,2025-09,2025,9,Ale Arnaiz
51,93,2026-01-06,165.79,34.82,71.93,Pagada,51,183,4,458.7,93,Edgardo,Dueñas,santanadalila@example.com,+34 822 284 627,Regular,Inactivo,183,Especialmente,Mismo baja viaje mañana solamente respuesta les.,458.7,153,Agotado,1834.8,2240.6,2026-01,2026,1,Edgardo Dueñas
51,93,2026-01-06,165.79,34.82,71.93,Pagada,51,123,10,40.58,93,Edgardo,Dueñas,santanadalila@example.com,+34 822 284 627,Regular,Inactivo,123,Tipo,Fiscal especialmente mañana vuelve evitar.,40.58,457,Disponible,405.79999999999995,2240.6,2026-01,2026,1,Edgardo Dueñas
52,136,2026-01-10,1106.48,232.36,8.88,Pendiente,52,73,10,345.96,136,Claudio,Bru,wvillalonga@example.org,+34813002476,VIP,Inactivo,73,Meses,Vida hacía carrera pudo unos.,345.96,315,Disponible,3459.6,3874.2,2026-01,2026,1,Claudio Bru
52,136,2026-01-10,1106.48,232.36,8.88,Pendiente,52,193,6,69.1,136,Claudio,Bru,wvillalonga@example.org,+34813002476,VIP,Inactivo,193,Alrededor,Países sur director aire manos te.,69.1,6,Agotado,414.59999999999997,3874.2,2026-01,2026,1,Claudio Bru
53,255,2025-02-20,540.85,113.58,13.94,Pagada,53,187,1,226.76,255,Ana Belén,Ugarte,eusebia55@example.com,+34944 895 004,Premium,Activo,187,Papel,Mientras existencia cabo presente segunda pone.,226.76,286,Disponible,226.76,3999.16,2025-02,2025,2,Ana Belén Ugarte
53,255,2025-02-20,540.85,113.58,13.94,Pagada,53,93,8,471.55,255,Ana Belén,Ugarte,eusebia55@example.com,+34944 895 004,Premium,Activo,93,Ciento,Estados alto vida tales joven acciones partes.,471.55,310,Disponible,3772.4,3999.16,2025-02,2025,2,Ana Belén Ugarte
54,255,2025-11-06,812.41,170.61,41.94,Pagada,54,86,4,80.5,255,Ana Belén,Ugarte,eusebia55@example.com,+34944 895 004,Premium,Activo,86,Nuestra,Habla relación unión familia trata medidas nuevo.,80.5,209,Agotado,322.0,7630.87,2025-11,2025,11,Ana Belén Ugarte
54,255,2025-11-06,812.41,170.61,41.94,Pagada,54,165,4,346.73,255,Ana Belén,Ugarte,eusebia55@example.com,+34944 895 004,Premium,Activo,165,Estuvo,Número ella general conseguir mar poco mismos.,346.73,41,Agotado,1386.92,7630.87,2025-11,2025,11,Ana Belén Ugarte
54,255,2025-11-06,812.41,170.61,41.94,Pagada,54,141,5,453.83,255,Ana Belén,Ugarte,eusebia55@example.com,+34944 895 004,Premium,Activo,141,Sectores,Máximo trabajar dado.,453.83,198,Disponible,2269.15,7630.87,2025-11,2025,11,Ana Belén Ugarte
54,255,2025-11-06,812.41,170.61,41.94,Pagada,54,194,8,21.71,255,Ana Belén,Ugarte,eusebia55@example.com,+34944 895 004,Premium,Activo,194,Pasar,Compañía objetivo torno aire millones lo corte.,21.71,70,Agotado,173.68,7630.87,2025-11,2025,11,Ana Belén Ugarte
54,255,2025-11-06,812.41,170.61,41.94,Pagada,54,119,8,44.79,255,Ana Belén,Ugarte,eusebia55@example.com,+34944 895 004,Premium,Activo,119,Pequeña,Línea mismos obras tenían muerte diversos servicio tú.,44.79,202,Agotado,358.32,7630.87,2025-11,2025,11,Ana Belén Ugarte
54,255,2025-11-06,812.41,170.61,41.94,Pagada,54,58,10,312.08,255,Ana Belén,Ugarte,eusebia55@example.com,+34944 895 004,Premium,Activo,58,Manos,Llamado cabeza datos cuando mirada carlos.,312.08,88,Agotado,3120.7999999999997,7630.87,2025-11,2025,11,Ana Belén Ugarte
55,264,2025-10-06,610.27,128.16,5.6,Pagada,55,195,3,173.64,264,Victoriano,Montero,cesarfabregat@example.net,+34 815 61 83 38,VIP,Inactivo,195,Español,Educación palabras millones jorge fuentes.,173.64,5,Disponible,520.92,3169.23,2025-10,2025,10,Victoriano Montero
55,264,2025-10-06,610.27,128.16,5.6,Pagada,55,148,8,83.0,264,Victoriano,Montero,cesarfabregat@example.net,+34 815 61 83 38,VIP,Inactivo,148,Sala,Europa libros jamás habla año fuerzas.,83.0,316,Agotado,664.0,3169.23,2025-10,2025,10,Victoriano Montero
55,264,2025-10-06,610.27,128.16,5.6,Pagada,55,175,7,161.91,264,Victoriano,Montero,cesarfabregat@example.net,+34 815 61 83 38,VIP,Inactivo,175,Semana,Sol carne j enfermedad partir puedo.,161.91,136,Agotado,1133.37,3169.23,2025-10,2025,10,Victoriano Montero
55,264,2025-10-06,610.27,128.16,5.6,Pagada,55,21,2,425.47,264,Victoriano,Montero,cesarfabregat@example.net,+34 815 61 83 38,VIP,Inactivo,21,Base,Se social favor sólo psoe.,425.47,332,Disponible,850.94,3169.23,2025-10,2025,10,Victoriano Montero
56,174,2025-08-24,1563.09,328.25,47.9,Pendiente,56,134,4,81.37,174,Cruz,Benavent,magdalenagarriga@example.com,+34972 393 541,Premium,Activo,134,Mismos,Aquella nos diferencia época arte.,81.37,345,Disponible,325.48,10201.83,2025-08,2025,8,Cruz Benavent
56,174,2025-08-24,1563.09,328.25,47.9,Pendiente,56,24,4,194.75,174,Cruz,Benavent,magdalenagarriga@example.com,+34972 393 541,Premium,Activo,24,Podemos,Hicieron número y poco niños.,194.75,183,Agotado,779.0,10201.83,2025-08,2025,8,Cruz Benavent
56,174,2025-08-24,1563.09,328.25,47.9,Pendiente,56,114,6,381.05,174,Cruz,Benavent,magdalenagarriga@example.com,+34972 393 541,Premium,Activo,114,Baja,Distintas nueva profesional.,381.05,394,Disponible,2286.3,10201.83,2025-08,2025,8,Cruz Benavent
56,174,2025-08-24,1563.09,328.25,47.9,Pendiente,56,23,7,493.23,174,Cruz,Benavent,magdalenagarriga@example.com,+34972 393 541,Premium,Activo,23,Así,Hombres poco y vuelta pequeño vuelta sociedad.,493.23,179,Disponible,3452.61,10201.83,2025-08,2025,8,Cruz Benavent
56,174,2025-08-24,1563.09,328.25,47.9,Pendiente,56,38,10,151.66,174,Cruz,Benavent,magdalenagarriga@example.com,+34972 393 541,Premium,Activo,38,Obras,Hombre lucha siquiera no defensa.,151.66,399,Agotado,1516.6,10201.83,2025-08,2025,8,Cruz Benavent
56,174,2025-08-24,1563.09,328.25,47.9,Pendiente,56,28,7,263.12,174,Cruz,Benavent,magdalenagarriga@example.com,+34972 393 541,Premium,Activo,28,Buscar,Rodríguez deseo mundo programa.,263.12,238,Disponible,1841.8400000000001,10201.83,2025-08,2025,8,Cruz Benavent
57,160,2025-11-20,1707.96,358.67,10.13,Pagada,57,54,10,369.62,160,Amando,Querol,lupe30@example.org,+34 820721538,Regular,Activo,54,Fecha,Mayor río eran peor podía comunicación.,369.62,346,Agotado,3696.2,4448.6,2025-11,2025,11,Amando Querol
57,160,2025-11-20,1707.96,358.67,10.13,Pagada,57,110,3,250.8,160,Amando,Querol,lupe30@example.org,+34 820721538,Regular,Activo,110,Información,Problema contra deseo seguir ii.,250.8,315,Agotado,752.4000000000001,4448.6,2025-11,2025,11,Amando Querol
58,261,2025-03-05,1076.31,226.03,88.18,Pendiente,58,107,8,271.15,261,José Antonio,Ojeda,arocabegona@example.net,+34 933 242 727,Premium,Inactivo,107,Proyecto,Sabía papel blanco encuentran régimen particular.,271.15,154,Agotado,2169.2,3976.04,2025-03,2025,3,José Antonio Ojeda
58,261,2025-03-05,1076.31,226.03,88.18,Pendiente,58,63,8,171.13,261,José Antonio,Ojeda,arocabegona@example.net,+34 933 242 727,Premium,Inactivo,63,Voz,Son programas social sobre metros recuerdo recursos.,171.13,424,Agotado,1369.04,3976.04,2025-03,2025,3,José Antonio Ojeda
58,261,2025-03-05,1076.31,226.03,88.18,Pendiente,58,189,5,87.56,261,José Antonio,Ojeda,arocabegona@example.net,+34 933 242 727,Premium,Inactivo,189,Frente,Alta millones mediante deseo respecto.,87.56,44,Agotado,437.8,3976.04,2025-03,2025,3,José Antonio Ojeda
59,189,2025-10-29,968.88,203.46,44.15,Cancelada,59,177,2,205.45,189,Encarnita,Cabañas,pradaluciana@example.org,+34828 35 58 05,VIP,Inactivo,177,Fuerte,Lado tiempos durante ir dolor mis estilo encuentra.,205.45,58,Agotado,410.9,9814.52,2025-10,2025,10,Encarnita Cabañas
59,189,2025-10-29,968.88,203.46,44.15,Cancelada,59,82,8,171.63,189,Encarnita,Cabañas,pradaluciana@example.org,+34828 35 58 05,VIP,Inactivo,82,Dado,Ejemplo función ojos cada.,171.63,291,Disponible,1373.04,9814.52,2025-10,2025,10,Encarnita Cabañas
59,189,2025-10-29,968.88,203.46,44.15,Cancelada,59,122,9,194.37,189,Encarnita,Cabañas,pradaluciana@example.org,+34828 35 58 05,VIP,Inactivo,122,Zona,Plazo principios varias fueron otras.,194.37,98,Disponible,1749.33,9814.52,2025-10,2025,10,Encarnita Cabañas
59,189,2025-10-29,968.88,203.46,44.15,Cancelada,59,50,6,393.01,189,Encarnita,Cabañas,pradaluciana@example.org,+34828 35 58 05,VIP,Inactivo,50,Actual,Demás tal calidad cuestión noviembre primero muerto.,393.01,37,Agotado,2358.06,9814.52,2025-10,2025,10,Encarnita Cabañas
59,189,2025-10-29,968.88,203.46,44.15,Cancelada,59,5,4,313.96,189,Encarnita,Cabañas,pradaluciana@example.org,+34828 35 58 05,VIP,Inactivo,5,Especial,Acción especie militar zona.,313.96,183,Agotado,1255.84,9814.52,2025-10,2025,10,Encarnita Cabañas
59,189,2025-10-29,968.88,203.46,44.15,Cancelada,59,114,7,381.05,189,Encarnita,Cabañas,pradaluciana@example.org,+34828 35 58 05,VIP,Inactivo,114,Baja,Distintas nueva profesional.,381.05,394,Disponible,2667.35,9814.52,2025-10,2025,10,Encarnita Cabañas
60,31,2025-09-26,167.61,35.2,57.5,Pendiente,60,82,10,171.63,31,Ramona,Simó,ntome@example.com,+34886862081,Premium,Activo,82,Dado,Ejemplo función ojos cada.,171.63,291,Disponible,1716.3,2936.27,2025-09,2025,9,Ramona Simó
60,31,2025-09-26,167.61,35.2,57.5,Pendiente,60,154,3,187.84,31,Ramona,Simó,ntome@example.com,+34886862081,Premium,Activo,154,Solamente,Negro siguientes cabeza allá.,187.84,173,Agotado,563.52,2936.27,2025-09,2025,9,Ramona Simó
60,31,2025-09-26,167.61,35.2,57.5,Pendiente,60,53,5,131.29,31,Ramona,Simó,ntome@example.com,+34886862081,Premium,Activo,53,Quizá,Recursos pesetas sí comisión pequeño ellos camino.,131.29,488,Agotado,656.4499999999999,2936.27,2025-09,2025,9,Ramona Simó
61,20,2025-12-09,1245.39,261.53,28.73,Cancelada,61,193,8,69.1,20,Heriberto,Perales,marinaadan@example.com,+34 821027920,VIP,Activo,193,Alrededor,Países sur director aire manos te.,69.1,6,Agotado,552.8,9497.15,2025-12,2025,12,Heriberto Perales
61,20,2025-12-09,1245.39,261.53,28.73,Cancelada,61,151,9,341.9,20,Heriberto,Perales,marinaadan@example.com,+34 821027920,VIP,Activo,151,Ejemplo,Cuestión profesional diversos.,341.9,237,Agotado,3077.1,9497.15,2025-12,2025,12,Heriberto Perales
61,20,2025-12-09,1245.39,261.53,28.73,Cancelada,61,34,5,16.85,20,Heriberto,Perales,marinaadan@example.com,+34 821027920,VIP,Activo,34,Guerra,Justicia pesetas luego partido hoy.,16.85,324,Agotado,84.25,9497.15,2025-12,2025,12,Heriberto Perales
61,20,2025-12-09,1245.39,261.53,28.73,Cancelada,61,68,7,384.66,20,Heriberto,Perales,marinaadan@example.com,+34 821027920,VIP,Activo,68,Particular,Quería diez realizar militar aire oposición parecía.,384.66,34,Disponible,2692.6200000000003,9497.15,2025-12,2025,12,Heriberto Perales
61,20,2025-12-09,1245.39,261.53,28.73,Cancelada,61,168,6,301.18,20,Heriberto,Perales,marinaadan@example.com,+34 821027920,VIP,Activo,168,Encuentra,Cargo esos quien sectores voluntad.,301.18,211,Disponible,1807.08,9497.15,2025-12,2025,12,Heriberto Perales
61,20,2025-12-09,1245.39,261.53,28.73,Cancelada,61,176,5,223.83,20,Heriberto,Perales,marinaadan@example.com,+34 821027920,VIP,Activo,176,Económico,Alto juez tiempo.,223.83,500,Disponible,1119.15,9497.15,2025-12,2025,12,Heriberto Perales
61,20,2025-12-09,1245.39,261.53,28.73,Cancelada,61,30,7,23.45,20,Heriberto,Perales,marinaadan@example.com,+34 821027920,VIP,Activo,30,Pueblo,Juicio actividad calle total diferentes.,23.45,430,Disponible,164.15,9497.15,2025-12,2025,12,Heriberto Perales
62,139,2025-11-06,1097.77,230.53,48.1,Pendiente,62,124,4,242.92,139,Fabián,Cerro,bayonale@example.org,+34800 857 278,VIP,Inactivo,124,Memoria,Mismos grupos nada parece.,242.92,376,Disponible,971.68,4819.64,2025-11,2025,11,Fabián Cerro
62,139,2025-11-06,1097.77,230.53,48.1,Pendiente,62,54,4,369.62,139,Fabián,Cerro,bayonale@example.org,+34800 857 278,VIP,Inactivo,54,Fecha,Mayor río eran peor podía comunicación.,369.62,346,Agotado,1478.48,4819.64,2025-11,2025,11,Fabián Cerro
62,139,2025-11-06,1097.77,230.53,48.1,Pendiente,62,10,1,48.89,139,Fabián,Cerro,bayonale@example.org,+34800 857 278,VIP,Inactivo,10,Paso,Deseo político ésta cosas comunidad sectores frente.,48.89,176,Agotado,48.89,4819.64,2025-11,2025,11,Fabián Cerro
62,139,2025-11-06,1097.77,230.53,48.1,Pendiente,62,130,9,52.11,139,Fabián,Cerro,bayonale@example.org,+34800 857 278,VIP,Inactivo,130,Nivel,Necesidad artículo c adelante.,52.11,7,Agotado,468.99,4819.64,2025-11,2025,11,Fabián Cerro
62,139,2025-11-06,1097.77,230.53,48.1,Pendiente,62,52,4,434.1,139,Fabián,Cerro,bayonale@example.org,+34800 857 278,VIP,Inactivo,52,Manera,Ser sola septiembre hizo apenas principios.,434.1,244,Disponible,1736.4,4819.64,2025-11,2025,11,Fabián Cerro
62,139,2025-11-06,1097.77,230.53,48.1,Pendiente,62,106,9,12.8,139,Fabián,Cerro,bayonale@example.org,+34800 857 278,VIP,Inactivo,106,Cosas,García ciento medios datos fuerzas derechos pone un.,12.8,281,Agotado,115.2,4819.64,2025-11,2025,11,Fabián Cerro
63,266,2025-06-10,1982.29,416.28,61.5,Pendiente,63,162,2,123.68,266,Plácido,Peláez,crespopastora@example.com,+34 985 973 074,VIP,Activo,162,Problemas,Solamente artículo bastante.,123.68,13,Disponible,247.36,1665.1599999999999,2025-06,2025,6,Plácido Peláez
63,266,2025-06-10,1982.29,416.28,61.5,Pendiente,63,60,5,163.91,266,Plácido,Peláez,crespopastora@example.com,+34 985 973 074,VIP,Activo,60,Resultado,Ciudad toma trabajadores resulta gonzález valores.,163.91,84,Agotado,819.55,1665.1599999999999,2025-06,2025,6,Plácido Peláez
63,266,2025-06-10,1982.29,416.28,61.5,Pendiente,63,30,7,23.45,266,Plácido,Peláez,crespopastora@example.com,+34 985 973 074,VIP,Activo,30,Pueblo,Juicio actividad calle total diferentes.,23.45,430,Disponible,164.15,1665.1599999999999,2025-06,2025,6,Plácido Peláez
63,266,2025-06-10,1982.29,416.28,61.5,Pendiente,63,52,1,434.1,266,Plácido,Peláez,crespopastora@example.com,+34 985 973 074,VIP,Activo,52,Manera,Ser sola septiembre hizo apenas principios.,434.1,244,Disponible,434.1,1665.1599999999999,2025-06,2025,6,Plácido Peláez
64,180,2025-09-17,382.88,80.4,24.41,Pagada,64,67,7,428.87,180,Nereida,Pol,edelmira85@example.net,+34978 52 88 10,Premium,Activo,67,Derecha,Dicho ejemplo una gonzález.,428.87,221,Disponible,3002.09,14375.09,2025-09,2025,9,Nereida Pol
64,180,2025-09-17,382.88,80.4,24.41,Pagada,64,68,6,384.66,180,Nereida,Pol,edelmira85@example.net,+34978 52 88 10,Premium,Activo,68,Particular,Quería diez realizar militar aire oposición parecía.,384.66,34,Disponible,2307.96,14375.09,2025-09,2025,9,Nereida Pol
64,180,2025-09-17,382.88,80.4,24.41,Pagada,64,15,3,244.67,180,Nereida,Pol,edelmira85@example.net,+34978 52 88 10,Premium,Activo,15,Existencia,Civil eran unos asociación consumo torno.,244.67,242,Agotado,734.01,14375.09,2025-09,2025,9,Nereida Pol
64,180,2025-09-17,382.88,80.4,24.41,Pagada,64,100,1,435.09,180,Nereida,Pol,edelmira85@example.net,+34978 52 88 10,Premium,Activo,100,Especial,Son sociales violencia.,435.09,159,Agotado,435.09,14375.09,2025-09,2025,9,Nereida Pol
64,180,2025-09-17,382.88,80.4,24.41,Pagada,64,84,10,450.85,180,Nereida,Pol,edelmira85@example.net,+34978 52 88 10,Premium,Activo,84,Llegar,Una consecuencia cosas español éste queda.,450.85,346,Agotado,4508.5,14375.09,2025-09,2025,9,Nereida Pol
64,180,2025-09-17,382.88,80.4,24.41,Pagada,64,57,7,483.92,180,Nereida,Pol,edelmira85@example.net,+34978 52 88 10,Premium,Activo,57,Diferentes,Marco común otras.,483.92,269,Agotado,3387.44,14375.09,2025-09,2025,9,Nereida Pol
65,117,2025-06-25,215.6,45.28,52.53,Pagada,65,133,1,101.02,117,Guadalupe,Baena,rsimo@example.org,+34 979398618,Premium,Activo,133,Unidad,Más marcha libre única persona antonio evitar propios.,101.02,182,Agotado,101.02,4659.27,2025-06,2025,6,Guadalupe Baena
65,117,2025-06-25,215.6,45.28,52.53,Pagada,65,164,2,93.08,117,Guadalupe,Baena,rsimo@example.org,+34 979398618,Premium,Activo,164,Animales,Vino siglo deseo difícil.,93.08,143,Agotado,186.16,4659.27,2025-06,2025,6,Guadalupe Baena
65,117,2025-06-25,215.6,45.28,52.53,Pagada,65,134,9,81.37,117,Guadalupe,Baena,rsimo@example.org,+34 979398618,Premium,Activo,134,Mismos,Aquella nos diferencia época arte.,81.37,345,Disponible,732.33,4659.27,2025-06,2025,6,Guadalupe Baena
65,117,2025-06-25,215.6,45.28,52.53,Pagada,65,45,7,252.28,117,Guadalupe,Baena,rsimo@example.org,+34 979398618,Premium,Activo,45,Haber,Cantidad ciento fuentes le tenemos socialista bueno.,252.28,323,Agotado,1765.96,4659.27,2025-06,2025,6,Guadalupe Baena
65,117,2025-06-25,215.6,45.28,52.53,Pagada,65,90,4,468.45,117,Guadalupe,Baena,rsimo@example.org,+34 979398618,Premium,Activo,90,Apenas,Final cierto tema pensar suerte cual expresión.,468.45,256,Agotado,1873.8,4659.27,2025-06,2025,6,Guadalupe Baena
66,9,2025-06-03,82.98,17.43,25.89,Cancelada,66,46,10,496.13,9,Rosenda,Nevado,montserratbravo@example.com,+34932 405 725,Regular,Inactivo,46,Joven,Tarde sala experiencia igual noche actividades rey.,496.13,304,Disponible,4961.3,14450.45,2025-06,2025,6,Rosenda Nevado
66,9,2025-06-03,82.98,17.43,25.89,Cancelada,66,107,10,271.15,9,Rosenda,Nevado,montserratbravo@example.com,+34932 405 725,Regular,Inactivo,107,Proyecto,Sabía papel blanco encuentran régimen particular.,271.15,154,Agotado,2711.5,14450.45,2025-06,2025,6,Rosenda Nevado
66,9,2025-06-03,82.98,17.43,25.89,Cancelada,66,141,5,453.83,9,Rosenda,Nevado,montserratbravo@example.com,+34932 405 725,Regular,Inactivo,141,Sectores,Máximo trabajar dado.,453.83,198,Disponible,2269.15,14450.45,2025-06,2025,6,Rosenda Nevado
66,9,2025-06-03,82.98,17.43,25.89,Cancelada,66,84,10,450.85,9,Rosenda,Nevado,montserratbravo@example.com,+34932 405 725,Regular,Inactivo,84,Llegar,Una consecuencia cosas español éste queda.,450.85,346,Agotado,4508.5,14450.45,2025-06,2025,6,Rosenda Nevado
67,271,2025-05-07,566.25,118.91,68.79,Pendiente,67,14,5,189.89,271,María,Cabeza,victorianoreig@example.com,+34973 51 70 13,Regular,Activo,14,Asociación,Futuro mano ellos hubiera llega campaña máximo.,189.89,409,Agotado,949.4499999999999,6223.2,2025-05,2025,5,María Cabeza
67,271,2025-05-07,566.25,118.91,68.79,Pendiente,67,49,9,314.87,271,María,Cabeza,victorianoreig@example.com,+34973 51 70 13,Regular,Activo,49,Alrededor,Julio precios viaje donde aún.,314.87,376,Disponible,2833.83,6223.2,2025-05,2025,5,María Cabeza
67,271,2025-05-07,566.25,118.91,68.79,Pendiente,67,112,8,304.99,271,María,Cabeza,victorianoreig@example.com,+34973 51 70 13,Regular,Activo,112,Dar,Relación alguna mis toma primera material.,304.99,240,Agotado,2439.92,6223.2,2025-05,2025,5,María Cabeza
68,70,2025-10-05,246.26,51.71,49.65,Pagada,68,195,8,173.64,70,Domingo,Matas,gomezpascuala@example.org,+34981113412,Regular,Activo,195,Español,Educación palabras millones jorge fuentes.,173.64,5,Disponible,1389.12,1389.12,2025-10,2025,10,Domingo Matas
69,241,2026-02-02,1942.0,407.82,82.05,Cancelada,69,142,10,346.92,241,Candelario,Lobato,encarnacionlobo@example.org,+34 845 244 009,Premium,Activo,142,Anterior,Sabe bastante niveles distintos oro plan.,346.92,283,Agotado,3469.2000000000003,3597.2000000000003,2026-02,2026,2,Candelario Lobato
69,241,2026-02-02,1942.0,407.82,82.05,Cancelada,69,106,10,12.8,241,Candelario,Lobato,encarnacionlobo@example.org,+34 845 244 009,Premium,Activo,106,Cosas,García ciento medios datos fuerzas derechos pone un.,12.8,281,Agotado,128.0,3597.2000000000003,2026-02,2026,2,Candelario Lobato
70,159,2025-07-16,1707.85,358.65,69.17,Pagada,70,123,9,40.58,159,Ibán,Pla,asdrubalgelabert@example.net,+34987577236,Premium,Inactivo,123,Tipo,Fiscal especialmente mañana vuelve evitar.,40.58,457,Disponible,365.21999999999997,5110.8,2025-07,2025,7,Ibán Pla
70,159,2025-07-16,1707.85,358.65,69.17,Pagada,70,184,5,251.53,159,Ibán,Pla,asdrubalgelabert@example.net,+34987577236,Premium,Inactivo,184,Sea,Vino época flores otras anterior ver.,251.53,255,Disponible,1257.65,5110.8,2025-07,2025,7,Ibán Pla
70,159,2025-07-16,1707.85,358.65,69.17,Pagada,70,178,6,154.28,159,Ibán,Pla,asdrubalgelabert@example.net,+34987577236,Premium,Inactivo,178,Reforma,Ex aire profesional deseo.,154.28,415,Disponible,925.6800000000001,5110.8,2025-07,2025,7,Ibán Pla
70,159,2025-07-16,1707.85,358.65,69.17,Pagada,70,188,1,158.33,159,Ibán,Pla,asdrubalgelabert@example.net,+34987577236,Premium,Inactivo,188,Finalmente,Están razones datos solución ni dios.,158.33,178,Disponible,158.33,5110.8,2025-07,2025,7,Ibán Pla
70,159,2025-07-16,1707.85,358.65,69.17,Pagada,70,98,2,428.02,159,Ibán,Pla,asdrubalgelabert@example.net,+34987577236,Premium,Inactivo,98,Además,Cargo atención grupos voluntad momento muchos.,428.02,320,Disponible,856.04,5110.8,2025-07,2025,7,Ibán Pla
70,159,2025-07-16,1707.85,358.65,69.17,Pagada,70,113,4,386.97,159,Ibán,Pla,asdrubalgelabert@example.net,+34987577236,Premium,Inactivo,113,Mundo,Explicó sé niño proyectos decir desde lo.,386.97,413,Agotado,1547.88,5110.8,2025-07,2025,7,Ibán Pla
71,110,2025-09-12,1224.96,257.24,18.2,Cancelada,71,145,2,443.0,110,Blas,Menendez,yessicacastello@example.net,+34980 500 319,VIP,Inactivo,145,Allí,Gran ahí palabra.,443.0,127,Disponible,886.0,5249.14,2025-09,2025,9,Blas Menendez
71,110,2025-09-12,1224.96,257.24,18.2,Cancelada,71,118,10,401.29,110,Blas,Menendez,yessicacastello@example.net,+34980 500 319,VIP,Inactivo,118,Primer,Fiscal hubiera siquiera último tenemos algunas.,401.29,68,Disponible,4012.9,5249.14,2025-09,2025,9,Blas Menendez
71,110,2025-09-12,1224.96,257.24,18.2,Cancelada,71,189,4,87.56,110,Blas,Menendez,yessicacastello@example.net,+34980 500 319,VIP,Inactivo,189,Frente,Alta millones mediante deseo respecto.,87.56,44,Agotado,350.24,5249.14,2025-09,2025,9,Blas Menendez
72,54,2025-04-04,1689.63,354.82,61.19,Cancelada,72,172,8,252.21,54,Nazario,Gonzalo,albert43@example.net,+34 946638560,Premium,Activo,172,Cómo,Afirmó economía miedo buenos.,252.21,215,Agotado,2017.68,8430.24,2025-04,2025,4,Nazario Gonzalo
72,54,2025-04-04,1689.63,354.82,61.19,Cancelada,72,95,8,437.97,54,Nazario,Gonzalo,albert43@example.net,+34 946638560,Premium,Activo,95,Fiscal,Ii centros objetivo es larga.,437.97,492,Disponible,3503.76,8430.24,2025-04,2025,4,Nazario Gonzalo
72,54,2025-04-04,1689.63,354.82,61.19,Cancelada,72,116,10,134.06,54,Nazario,Gonzalo,albert43@example.net,+34 946638560,Premium,Activo,116,Rodríguez,Tipo tres dónde distintos.,134.06,239,Agotado,1340.6,8430.24,2025-04,2025,4,Nazario Gonzalo
72,54,2025-04-04,1689.63,354.82,61.19,Cancelada,72,39,9,70.4,54,Nazario,Gonzalo,albert43@example.net,+34 946638560,Premium,Activo,39,Aquella,Misma dio período millones.,70.4,19,Agotado,633.6,8430.24,2025-04,2025,4,Nazario Gonzalo
72,54,2025-04-04,1689.63,354.82,61.19,Cancelada,72,48,4,5.78,54,Nazario,Gonzalo,albert43@example.net,+34 946638560,Premium,Activo,48,Últimos,Atrás hombre vez g debe carrera.,5.78,123,Agotado,23.12,8430.24,2025-04,2025,4,Nazario Gonzalo
72,54,2025-04-04,1689.63,354.82,61.19,Cancelada,72,134,10,81.37,54,Nazario,Gonzalo,albert43@example.net,+34 946638560,Premium,Activo,134,Mismos,Aquella nos diferencia época arte.,81.37,345,Disponible,813.7,8430.24,2025-04,2025,4,Nazario Gonzalo
72,54,2025-04-04,1689.63,354.82,61.19,Cancelada,72,10,2,48.89,54,Nazario,Gonzalo,albert43@example.net,+34 946638560,Premium,Activo,10,Paso,Deseo político ésta cosas comunidad sectores frente.,48.89,176,Agotado,97.78,8430.24,2025-04,2025,4,Nazario Gonzalo
73,29,2025-03-16,138.07,28.99,88.87,Pagada,73,63,3,171.13,29,Pepe,Hernández,zapatasamuel@example.net,+34928287695,VIP,Activo,63,Voz,Son programas social sobre metros recuerdo recursos.,171.13,424,Agotado,513.39,1677.6100000000001,2025-03,2025,3,Pepe Hernández
73,29,2025-03-16,138.07,28.99,88.87,Pagada,73,133,6,101.02,29,Pepe,Hernández,zapatasamuel@example.net,+34928287695,VIP,Activo,133,Unidad,Más marcha libre única persona antonio evitar propios.,101.02,182,Agotado,606.12,1677.6100000000001,2025-03,2025,3,Pepe Hernández
73,29,2025-03-16,138.07,28.99,88.87,Pagada,73,44,2,279.05,29,Pepe,Hernández,zapatasamuel@example.net,+34928287695,VIP,Activo,44,Segundo,Puntos última existen importancia tierra.,279.05,150,Disponible,558.1,1677.6100000000001,2025-03,2025,3,Pepe Hernández
74,233,2025-12-29,892.11,187.34,79.13,Cancelada,74,124,4,242.92,233,José Ángel,Cabezas,riosgodofredo@example.net,+34 977148542,Premium,Inactivo,124,Memoria,Mismos grupos nada parece.,242.92,376,Disponible,971.68,2049.22,2025-12,2025,12,José Ángel Cabezas
74,233,2025-12-29,892.11,187.34,79.13,Cancelada,74,22,3,359.18,233,José Ángel,Cabezas,riosgodofredo@example.net,+34 977148542,Premium,Inactivo,22,Cuales,Fútbol especial luz especie sangre acerca.,359.18,37,Disponible,1077.54,2049.22,2025-12,2025,12,José Ángel Cabezas
75,137,2025-09-24,132.96,27.92,86.94,Pendiente,75,6,9,324.78,137,Pepita,Cárdenas,poncio09@example.com,+34 735 734 374,Premium,Activo,6,Decía,General pacientes parís visto solución agua cualquier.,324.78,112,Disponible,2923.0199999999995,5068.0199999999995,2025-09,2025,9,Pepita Cárdenas
75,137,2025-09-24,132.96,27.92,86.94,Pendiente,75,40,10,214.5,137,Pepita,Cárdenas,poncio09@example.com,+34 735 734 374,Premium,Activo,40,Tan,Cultura no vista calidad cantidad posibilidad vio social.,214.5,472,Agotado,2145.0,5068.0199999999995,2025-09,2025,9,Pepita Cárdenas
76,79,2025-02-20,99.97,20.99,1.87,Pagada,76,27,1,477.57,79,Aura,Calleja,rfigueroa@example.org,+34 877 42 41 59,VIP,Inactivo,27,Decía,Aún actitud deja julio dónde.,477.57,317,Agotado,477.57,3422.5400000000004,2025-02,2025,2,Aura Calleja
76,79,2025-02-20,99.97,20.99,1.87,Pagada,76,165,8,346.73,79,Aura,Calleja,rfigueroa@example.org,+34 877 42 41 59,VIP,Inactivo,165,Estuvo,Número ella general conseguir mar poco mismos.,346.73,41,Agotado,2773.84,3422.5400000000004,2025-02,2025,2,Aura Calleja
76,79,2025-02-20,99.97,20.99,1.87,Pagada,76,63,1,171.13,79,Aura,Calleja,rfigueroa@example.org,+34 877 42 41 59,VIP,Inactivo,63,Voz,Son programas social sobre metros recuerdo recursos.,171.13,424,Agotado,171.13,3422.5400000000004,2025-02,2025,2,Aura Calleja
77,277,2025-08-31,555.6,116.68,0.72,Pagada,77,24,10,194.75,277,Valentín,Clemente,adrianescolano@example.com,+34 944603948,Regular,Activo,24,Podemos,Hicieron número y poco niños.,194.75,183,Agotado,1947.5,7865.46,2025-08,2025,8,Valentín Clemente
77,277,2025-08-31,555.6,116.68,0.72,Pagada,77,173,10,365.23,277,Valentín,Clemente,adrianescolano@example.com,+34 944603948,Regular,Activo,173,M,Ayer espera reforma hospital.,365.23,61,Agotado,3652.3,7865.46,2025-08,2025,8,Valentín Clemente
77,277,2025-08-31,555.6,116.68,0.72,Pagada,77,35,9,251.74,277,Valentín,Clemente,adrianescolano@example.com,+34 944603948,Regular,Activo,35,Igual,Carta haciendo hermano muerto dejó hijo da sistemas.,251.74,135,Agotado,2265.66,7865.46,2025-08,2025,8,Valentín Clemente
78,218,2025-10-15,1351.69,283.85,75.95,Pagada,78,187,6,226.76,218,Lara,Gimenez,canojoaquina@example.net,+34986 082 179,VIP,Inactivo,187,Papel,Mientras existencia cabo presente segunda pone.,226.76,286,Disponible,1360.56,6630.42,2025-10,2025,10,Lara Gimenez
78,218,2025-10-15,1351.69,283.85,75.95,Pagada,78,157,9,65.04,218,Lara,Gimenez,canojoaquina@example.net,+34986 082 179,VIP,Inactivo,157,España,Si s grande años presencia serán servicios poco.,65.04,72,Agotado,585.36,6630.42,2025-10,2025,10,Lara Gimenez
78,218,2025-10-15,1351.69,283.85,75.95,Pagada,78,90,10,468.45,218,Lara,Gimenez,canojoaquina@example.net,+34986 082 179,VIP,Inactivo,90,Apenas,Final cierto tema pensar suerte cual expresión.,468.45,256,Agotado,4684.5,6630.42,2025-10,2025,10,Lara Gimenez
79,181,2026-01-04,1924.08,404.06,85.81,Pagada,79,22,1,359.18,181,Gaspar,Lobo,zcortina@example.com,+34 984695846,Premium,Inactivo,22,Cuales,Fútbol especial luz especie sangre acerca.,359.18,37,Disponible,359.18,4257.14,2026-01,2026,1,Gaspar Lobo
79,181,2026-01-04,1924.08,404.06,85.81,Pagada,79,57,4,483.92,181,Gaspar,Lobo,zcortina@example.com,+34 984695846,Premium,Inactivo,57,Diferentes,Marco común otras.,483.92,269,Agotado,1935.68,4257.14,2026-01,2026,1,Gaspar Lobo
79,181,2026-01-04,1924.08,404.06,85.81,Pagada,79,10,10,48.89,181,Gaspar,Lobo,zcortina@example.com,+34 984695846,Premium,Inactivo,10,Paso,Deseo político ésta cosas comunidad sectores frente.,48.89,176,Agotado,488.9,4257.14,2026-01,2026,1,Gaspar Lobo
79,181,2026-01-04,1924.08,404.06,85.81,Pagada,79,117,3,384.23,181,Gaspar,Lobo,zcortina@example.com,+34 984695846,Premium,Inactivo,117,Aquellas,Sólo destino mujeres chile.,384.23,287,Disponible,1152.69,4257.14,2026-01,2026,1,Gaspar Lobo
79,181,2026-01-04,1924.08,404.06,85.81,Pagada,79,127,1,320.69,181,Gaspar,Lobo,zcortina@example.com,+34 984695846,Premium,Inactivo,127,Bastante,Actividad televisión pablo medios.,320.69,246,Disponible,320.69,4257.14,2026-01,2026,1,Gaspar Lobo
80,291,2025-11-24,1077.72,226.32,34.76,Pendiente,80,159,6,88.25,291,Luís,Saura,fortunato03@example.com,+34 841 63 70 33,VIP,Activo,159,Salida,Tales armas cualquier personas mirada humanos programa deja.,88.25,102,Agotado,529.5,8080.96,2025-11,2025,11,Luís Saura
80,291,2025-11-24,1077.72,226.32,34.76,Pendiente,80,29,9,262.11,291,Luís,Saura,fortunato03@example.com,+34 841 63 70 33,VIP,Activo,29,Norte,México equipo grupo unas defensa exterior agua esfuerzo.,262.11,267,Agotado,2358.9900000000002,8080.96,2025-11,2025,11,Luís Saura
80,291,2025-11-24,1077.72,226.32,34.76,Pendiente,80,41,5,265.55,291,Luís,Saura,fortunato03@example.com,+34 841 63 70 33,VIP,Activo,41,Sido,Decir incluso campo han otras pueden.,265.55,86,Disponible,1327.75,8080.96,2025-11,2025,11,Luís Saura
80,291,2025-11-24,1077.72,226.32,34.76,Pendiente,80,129,2,202.57,291,Luís,Saura,fortunato03@example.com,+34 841 63 70 33,VIP,Activo,129,Dentro,Tiempos popular valores formación larga quería.,202.57,297,Disponible,405.14,8080.96,2025-11,2025,11,Luís Saura
80,291,2025-11-24,1077.72,226.32,34.76,Pendiente,80,123,1,40.58,291,Luís,Saura,fortunato03@example.com,+34 841 63 70 33,VIP,Activo,123,Tipo,Fiscal especialmente mañana vuelve evitar.,40.58,457,Disponible,40.58,8080.96,2025-11,2025,11,Luís Saura
80,291,2025-11-24,1077.72,226.32,34.76,Pendiente,80,151,10,341.9,291,Luís,Saura,fortunato03@example.com,+34 841 63 70 33,VIP,Activo,151,Ejemplo,Cuestión profesional diversos.,341.9,237,Agotado,3419.0,8080.96,2025-11,2025,11,Luís Saura
81,5,2025-11-08,480.66,100.94,54.9,Pagada,81,184,4,251.53,5,Juan José,Jaume,jose-ignacioneira@example.org,+34825467391,Regular,Inactivo,184,Sea,Vino época flores otras anterior ver.,251.53,255,Disponible,1006.12,4002.2599999999998,2025-11,2025,11,Juan José Jaume
81,5,2025-11-08,480.66,100.94,54.9,Pagada,81,98,7,428.02,5,Juan José,Jaume,jose-ignacioneira@example.org,+34825467391,Regular,Inactivo,98,Además,Cargo atención grupos voluntad momento muchos.,428.02,320,Disponible,2996.14,4002.2599999999998,2025-11,2025,11,Juan José Jaume
82,264,2025-11-14,1844.26,387.29,47.93,Cancelada,82,186,3,297.18,264,Victoriano,Montero,cesarfabregat@example.net,+34 815 61 83 38,VIP,Inactivo,186,Ante,Obstante ni cuales santa piel ser.,297.18,176,Agotado,891.54,5501.65,2025-11,2025,11,Victoriano Montero
82,264,2025-11-14,1844.26,387.29,47.93,Cancelada,82,102,10,396.64,264,Victoriano,Montero,cesarfabregat@example.net,+34 815 61 83 38,VIP,Inactivo,102,Debía,Esas vivir metros máximo.,396.64,64,Disponible,3966.3999999999996,5501.65,2025-11,2025,11,Victoriano Montero
82,264,2025-11-14,1844.26,387.29,47.93,Cancelada,82,101,3,65.27,264,Victoriano,Montero,cesarfabregat@example.net,+34 815 61 83 38,VIP,Inactivo,101,Siendo,Juego interés hoy internacional.,65.27,195,Disponible,195.81,5501.65,2025-11,2025,11,Victoriano Montero
82,264,2025-11-14,1844.26,387.29,47.93,Cancelada,82,119,10,44.79,264,Victoriano,Montero,cesarfabregat@example.net,+34 815 61 83 38,VIP,Inactivo,119,Pequeña,Línea mismos obras tenían muerte diversos servicio tú.,44.79,202,Agotado,447.9,5501.65,2025-11,2025,11,Victoriano Montero
83,292,2025-11-14,1020.25,214.25,66.76,Pagada,83,199,4,389.01,292,América,Benavides,noepinto@example.net,+34 979780459,VIP,Inactivo,199,Bastante,Lejos oposición oposición hubo contrario ninguna.,389.01,256,Disponible,1556.04,3835.4700000000003,2025-11,2025,11,América Benavides
83,292,2025-11-14,1020.25,214.25,66.76,Pagada,83,174,5,215.38,292,América,Benavides,noepinto@example.net,+34 979780459,VIP,Inactivo,174,Hombre,Cuando juez trabajar historia don segundo mantener.,215.38,450,Agotado,1076.9,3835.4700000000003,2025-11,2025,11,América Benavides
83,292,2025-11-14,1020.25,214.25,66.76,Pagada,83,13,7,171.79,292,América,Benavides,noepinto@example.net,+34 979780459,VIP,Inactivo,13,Justicia,Muerto medidas esas miedo valores juego solución.,171.79,227,Agotado,1202.53,3835.4700000000003,2025-11,2025,11,América Benavides
85,45,2025-07-07,1230.68,258.44,70.62,Pagada,85,127,9,320.69,45,Amanda,Conesa,cabezassara@example.com,+34944 62 22 37,VIP,Inactivo,127,Bastante,Actividad televisión pablo medios.,320.69,246,Disponible,2886.21,5852.28,2025-07,2025,7,Amanda Conesa
85,45,2025-07-07,1230.68,258.44,70.62,Pagada,85,31,1,80.17,45,Amanda,Conesa,cabezassara@example.com,+34944 62 22 37,VIP,Inactivo,31,México,Ellas humana dijo estados.,80.17,475,Disponible,80.17,5852.28,2025-07,2025,7,Amanda Conesa
85,45,2025-07-07,1230.68,258.44,70.62,Pagada,85,11,7,152.94,45,Amanda,Conesa,cabezassara@example.com,+34944 62 22 37,VIP,Inactivo,11,Muerte,Programas largo destino señor militar base.,152.94,406,Disponible,1070.58,5852.28,2025-07,2025,7,Amanda Conesa
85,45,2025-07-07,1230.68,258.44,70.62,Pagada,85,141,4,453.83,45,Amanda,Conesa,cabezassara@example.com,+34944 62 22 37,VIP,Inactivo,141,Sectores,Máximo trabajar dado.,453.83,198,Disponible,1815.32,5852.28,2025-07,2025,7,Amanda Conesa
86,281,2025-08-26,1123.8,236.0,55.11,Pagada,86,50,10,393.01,281,Gracia,López,alicia39@example.org,+34 886266804,Premium,Activo,50,Actual,Demás tal calidad cuestión noviembre primero muerto.,393.01,37,Agotado,3930.1,4634.97,2025-08,2025,8,Gracia López
86,281,2025-08-26,1123.8,236.0,55.11,Pagada,86,3,2,220.09,281,Gracia,López,alicia39@example.org,+34 886266804,Premium,Activo,3,Hacia,Uno chile esto tan tampoco río sino.,220.09,232,Agotado,440.18,4634.97,2025-08,2025,8,Gracia López
86,281,2025-08-26,1123.8,236.0,55.11,Pagada,86,126,1,264.69,281,Gracia,López,alicia39@example.org,+34 886266804,Premium,Activo,126,Sería,Fuerza falta quien salir puede estado.,264.69,469,Disponible,264.69,4634.97,2025-08,2025,8,Gracia López
87,161,2025-09-01,1307.19,274.51,1.8,Cancelada,87,12,9,48.33,161,Maximiano,Segovia,icasals@example.com,+34846409545,Premium,Activo,12,Especie,Cambios proyectos conocimiento producción.,48.33,457,Disponible,434.96999999999997,2911.83,2025-09,2025,9,Maximiano Segovia
87,161,2025-09-01,1307.19,274.51,1.8,Cancelada,87,157,1,65.04,161,Maximiano,Segovia,icasals@example.com,+34846409545,Premium,Activo,157,España,Si s grande años presencia serán servicios poco.,65.04,72,Agotado,65.04,2911.83,2025-09,2025,9,Maximiano Segovia
87,161,2025-09-01,1307.19,274.51,1.8,Cancelada,87,122,8,194.37,161,Maximiano,Segovia,icasals@example.com,+34846409545,Premium,Activo,122,Zona,Plazo principios varias fueron otras.,194.37,98,Disponible,1554.96,2911.83,2025-09,2025,9,Maximiano Segovia
87,161,2025-09-01,1307.19,274.51,1.8,Cancelada,87,169,3,285.62,161,Maximiano,Segovia,icasals@example.com,+34846409545,Premium,Activo,169,Nunca,Queda cambio función nuestros libre.,285.62,272,Agotado,856.86,2911.83,2025-09,2025,9,Maximiano Segovia
88,69,2025-02-24,357.54,75.08,58.05,Cancelada,88,169,9,285.62,69,Javi,Castilla,gomisluciano@example.net,+34833549940,VIP,Inactivo,169,Nunca,Queda cambio función nuestros libre.,285.62,272,Agotado,2570.58,4156.15,2025-02,2025,2,Javi Castilla
88,69,2025-02-24,357.54,75.08,58.05,Cancelada,88,63,9,171.13,69,Javi,Castilla,gomisluciano@example.net,+34833549940,VIP,Inactivo,63,Voz,Son programas social sobre metros recuerdo recursos.,171.13,424,Agotado,1540.17,4156.15,2025-02,2025,2,Javi Castilla
88,69,2025-02-24,357.54,75.08,58.05,Cancelada,88,185,4,11.35,69,Javi,Castilla,gomisluciano@example.net,+34833549940,VIP,Inactivo,185,Plan,Importancia primeros vamos madre.,11.35,429,Agotado,45.4,4156.15,2025-02,2025,2,Javi Castilla
89,291,2025-06-21,639.34,134.26,33.76,Cancelada,89,110,10,250.8,291,Luís,Saura,fortunato03@example.com,+34 841 63 70 33,VIP,Activo,110,Información,Problema contra deseo seguir ii.,250.8,315,Agotado,2508.0,6416.1,2025-06,2025,6,Luís Saura
89,291,2025-06-21,639.34,134.26,33.76,Cancelada,89,106,3,12.8,291,Luís,Saura,fortunato03@example.com,+34 841 63 70 33,VIP,Activo,106,Cosas,García ciento medios datos fuerzas derechos pone un.,12.8,281,Agotado,38.400000000000006,6416.1,2025-06,2025,6,Luís Saura
89,291,2025-06-21,639.34,134.26,33.76,Cancelada,89,113,10,386.97,291,Luís,Saura,fortunato03@example.com,+34 841 63 70 33,VIP,Activo,113,Mundo,Explicó sé niño proyectos decir desde lo.,386.97,413,Agotado,3869.7000000000003,6416.1,2025-06,2025,6,Luís Saura
90,75,2025-07-30,329.26,69.14,42.35,Cancelada,90,114,7,381.05,75,Hernando,Ledesma,valenciadora@example.org,+34 946 72 32 04,Premium,Inactivo,114,Baja,Distintas nueva profesional.,381.05,394,Disponible,2667.35,4089.59,2025-07,2025,7,Hernando Ledesma
90,75,2025-07-30,329.26,69.14,42.35,Cancelada,90,147,2,281.76,75,Hernando,Ledesma,valenciadora@example.org,+34 946 72 32 04,Premium,Inactivo,147,Enero,Eran otro programas los sino.,281.76,363,Disponible,563.52,4089.59,2025-07,2025,7,Hernando Ledesma
90,75,2025-07-30,329.26,69.14,42.35,Cancelada,90,150,2,429.36,75,Hernando,Ledesma,valenciadora@example.org,+34 946 72 32 04,Premium,Inactivo,150,Falta,Trabajo entonces derechos sector quien parecía él.,429.36,306,Disponible,858.72,4089.59,2025-07,2025,7,Hernando Ledesma
91,200,2025-02-28,1440.86,302.58,10.73,Pagada,91,23,9,493.23,200,Maximiliano,Solsona,idonaire@example.net,+34 911 65 67 16,Premium,Inactivo,23,Así,Hombres poco y vuelta pequeño vuelta sociedad.,493.23,179,Disponible,4439.07,5769.79,2025-02,2025,2,Maximiliano Solsona
91,200,2025-02-28,1440.86,302.58,10.73,Pagada,91,168,3,301.18,200,Maximiliano,Solsona,idonaire@example.net,+34 911 65 67 16,Premium,Inactivo,168,Encuentra,Cargo esos quien sectores voluntad.,301.18,211,Disponible,903.54,5769.79,2025-02,2025,2,Maximiliano Solsona
91,200,2025-02-28,1440.86,302.58,10.73,Pagada,91,48,10,5.78,200,Maximiliano,Solsona,idonaire@example.net,+34 911 65 67 16,Premium,Inactivo,48,Últimos,Atrás hombre vez g debe carrera.,5.78,123,Agotado,57.800000000000004,5769.79,2025-02,2025,2,Maximiliano Solsona
91,200,2025-02-28,1440.86,302.58,10.73,Pagada,91,77,1,369.38,200,Maximiliano,Solsona,idonaire@example.net,+34 911 65 67 16,Premium,Inactivo,77,He,García blanco ni imágenes quien.,369.38,498,Agotado,369.38,5769.79,2025-02,2025,2,Maximiliano Solsona
92,123,2025-07-06,884.86,185.82,93.25,Cancelada,92,131,5,388.5,123,César,Valencia,rosalva80@example.org,+34826 458 200,VIP,Inactivo,131,Términos,Constitución psoe parece presente resultado julio mayoría.,388.5,408,Disponible,1942.5,5533.1,2025-07,2025,7,César Valencia
92,123,2025-07-06,884.86,185.82,93.25,Cancelada,92,100,4,435.09,123,César,Valencia,rosalva80@example.org,+34826 458 200,VIP,Inactivo,100,Especial,Son sociales violencia.,435.09,159,Agotado,1740.36,5533.1,2025-07,2025,7,César Valencia
92,123,2025-07-06,884.86,185.82,93.25,Cancelada,92,70,7,264.32,123,César,Valencia,rosalva80@example.org,+34826 458 200,VIP,Inactivo,70,Habla,Consecuencia razón no empresa otro.,264.32,228,Agotado,1850.24,5533.1,2025-07,2025,7,César Valencia
93,179,2025-10-07,616.32,129.43,57.51,Cancelada,93,138,7,283.14,179,Graciano,Gelabert,marivictor-manuel@example.com,+34 920 47 75 13,VIP,Activo,138,Elementos,Soy han niño son producción jefe más.,283.14,486,Agotado,1981.98,4316.04,2025-10,2025,10,Graciano Gelabert
93,179,2025-10-07,616.32,129.43,57.51,Cancelada,93,199,6,389.01,179,Graciano,Gelabert,marivictor-manuel@example.com,+34 920 47 75 13,VIP,Activo,199,Bastante,Lejos oposición oposición hubo contrario ninguna.,389.01,256,Disponible,2334.06,4316.04,2025-10,2025,10,Graciano Gelabert
94,57,2025-08-31,732.64,153.85,16.56,Pendiente,94,56,9,72.4,57,José,Esparza,mercedes75@example.org,+34 979 629 470,VIP,Activo,56,Los,Hombre pueblo cuba esos.,72.4,411,Agotado,651.6,3494.24,2025-08,2025,8,José Esparza
94,57,2025-08-31,732.64,153.85,16.56,Pendiente,94,12,1,48.33,57,José,Esparza,mercedes75@example.org,+34 979 629 470,VIP,Activo,12,Especie,Cambios proyectos conocimiento producción.,48.33,457,Disponible,48.33,3494.24,2025-08,2025,8,José Esparza
94,57,2025-08-31,732.64,153.85,16.56,Pendiente,94,109,1,347.96,57,José,Esparza,mercedes75@example.org,+34 979 629 470,VIP,Activo,109,Libros,Crisis llegó don lado.,347.96,89,Disponible,347.96,3494.24,2025-08,2025,8,José Esparza
94,57,2025-08-31,732.64,153.85,16.56,Pendiente,94,128,3,490.91,57,José,Esparza,mercedes75@example.org,+34 979 629 470,VIP,Activo,128,Le,Mirada entonces pie.,490.91,305,Disponible,1472.73,3494.24,2025-08,2025,8,José Esparza
94,57,2025-08-31,732.64,153.85,16.56,Pendiente,94,121,6,162.27,57,José,Esparza,mercedes75@example.org,+34 979 629 470,VIP,Activo,121,Santa,Otros haciendo mientras bastante ambos debe condiciones pacientes.,162.27,402,Disponible,973.6200000000001,3494.24,2025-08,2025,8,José Esparza
95,27,2025-11-27,1963.95,412.43,28.19,Pagada,95,93,8,471.55,27,Fanny,Heredia,amandoolmo@example.com,+34 888053668,Regular,Activo,93,Ciento,Estados alto vida tales joven acciones partes.,471.55,310,Disponible,3772.4,10336.6,2025-11,2025,11,Fanny Heredia
95,27,2025-11-27,1963.95,412.43,28.19,Pagada,95,195,7,173.64,27,Fanny,Heredia,amandoolmo@example.com,+34 888053668,Regular,Activo,195,Español,Educación palabras millones jorge fuentes.,173.64,5,Disponible,1215.48,10336.6,2025-11,2025,11,Fanny Heredia
95,27,2025-11-27,1963.95,412.43,28.19,Pagada,95,153,8,197.04,27,Fanny,Heredia,amandoolmo@example.com,+34 888053668,Regular,Activo,153,Cuestión,Experiencia secretario nosotros fuerte estudio cuarto mayoría.,197.04,250,Agotado,1576.32,10336.6,2025-11,2025,11,Fanny Heredia
95,27,2025-11-27,1963.95,412.43,28.19,Pagada,95,93,8,471.55,27,Fanny,Heredia,amandoolmo@example.com,+34 888053668,Regular,Activo,93,Ciento,Estados alto vida tales joven acciones partes.,471.55,310,Disponible,3772.4,10336.6,2025-11,2025,11,Fanny Heredia
96,246,2025-03-30,1832.96,384.92,42.53,Pendiente,96,197,2,145.21,246,Ignacia,Ferrera,csanmiguel@example.net,+34828 13 44 44,Premium,Inactivo,197,Universidad,Han también cámara pasa.,145.21,50,Disponible,290.42,303.22,2025-03,2025,3,Ignacia Ferrera
96,246,2025-03-30,1832.96,384.92,42.53,Pendiente,96,106,1,12.8,246,Ignacia,Ferrera,csanmiguel@example.net,+34828 13 44 44,Premium,Inactivo,106,Cosas,García ciento medios datos fuerzas derechos pone un.,12.8,281,Agotado,12.8,303.22,2025-03,2025,3,Ignacia Ferrera
97,37,2025-11-22,542.27,113.88,35.97,Pendiente,97,51,10,190.77,37,Mónica,Pintor,valeroyago@example.com,+34 842 134 921,Premium,Inactivo,51,Boca,Más niños período madre cual izquierda encuentro.,190.77,194,Disponible,1907.7,4808.79,2025-11,2025,11,Mónica Pintor
97,37,2025-11-22,542.27,113.88,35.97,Pendiente,97,109,4,347.96,37,Mónica,Pintor,valeroyago@example.com,+34 842 134 921,Premium,Inactivo,109,Libros,Crisis llegó don lado.,347.96,89,Disponible,1391.84,4808.79,2025-11,2025,11,Mónica Pintor
97,37,2025-11-22,542.27,113.88,35.97,Pendiente,97,103,3,374.6,37,Mónica,Pintor,valeroyago@example.com,+34 842 134 921,Premium,Inactivo,103,Tan,Muerto imposible estaba tenía.,374.6,470,Disponible,1123.8000000000002,4808.79,2025-11,2025,11,Mónica Pintor
97,37,2025-11-22,542.27,113.88,35.97,Pendiente,97,33,1,385.45,37,Mónica,Pintor,valeroyago@example.com,+34 842 134 921,Premium,Inactivo,33,Mes,Presidente lugar va iba.,385.45,332,Disponible,385.45,4808.79,2025-11,2025,11,Mónica Pintor
98,20,2025-09-16,1639.24,344.24,27.99,Pendiente,98,146,7,453.72,20,Heriberto,Perales,marinaadan@example.com,+34 821027920,VIP,Activo,146,Propia,Estaban demasiado tribunal respuesta suelo.,453.72,247,Agotado,3176.04,9612.36,2025-09,2025,9,Heriberto Perales
98,20,2025-09-16,1639.24,344.24,27.99,Pendiente,98,184,6,251.53,20,Heriberto,Perales,marinaadan@example.com,+34 821027920,VIP,Activo,184,Sea,Vino época flores otras anterior ver.,251.53,255,Disponible,1509.18,9612.36,2025-09,2025,9,Heriberto Perales
98,20,2025-09-16,1639.24,344.24,27.99,Pendiente,98,151,5,341.9,20,Heriberto,Perales,marinaadan@example.com,+34 821027920,VIP,Activo,151,Ejemplo,Cuestión profesional diversos.,341.9,237,Agotado,1709.5,9612.36,2025-09,2025,9,Heriberto Perales
98,20,2025-09-16,1639.24,344.24,27.99,Pendiente,98,29,4,262.11,20,Heriberto,Perales,marinaadan@example.com,+34 821027920,VIP,Activo,29,Norte,México equipo grupo unas defensa exterior agua esfuerzo.,262.11,267,Agotado,1048.44,9612.36,2025-09,2025,9,Heriberto Perales
98,20,2025-09-16,1639.24,344.24,27.99,Pendiente,98,107,8,271.15,20,Heriberto,Perales,marinaadan@example.com,+34 821027920,VIP,Activo,107,Proyecto,Sabía papel blanco encuentran régimen particular.,271.15,154,Agotado,2169.2,9612.36,2025-09,2025,9,Heriberto Perales
99,228,2025-11-22,1770.18,371.74,4.05,Cancelada,99,39,8,70.4,228,Itziar,Barragán,vhernandez@example.net,+34 982 941 165,VIP,Activo,39,Aquella,Misma dio período millones.,70.4,19,Agotado,563.2,7991.869999999999,2025-11,2025,11,Itziar Barragán
99,228,2025-11-22,1770.18,371.74,4.05,Cancelada,99,141,4,453.83,228,Itziar,Barragán,vhernandez@example.net,+34 982 941 165,VIP,Activo,141,Sectores,Máximo trabajar dado.,453.83,198,Disponible,1815.32,7991.869999999999,2025-11,2025,11,Itziar Barragán
99,228,2025-11-22,1770.18,371.74,4.05,Cancelada,99,14,5,189.89,228,Itziar,Barragán,vhernandez@example.net,+34 982 941 165,VIP,Activo,14,Asociación,Futuro mano ellos hubiera llega campaña máximo.,189.89,409,Agotado,949.4499999999999,7991.869999999999,2025-11,2025,11,Itziar Barragán
99,228,2025-11-22,1770.18,371.74,4.05,Cancelada,99,65,10,466.39,228,Itziar,Barragán,vhernandez@example.net,+34 982 941 165,VIP,Activo,65,Opinión,Hechos anterior donde hechos hija.,466.39,48,Agotado,4663.9,7991.869999999999,2025-11,2025,11,Itziar Barragán
101,93,2025-06-22,1917.84,402.75,66.81,Cancelada,101,95,6,437.97,93,Edgardo,Dueñas,santanadalila@example.com,+34 822 284 627,Regular,Inactivo,95,Fiscal,Ii centros objetivo es larga.,437.97,492,Disponible,2627.82,5350.14,2025-06,2025,6,Edgardo Dueñas
101,93,2025-06-22,1917.84,402.75,66.81,Cancelada,101,146,6,453.72,93,Edgardo,Dueñas,santanadalila@example.com,+34 822 284 627,Regular,Inactivo,146,Propia,Estaban demasiado tribunal respuesta suelo.,453.72,247,Agotado,2722.32,5350.14,2025-06,2025,6,Edgardo Dueñas
102,8,2025-10-03,1888.97,396.68,50.04,Pendiente,102,2,3,323.35,8,Delia,Soto,rgalvan@example.net,+34 925116974,VIP,Inactivo,2,Real,Con ambos cierto martín ni historia.,323.35,316,Disponible,970.0500000000001,2648.0200000000004,2025-10,2025,10,Delia Soto
102,8,2025-10-03,1888.97,396.68,50.04,Pendiente,102,61,5,301.99,8,Delia,Soto,rgalvan@example.net,+34 925116974,VIP,Inactivo,61,Propio,Servicio real j varias hacia paso.,301.99,463,Agotado,1509.95,2648.0200000000004,2025-10,2025,10,Delia Soto
102,8,2025-10-03,1888.97,396.68,50.04,Pendiente,102,78,1,168.02,8,Delia,Soto,rgalvan@example.net,+34 925116974,VIP,Inactivo,78,Aunque,Tan considera pone oficial otra.,168.02,88,Agotado,168.02,2648.0200000000004,2025-10,2025,10,Delia Soto
103,129,2025-09-20,1486.22,312.11,55.25,Pendiente,103,67,6,428.87,129,Modesta,Cuesta,abascalfortunata@example.com,+34976 68 66 70,Regular,Activo,67,Derecha,Dicho ejemplo una gonzález.,428.87,221,Disponible,2573.2200000000003,7519.889999999999,2025-09,2025,9,Modesta Cuesta
103,129,2025-09-20,1486.22,312.11,55.25,Pendiente,103,184,2,251.53,129,Modesta,Cuesta,abascalfortunata@example.com,+34976 68 66 70,Regular,Activo,184,Sea,Vino época flores otras anterior ver.,251.53,255,Disponible,503.06,7519.889999999999,2025-09,2025,9,Modesta Cuesta
103,129,2025-09-20,1486.22,312.11,55.25,Pendiente,103,49,5,314.87,129,Modesta,Cuesta,abascalfortunata@example.com,+34976 68 66 70,Regular,Activo,49,Alrededor,Julio precios viaje donde aún.,314.87,376,Disponible,1574.35,7519.889999999999,2025-09,2025,9,Modesta Cuesta
103,129,2025-09-20,1486.22,312.11,55.25,Pendiente,103,36,6,478.21,129,Modesta,Cuesta,abascalfortunata@example.com,+34976 68 66 70,Regular,Activo,36,Valor,Fuera queda sería agua así pedro piel.,478.21,330,Disponible,2869.2599999999998,7519.889999999999,2025-09,2025,9,Modesta Cuesta
104,3,2025-03-17,1427.84,299.85,35.21,Cancelada,104,157,5,65.04,3,Jonatan,Mariscal,xcamacho@example.com,+34 877 12 60 13,Premium,Inactivo,157,España,Si s grande años presencia serán servicios poco.,65.04,72,Agotado,325.20000000000005,6170.129999999999,2025-03,2025,3,Jonatan Mariscal
104,3,2025-03-17,1427.84,299.85,35.21,Cancelada,104,111,3,186.39,3,Jonatan,Mariscal,xcamacho@example.com,+34 877 12 60 13,Premium,Inactivo,111,Informe,Momento al estamos b período revolución interés.,186.39,133,Agotado,559.17,6170.129999999999,2025-03,2025,3,Jonatan Mariscal
104,3,2025-03-17,1427.84,299.85,35.21,Cancelada,104,164,7,93.08,3,Jonatan,Mariscal,xcamacho@example.com,+34 877 12 60 13,Premium,Inactivo,164,Animales,Vino siglo deseo difícil.,93.08,143,Agotado,651.56,6170.129999999999,2025-03,2025,3,Jonatan Mariscal
104,3,2025-03-17,1427.84,299.85,35.21,Cancelada,104,55,10,463.42,3,Jonatan,Mariscal,xcamacho@example.com,+34 877 12 60 13,Premium,Inactivo,55,Acuerdo,Sociales han comisión estaban formación sistema punto.,463.42,63,Agotado,4634.2,6170.129999999999,2025-03,2025,3,Jonatan Mariscal
105,294,2025-06-02,677.38,142.25,27.51,Pagada,105,28,9,263.12,294,Ramiro,Verdugo,efigueras@example.net,+34 877 347 669,Premium,Activo,28,Buscar,Rodríguez deseo mundo programa.,263.12,238,Disponible,2368.08,2368.08,2025-06,2025,6,Ramiro Verdugo
106,20,2025-06-05,375.85,78.93,13.03,Pagada,106,36,2,478.21,20,Heriberto,Perales,marinaadan@example.com,+34 821027920,VIP,Activo,36,Valor,Fuera queda sería agua así pedro piel.,478.21,330,Disponible,956.42,4462.0,2025-06,2025,6,Heriberto Perales
106,20,2025-06-05,375.85,78.93,13.03,Pagada,106,172,8,252.21,20,Heriberto,Perales,marinaadan@example.com,+34 821027920,VIP,Activo,172,Cómo,Afirmó economía miedo buenos.,252.21,215,Agotado,2017.68,4462.0,2025-06,2025,6,Heriberto Perales
106,20,2025-06-05,375.85,78.93,13.03,Pagada,106,88,5,297.58,20,Heriberto,Perales,marinaadan@example.com,+34 821027920,VIP,Activo,88,Ahora,Decir fútbol final tengo empresas.,297.58,211,Disponible,1487.8999999999999,4462.0,2025-06,2025,6,Heriberto Perales
107,176,2025-05-17,947.06,198.88,88.73,Pagada,107,43,6,233.73,176,Amalia,Barroso,ciriacoromero@example.org,+34 849 334 457,VIP,Inactivo,43,Horas,Título total abril vez.,233.73,404,Disponible,1402.3799999999999,3157.31,2025-05,2025,5,Amalia Barroso
107,176,2025-05-17,947.06,198.88,88.73,Pagada,107,99,1,134.55,176,Amalia,Barroso,ciriacoromero@example.org,+34 849 334 457,VIP,Inactivo,99,Dicen,Uno conjunto principales abril.,134.55,419,Disponible,134.55,3157.31,2025-05,2025,5,Amalia Barroso
107,176,2025-05-17,947.06,198.88,88.73,Pagada,107,183,1,458.7,176,Amalia,Barroso,ciriacoromero@example.org,+34 849 334 457,VIP,Inactivo,183,Especialmente,Mismo baja viaje mañana solamente respuesta les.,458.7,153,Agotado,458.7,3157.31,2025-05,2025,5,Amalia Barroso
107,176,2025-05-17,947.06,198.88,88.73,Pagada,107,197,8,145.21,176,Amalia,Barroso,ciriacoromero@example.org,+34 849 334 457,VIP,Inactivo,197,Universidad,Han también cámara pasa.,145.21,50,Disponible,1161.68,3157.31,2025-05,2025,5,Amalia Barroso
108,73,2025-09-26,609.95,128.09,71.14,Pendiente,108,34,2,16.85,73,Apolonia,Rebollo,camilovara@example.org,+34844 49 72 51,VIP,Inactivo,34,Guerra,Justicia pesetas luego partido hoy.,16.85,324,Agotado,33.7,2223.79,2025-09,2025,9,Apolonia Rebollo
108,73,2025-09-26,609.95,128.09,71.14,Pendiente,108,6,2,324.78,73,Apolonia,Rebollo,camilovara@example.org,+34844 49 72 51,VIP,Inactivo,6,Decía,General pacientes parís visto solución agua cualquier.,324.78,112,Disponible,649.56,2223.79,2025-09,2025,9,Apolonia Rebollo
108,73,2025-09-26,609.95,128.09,71.14,Pendiente,108,196,3,213.21,73,Apolonia,Rebollo,camilovara@example.org,+34844 49 72 51,VIP,Inactivo,196,Texto,Interés llegado hombre esas propios.,213.21,499,Disponible,639.63,2223.79,2025-09,2025,9,Apolonia Rebollo
108,73,2025-09-26,609.95,128.09,71.14,Pendiente,108,160,10,90.09,73,Apolonia,Rebollo,camilovara@example.org,+34844 49 72 51,VIP,Inactivo,160,Sala,Largo puso situación noche operación calle.,90.09,148,Agotado,900.9000000000001,2223.79,2025-09,2025,9,Apolonia Rebollo
109,131,2025-04-10,865.02,181.65,48.27,Cancelada,109,43,2,233.73,131,Pánfilo,Plana,nsebastian@example.com,+34 826 544 031,Regular,Inactivo,43,Horas,Título total abril vez.,233.73,404,Disponible,467.46,9156.84,2025-04,2025,4,Pánfilo Plana
109,131,2025-04-10,865.02,181.65,48.27,Cancelada,109,105,10,382.23,131,Pánfilo,Plana,nsebastian@example.com,+34 826 544 031,Regular,Inactivo,105,Blanco,Realizar generales explicó mirada fernando también televisión fecha.,382.23,435,Agotado,3822.3,9156.84,2025-04,2025,4,Pánfilo Plana
109,131,2025-04-10,865.02,181.65,48.27,Cancelada,109,62,6,81.23,131,Pánfilo,Plana,nsebastian@example.com,+34 826 544 031,Regular,Inactivo,62,Quien,Humana único el electoral equipo.,81.23,334,Disponible,487.38,9156.84,2025-04,2025,4,Pánfilo Plana
109,131,2025-04-10,865.02,181.65,48.27,Cancelada,109,95,10,437.97,131,Pánfilo,Plana,nsebastian@example.com,+34 826 544 031,Regular,Inactivo,95,Fiscal,Ii centros objetivo es larga.,437.97,492,Disponible,4379.700000000001,9156.84,2025-04,2025,4,Pánfilo Plana
110,150,2025-09-23,1576.81,331.13,74.5,Pagada,110,79,4,108.65,150,Alejo,Ferrer,gilberto47@example.net,+34 975583790,VIP,Inactivo,79,Humana,Orden necesidad m casi.,108.65,476,Agotado,434.6,877.6,2025-09,2025,9,Alejo Ferrer
110,150,2025-09-23,1576.81,331.13,74.5,Pagada,110,145,1,443.0,150,Alejo,Ferrer,gilberto47@example.net,+34 975583790,VIP,Inactivo,145,Allí,Gran ahí palabra.,443.0,127,Disponible,443.0,877.6,2025-09,2025,9,Alejo Ferrer
111,36,2025-10-08,393.84,82.71,79.47,Pagada,111,146,2,453.72,36,Cándido,Pino,luis83@example.com,+34 974 558 728,VIP,Inactivo,146,Propia,Estaban demasiado tribunal respuesta suelo.,453.72,247,Agotado,907.44,2397.78,2025-10,2025,10,Cándido Pino
111,36,2025-10-08,393.84,82.71,79.47,Pagada,111,166,3,308.83,36,Cándido,Pino,luis83@example.com,+34 974 558 728,VIP,Inactivo,166,Deja,Favor negro siete gobierno construcción estuvo quiere éste.,308.83,67,Agotado,926.49,2397.78,2025-10,2025,10,Cándido Pino
111,36,2025-10-08,393.84,82.71,79.47,Pagada,111,139,7,80.55,36,Cándido,Pino,luis83@example.com,+34 974 558 728,VIP,Inactivo,139,Con,J para haber.,80.55,415,Disponible,563.85,2397.78,2025-10,2025,10,Cándido Pino
112,106,2025-05-01,47.36,9.95,12.0,Pendiente,112,19,5,19.03,106,Armando,Galán,daniarenas@example.com,+34825 478 830,Regular,Activo,19,Pasa,Director algunas particular difícil persona.,19.03,406,Disponible,95.15,3809.4100000000003,2025-05,2025,5,Armando Galán
112,106,2025-05-01,47.36,9.95,12.0,Pendiente,112,200,9,344.29,106,Armando,Galán,daniarenas@example.com,+34825 478 830,Regular,Activo,200,Viene,Cierta equipo tal llegado él informe existencia.,344.29,5,Disponible,3098.61,3809.4100000000003,2025-05,2025,5,Armando Galán
112,106,2025-05-01,47.36,9.95,12.0,Pendiente,112,71,5,67.09,106,Armando,Galán,daniarenas@example.com,+34825 478 830,Regular,Activo,71,Fuerte,Junio desarrollo muchas ya grandes pues puso.,67.09,299,Agotado,335.45000000000005,3809.4100000000003,2025-05,2025,5,Armando Galán
112,106,2025-05-01,47.36,9.95,12.0,Pendiente,112,81,2,140.1,106,Armando,Galán,daniarenas@example.com,+34825 478 830,Regular,Activo,81,Joven,Centros españoles valor lleva bueno habrá.,140.1,414,Agotado,280.2,3809.4100000000003,2025-05,2025,5,Armando Galán
113,47,2025-08-30,749.45,157.38,59.56,Cancelada,113,139,9,80.55,47,Juan Luis,Briones,victorinobastida@example.com,+34 885266138,VIP,Activo,139,Con,J para haber.,80.55,415,Disponible,724.9499999999999,6527.889999999999,2025-08,2025,8,Juan Luis Briones
113,47,2025-08-30,749.45,157.38,59.56,Cancelada,113,167,5,275.76,47,Juan Luis,Briones,victorinobastida@example.com,+34 885266138,VIP,Activo,167,Antonio,Éste calidad encuentran.,275.76,90,Agotado,1378.8,6527.889999999999,2025-08,2025,8,Juan Luis Briones
113,47,2025-08-30,749.45,157.38,59.56,Cancelada,113,104,9,452.46,47,Juan Luis,Briones,victorinobastida@example.com,+34 885266138,VIP,Activo,104,Pasó,Misma primeras hermano aunque esta.,452.46,174,Agotado,4072.14,6527.889999999999,2025-08,2025,8,Juan Luis Briones
113,47,2025-08-30,749.45,157.38,59.56,Cancelada,113,39,5,70.4,47,Juan Luis,Briones,victorinobastida@example.com,+34 885266138,VIP,Activo,39,Aquella,Misma dio período millones.,70.4,19,Agotado,352.0,6527.889999999999,2025-08,2025,8,Juan Luis Briones
114,61,2025-09-19,70.82,14.87,96.82,Pendiente,114,45,6,252.28,61,Reynaldo,Maestre,candido59@example.net,+34879 461 172,Regular,Inactivo,45,Haber,Cantidad ciento fuentes le tenemos socialista bueno.,252.28,323,Agotado,1513.68,7601.04,2025-09,2025,9,Reynaldo Maestre
114,61,2025-09-19,70.82,14.87,96.82,Pendiente,114,18,6,218.61,61,Reynaldo,Maestre,candido59@example.net,+34879 461 172,Regular,Inactivo,18,Ambos,Papel g j marzo contra estuvo hizo.,218.61,325,Agotado,1311.66,7601.04,2025-09,2025,9,Reynaldo Maestre
114,61,2025-09-19,70.82,14.87,96.82,Pendiente,114,27,10,477.57,61,Reynaldo,Maestre,candido59@example.net,+34879 461 172,Regular,Inactivo,27,Decía,Aún actitud deja julio dónde.,477.57,317,Agotado,4775.7,7601.04,2025-09,2025,9,Reynaldo Maestre
115,205,2025-08-01,1531.46,321.61,87.68,Cancelada,115,3,1,220.09,205,Cornelio,Andres,inocencionarvaez@example.com,+34 987 968 198,Premium,Inactivo,3,Hacia,Uno chile esto tan tampoco río sino.,220.09,232,Agotado,220.09,4697.82,2025-08,2025,8,Cornelio Andres
115,205,2025-08-01,1531.46,321.61,87.68,Cancelada,115,77,7,369.38,205,Cornelio,Andres,inocencionarvaez@example.com,+34 987 968 198,Premium,Inactivo,77,He,García blanco ni imágenes quien.,369.38,498,Agotado,2585.66,4697.82,2025-08,2025,8,Cornelio Andres
115,205,2025-08-01,1531.46,321.61,87.68,Cancelada,115,139,1,80.55,205,Cornelio,Andres,inocencionarvaez@example.com,+34 987 968 198,Premium,Inactivo,139,Con,J para haber.,80.55,415,Disponible,80.55,4697.82,2025-08,2025,8,Cornelio Andres
115,205,2025-08-01,1531.46,321.61,87.68,Cancelada,115,149,4,217.91,205,Cornelio,Andres,inocencionarvaez@example.com,+34 987 968 198,Premium,Inactivo,149,Viaje,Sectores cambios algunas análisis segundo.,217.91,45,Disponible,871.64,4697.82,2025-08,2025,8,Cornelio Andres
115,205,2025-08-01,1531.46,321.61,87.68,Cancelada,115,26,4,234.97,205,Cornelio,Andres,inocencionarvaez@example.com,+34 987 968 198,Premium,Inactivo,26,Sabe,Encima ciencia deja.,234.97,269,Disponible,939.88,4697.82,2025-08,2025,8,Cornelio Andres
116,230,2025-11-16,1279.9,268.78,10.8,Cancelada,116,141,8,453.83,230,Amalia,Guardia,rcaballero@example.com,+34 981303729,Premium,Inactivo,141,Sectores,Máximo trabajar dado.,453.83,198,Disponible,3630.64,3630.64,2025-11,2025,11,Amalia Guardia
117,181,2025-09-04,116.62,24.49,64.67,Pagada,117,61,10,301.99,181,Gaspar,Lobo,zcortina@example.com,+34 984695846,Premium,Inactivo,61,Propio,Servicio real j varias hacia paso.,301.99,463,Agotado,3019.9,3669.79,2025-09,2025,9,Gaspar Lobo
117,181,2025-09-04,116.62,24.49,64.67,Pagada,117,191,3,216.63,181,Gaspar,Lobo,zcortina@example.com,+34 984695846,Premium,Inactivo,191,Están,Radio creo paz trabajar allá entrar servicios derecha.,216.63,91,Disponible,649.89,3669.79,2025-09,2025,9,Gaspar Lobo
118,280,2025-04-27,958.17,201.22,48.97,Pendiente,118,33,8,385.45,280,Juan Antonio,Cortina,antoniomoles@example.net,+34830 44 32 15,Regular,Activo,33,Mes,Presidente lugar va iba.,385.45,332,Disponible,3083.6,6003.79,2025-04,2025,4,Juan Antonio Cortina
118,280,2025-04-27,958.17,201.22,48.97,Pendiente,118,53,3,131.29,280,Juan Antonio,Cortina,antoniomoles@example.net,+34830 44 32 15,Regular,Activo,53,Quizá,Recursos pesetas sí comisión pequeño ellos camino.,131.29,488,Agotado,393.87,6003.79,2025-04,2025,4,Juan Antonio Cortina
118,280,2025-04-27,958.17,201.22,48.97,Pendiente,118,70,5,264.32,280,Juan Antonio,Cortina,antoniomoles@example.net,+34830 44 32 15,Regular,Activo,70,Habla,Consecuencia razón no empresa otro.,264.32,228,Agotado,1321.6,6003.79,2025-04,2025,4,Juan Antonio Cortina
118,280,2025-04-27,958.17,201.22,48.97,Pendiente,118,168,4,301.18,280,Juan Antonio,Cortina,antoniomoles@example.net,+34830 44 32 15,Regular,Activo,168,Encuentra,Cargo esos quien sectores voluntad.,301.18,211,Disponible,1204.72,6003.79,2025-04,2025,4,Juan Antonio Cortina
119,216,2025-07-23,959.92,201.58,9.53,Cancelada,119,72,2,121.46,216,Carmelita,Torrents,garamburu@example.org,+34842 79 21 79,Premium,Activo,72,Madrid,Zonas vista intereses aspecto región acuerdo.,121.46,25,Disponible,242.92,1535.2,2025-07,2025,7,Carmelita Torrents
119,216,2025-07-23,959.92,201.58,9.53,Cancelada,119,174,6,215.38,216,Carmelita,Torrents,garamburu@example.org,+34842 79 21 79,Premium,Activo,174,Hombre,Cuando juez trabajar historia don segundo mantener.,215.38,450,Agotado,1292.28,1535.2,2025-07,2025,7,Carmelita Torrents
120,207,2025-03-26,381.95,80.21,21.91,Pagada,120,37,3,16.79,207,Sofía,Sierra,modesto15@example.org,+34878 000 024,Regular,Inactivo,37,Abril,Mucha dinero antes mar centros amigo pesetas seguro.,16.79,280,Disponible,50.37,2702.3399999999997,2025-03,2025,3,Sofía Sierra
120,207,2025-03-26,381.95,80.21,21.91,Pagada,120,20,5,414.78,207,Sofía,Sierra,modesto15@example.org,+34878 000 024,Regular,Inactivo,20,Mantener,Número juez actitud.,414.78,307,Disponible,2073.8999999999996,2702.3399999999997,2025-03,2025,3,Sofía Sierra
120,207,2025-03-26,381.95,80.21,21.91,Pagada,120,4,4,103.54,207,Sofía,Sierra,modesto15@example.org,+34878 000 024,Regular,Inactivo,4,Les,Sur técnica menos.,103.54,266,Disponible,414.16,2702.3399999999997,2025-03,2025,3,Sofía Sierra
120,207,2025-03-26,381.95,80.21,21.91,Pagada,120,60,1,163.91,207,Sofía,Sierra,modesto15@example.org,+34878 000 024,Regular,Inactivo,60,Resultado,Ciudad toma trabajadores resulta gonzález valores.,163.91,84,Agotado,163.91,2702.3399999999997,2025-03,2025,3,Sofía Sierra
121,15,2025-05-15,1420.77,298.36,47.45,Pagada,121,172,7,252.21,15,Guiomar,Chaves,arambururufina@example.org,+34 900 80 97 41,VIP,Activo,172,Cómo,Afirmó economía miedo buenos.,252.21,215,Agotado,1765.47,2841.87,2025-05,2025,5,Guiomar Chaves
121,15,2025-05-15,1420.77,298.36,47.45,Pagada,121,99,8,134.55,15,Guiomar,Chaves,arambururufina@example.org,+34 900 80 97 41,VIP,Activo,99,Dicen,Uno conjunto principales abril.,134.55,419,Disponible,1076.4,2841.87,2025-05,2025,5,Guiomar Chaves
122,18,2025-07-29,659.45,138.48,87.54,Pagada,122,13,4,171.79,18,Chus,Suarez,albadavila@example.net,+34 748587799,VIP,Inactivo,13,Justicia,Muerto medidas esas miedo valores juego solución.,171.79,227,Agotado,687.16,2617.66,2025-07,2025,7,Chus Suarez
122,18,2025-07-29,659.45,138.48,87.54,Pagada,122,40,9,214.5,18,Chus,Suarez,albadavila@example.net,+34 748587799,VIP,Inactivo,40,Tan,Cultura no vista calidad cantidad posibilidad vio social.,214.5,472,Agotado,1930.5,2617.66,2025-07,2025,7,Chus Suarez
123,129,2025-08-20,1460.13,306.63,67.08,Pendiente,123,31,4,80.17,129,Modesta,Cuesta,abascalfortunata@example.com,+34976 68 66 70,Regular,Activo,31,México,Ellas humana dijo estados.,80.17,475,Disponible,320.68,850.1800000000001,2025-08,2025,8,Modesta Cuesta
123,129,2025-08-20,1460.13,306.63,67.08,Pendiente,123,159,6,88.25,129,Modesta,Cuesta,abascalfortunata@example.com,+34976 68 66 70,Regular,Activo,159,Salida,Tales armas cualquier personas mirada humanos programa deja.,88.25,102,Agotado,529.5,850.1800000000001,2025-08,2025,8,Modesta Cuesta
124,53,2025-06-11,1290.1,270.92,62.84,Cancelada,124,109,9,347.96,53,Jenaro,Almansa,liliana34@example.net,+34983 104 132,Premium,Activo,109,Libros,Crisis llegó don lado.,347.96,89,Disponible,3131.64,6897.219999999999,2025-06,2025,6,Jenaro Almansa
124,53,2025-06-11,1290.1,270.92,62.84,Cancelada,124,20,4,414.78,53,Jenaro,Almansa,liliana34@example.net,+34983 104 132,Premium,Activo,20,Mantener,Número juez actitud.,414.78,307,Disponible,1659.12,6897.219999999999,2025-06,2025,6,Jenaro Almansa
124,53,2025-06-11,1290.1,270.92,62.84,Cancelada,124,133,3,101.02,53,Jenaro,Almansa,liliana34@example.net,+34983 104 132,Premium,Activo,133,Unidad,Más marcha libre única persona antonio evitar propios.,101.02,182,Agotado,303.06,6897.219999999999,2025-06,2025,6,Jenaro Almansa
124,53,2025-06-11,1290.1,270.92,62.84,Cancelada,124,84,4,450.85,53,Jenaro,Almansa,liliana34@example.net,+34983 104 132,Premium,Activo,84,Llegar,Una consecuencia cosas español éste queda.,450.85,346,Agotado,1803.4,6897.219999999999,2025-06,2025,6,Jenaro Almansa
125,231,2025-10-12,347.67,73.01,92.93,Pendiente,125,111,9,186.39,231,María Del Carmen,Lastra,wtomas@example.com,+34827345847,Premium,Inactivo,111,Informe,Momento al estamos b período revolución interés.,186.39,133,Agotado,1677.5099999999998,10335.289999999999,2025-10,2025,10,María Del Carmen Lastra
125,231,2025-10-12,347.67,73.01,92.93,Pendiente,125,95,2,437.97,231,María Del Carmen,Lastra,wtomas@example.com,+34827345847,Premium,Inactivo,95,Fiscal,Ii centros objetivo es larga.,437.97,492,Disponible,875.94,10335.289999999999,2025-10,2025,10,María Del Carmen Lastra
125,231,2025-10-12,347.67,73.01,92.93,Pendiente,125,48,2,5.78,231,María Del Carmen,Lastra,wtomas@example.com,+34827345847,Premium,Inactivo,48,Últimos,Atrás hombre vez g debe carrera.,5.78,123,Agotado,11.56,10335.289999999999,2025-10,2025,10,María Del Carmen Lastra
125,231,2025-10-12,347.67,73.01,92.93,Pendiente,125,14,6,189.89,231,María Del Carmen,Lastra,wtomas@example.com,+34827345847,Premium,Inactivo,14,Asociación,Futuro mano ellos hubiera llega campaña máximo.,189.89,409,Agotado,1139.34,10335.289999999999,2025-10,2025,10,María Del Carmen Lastra
125,231,2025-10-12,347.67,73.01,92.93,Pendiente,125,130,6,52.11,231,María Del Carmen,Lastra,wtomas@example.com,+34827345847,Premium,Inactivo,130,Nivel,Necesidad artículo c adelante.,52.11,7,Agotado,312.65999999999997,10335.289999999999,2025-10,2025,10,María Del Carmen Lastra
125,231,2025-10-12,347.67,73.01,92.93,Pendiente,125,72,9,121.46,231,María Del Carmen,Lastra,wtomas@example.com,+34827345847,Premium,Inactivo,72,Madrid,Zonas vista intereses aspecto región acuerdo.,121.46,25,Disponible,1093.1399999999999,10335.289999999999,2025-10,2025,10,María Del Carmen Lastra
125,231,2025-10-12,347.67,73.01,92.93,Pendiente,125,171,8,335.82,231,María Del Carmen,Lastra,wtomas@example.com,+34827345847,Premium,Inactivo,171,Ésta,Unidos idea seguridad cabo.,335.82,291,Disponible,2686.56,10335.289999999999,2025-10,2025,10,María Del Carmen Lastra
125,231,2025-10-12,347.67,73.01,92.93,Pendiente,125,171,7,335.82,231,María Del Carmen,Lastra,wtomas@example.com,+34827345847,Premium,Inactivo,171,Ésta,Unidos idea seguridad cabo.,335.82,291,Disponible,2350.74,10335.289999999999,2025-10,2025,10,María Del Carmen Lastra
125,231,2025-10-12,347.67,73.01,92.93,Pendiente,125,154,1,187.84,231,María Del Carmen,Lastra,wtomas@example.com,+34827345847,Premium,Inactivo,154,Solamente,Negro siguientes cabeza allá.,187.84,173,Agotado,187.84,10335.289999999999,2025-10,2025,10,María Del Carmen Lastra
126,47,2025-11-07,1889.74,396.85,84.84,Pendiente,126,33,1,385.45,47,Juan Luis,Briones,victorinobastida@example.com,+34 885266138,VIP,Activo,33,Mes,Presidente lugar va iba.,385.45,332,Disponible,385.45,3863.5699999999997,2025-11,2025,11,Juan Luis Briones
126,47,2025-11-07,1889.74,396.85,84.84,Pendiente,126,6,2,324.78,47,Juan Luis,Briones,victorinobastida@example.com,+34 885266138,VIP,Activo,6,Decía,General pacientes parís visto solución agua cualquier.,324.78,112,Disponible,649.56,3863.5699999999997,2025-11,2025,11,Juan Luis Briones
126,47,2025-11-07,1889.74,396.85,84.84,Pendiente,126,86,8,80.5,47,Juan Luis,Briones,victorinobastida@example.com,+34 885266138,VIP,Activo,86,Nuestra,Habla relación unión familia trata medidas nuevo.,80.5,209,Agotado,644.0,3863.5699999999997,2025-11,2025,11,Juan Luis Briones
126,47,2025-11-07,1889.74,396.85,84.84,Pendiente,126,58,7,312.08,47,Juan Luis,Briones,victorinobastida@example.com,+34 885266138,VIP,Activo,58,Manos,Llamado cabeza datos cuando mirada carlos.,312.08,88,Agotado,2184.56,3863.5699999999997,2025-11,2025,11,Juan Luis Briones
127,213,2025-12-20,1656.1,347.78,23.78,Cancelada,127,192,6,198.44,213,Natividad,Doménech,rocaluna@example.net,+34 800 89 22 14,Regular,Inactivo,192,Grandes,Banco problema voy cosa suerte dólares.,198.44,494,Agotado,1190.6399999999999,2734.66,2025-12,2025,12,Natividad Doménech
127,213,2025-12-20,1656.1,347.78,23.78,Cancelada,127,169,3,285.62,213,Natividad,Doménech,rocaluna@example.net,+34 800 89 22 14,Regular,Inactivo,169,Nunca,Queda cambio función nuestros libre.,285.62,272,Agotado,856.86,2734.66,2025-12,2025,12,Natividad Doménech
127,213,2025-12-20,1656.1,347.78,23.78,Cancelada,127,13,4,171.79,213,Natividad,Doménech,rocaluna@example.net,+34 800 89 22 14,Regular,Inactivo,13,Justicia,Muerto medidas esas miedo valores juego solución.,171.79,227,Agotado,687.16,2734.66,2025-12,2025,12,Natividad Doménech
128,228,2025-07-21,1154.68,242.48,94.24,Pendiente,128,107,6,271.15,228,Itziar,Barragán,vhernandez@example.net,+34 982 941 165,VIP,Activo,107,Proyecto,Sabía papel blanco encuentran régimen particular.,271.15,154,Agotado,1626.8999999999999,1626.8999999999999,2025-07,2025,7,Itziar Barragán
129,152,2025-08-03,1695.7,356.1,33.13,Pendiente,129,90,3,468.45,152,Amaro,Gibert,franciscojorge@example.org,+34 803 22 75 48,VIP,Inactivo,90,Apenas,Final cierto tema pensar suerte cual expresión.,468.45,256,Agotado,1405.35,3024.8999999999996,2025-08,2025,8,Amaro Gibert
129,152,2025-08-03,1695.7,356.1,33.13,Pendiente,129,42,9,179.95,152,Amaro,Gibert,franciscojorge@example.org,+34 803 22 75 48,VIP,Inactivo,42,N,Pasó quién jóvenes.,179.95,121,Disponible,1619.55,3024.8999999999996,2025-08,2025,8,Amaro Gibert
130,194,2025-12-22,1912.64,401.65,51.22,Cancelada,130,6,8,324.78,194,Jordán,Gallardo,emena@example.net,+34 928 97 52 49,Regular,Inactivo,6,Decía,General pacientes parís visto solución agua cualquier.,324.78,112,Disponible,2598.24,12692.51,2025-12,2025,12,Jordán Gallardo
130,194,2025-12-22,1912.64,401.65,51.22,Cancelada,130,102,8,396.64,194,Jordán,Gallardo,emena@example.net,+34 928 97 52 49,Regular,Inactivo,102,Debía,Esas vivir metros máximo.,396.64,64,Disponible,3173.12,12692.51,2025-12,2025,12,Jordán Gallardo
130,194,2025-12-22,1912.64,401.65,51.22,Cancelada,130,90,9,468.45,194,Jordán,Gallardo,emena@example.net,+34 928 97 52 49,Regular,Inactivo,90,Apenas,Final cierto tema pensar suerte cual expresión.,468.45,256,Agotado,4216.05,12692.51,2025-12,2025,12,Jordán Gallardo
130,194,2025-12-22,1912.64,401.65,51.22,Cancelada,130,84,6,450.85,194,Jordán,Gallardo,emena@example.net,+34 928 97 52 49,Regular,Inactivo,84,Llegar,Una consecuencia cosas español éste queda.,450.85,346,Agotado,2705.1000000000004,12692.51,2025-12,2025,12,Jordán Gallardo
132,267,2025-06-19,55.08,11.57,68.54,Pagada,132,85,10,95.28,267,Aitana,Manjón,carinaparejo@example.com,+34887027854,VIP,Activo,85,Propio,Atrás servicio me momentos período.,95.28,408,Disponible,952.8,1967.1599999999999,2025-06,2025,6,Aitana Manjón
132,267,2025-06-19,55.08,11.57,68.54,Pagada,132,9,6,66.96,267,Aitana,Manjón,carinaparejo@example.com,+34887027854,VIP,Activo,9,Sueño,Hacia popular guerra esa misma jamás mayores.,66.96,223,Agotado,401.76,1967.1599999999999,2025-06,2025,6,Aitana Manjón
132,267,2025-06-19,55.08,11.57,68.54,Pagada,132,17,2,159.63,267,Aitana,Manjón,carinaparejo@example.com,+34887027854,VIP,Activo,17,Pasó,Tan proyectos si tierra fuerzas popular.,159.63,336,Agotado,319.26,1967.1599999999999,2025-06,2025,6,Aitana Manjón
132,267,2025-06-19,55.08,11.57,68.54,Pagada,132,10,6,48.89,267,Aitana,Manjón,carinaparejo@example.com,+34887027854,VIP,Activo,10,Paso,Deseo político ésta cosas comunidad sectores frente.,48.89,176,Agotado,293.34000000000003,1967.1599999999999,2025-06,2025,6,Aitana Manjón
134,273,2025-03-17,1379.72,289.74,98.85,Pendiente,134,61,6,301.99,273,Oriana,Sánchez,gallardoanna@example.com,+34849636040,Premium,Inactivo,61,Propio,Servicio real j varias hacia paso.,301.99,463,Agotado,1811.94,5709.46,2025-03,2025,3,Oriana Sánchez
134,273,2025-03-17,1379.72,289.74,98.85,Pendiente,134,153,5,197.04,273,Oriana,Sánchez,gallardoanna@example.com,+34849636040,Premium,Inactivo,153,Cuestión,Experiencia secretario nosotros fuerte estudio cuarto mayoría.,197.04,250,Agotado,985.1999999999999,5709.46,2025-03,2025,3,Oriana Sánchez
134,273,2025-03-17,1379.72,289.74,98.85,Pendiente,134,30,2,23.45,273,Oriana,Sánchez,gallardoanna@example.com,+34849636040,Premium,Inactivo,30,Pueblo,Juicio actividad calle total diferentes.,23.45,430,Disponible,46.9,5709.46,2025-03,2025,3,Oriana Sánchez
134,273,2025-03-17,1379.72,289.74,98.85,Pendiente,134,27,6,477.57,273,Oriana,Sánchez,gallardoanna@example.com,+34849636040,Premium,Inactivo,27,Decía,Aún actitud deja julio dónde.,477.57,317,Agotado,2865.42,5709.46,2025-03,2025,3,Oriana Sánchez
135,205,2025-10-13,724.33,152.11,90.89,Pagada,135,80,9,477.47,205,Cornelio,Andres,inocencionarvaez@example.com,+34 987 968 198,Premium,Inactivo,80,Tenemos,Izquierda pueblo meses años.,477.47,20,Agotado,4297.2300000000005,8159.1900000000005,2025-10,2025,10,Cornelio Andres
135,205,2025-10-13,724.33,152.11,90.89,Pagada,135,9,10,66.96,205,Cornelio,Andres,inocencionarvaez@example.com,+34 987 968 198,Premium,Inactivo,9,Sueño,Hacia popular guerra esa misma jamás mayores.,66.96,223,Agotado,669.5999999999999,8159.1900000000005,2025-10,2025,10,Cornelio Andres
135,205,2025-10-13,724.33,152.11,90.89,Pagada,135,103,8,374.6,205,Cornelio,Andres,inocencionarvaez@example.com,+34 987 968 198,Premium,Inactivo,103,Tan,Muerto imposible estaba tenía.,374.6,470,Disponible,2996.8,8159.1900000000005,2025-10,2025,10,Cornelio Andres
135,205,2025-10-13,724.33,152.11,90.89,Pagada,135,10,4,48.89,205,Cornelio,Andres,inocencionarvaez@example.com,+34 987 968 198,Premium,Inactivo,10,Paso,Deseo político ésta cosas comunidad sectores frente.,48.89,176,Agotado,195.56,8159.1900000000005,2025-10,2025,10,Cornelio Andres
136,47,2025-09-10,159.57,33.51,15.39,Pendiente,136,164,1,93.08,47,Juan Luis,Briones,victorinobastida@example.com,+34 885266138,VIP,Activo,164,Animales,Vino siglo deseo difícil.,93.08,143,Agotado,93.08,6163.19,2025-09,2025,9,Juan Luis Briones
136,47,2025-09-10,159.57,33.51,15.39,Pendiente,136,21,7,425.47,47,Juan Luis,Briones,victorinobastida@example.com,+34 885266138,VIP,Activo,21,Base,Se social favor sólo psoe.,425.47,332,Disponible,2978.29,6163.19,2025-09,2025,9,Juan Luis Briones
136,47,2025-09-10,159.57,33.51,15.39,Pendiente,136,161,2,189.27,47,Juan Luis,Briones,victorinobastida@example.com,+34 885266138,VIP,Activo,161,Cuales,Vía sola valores entrar capacidad chile últimos.,189.27,468,Agotado,378.54,6163.19,2025-09,2025,9,Juan Luis Briones
136,47,2025-09-10,159.57,33.51,15.39,Pendiente,136,181,8,262.69,47,Juan Luis,Briones,victorinobastida@example.com,+34 885266138,VIP,Activo,181,Mes,Barcelona capital razones pueden pasar tampoco.,262.69,115,Disponible,2101.52,6163.19,2025-09,2025,9,Juan Luis Briones
136,47,2025-09-10,159.57,33.51,15.39,Pendiente,136,11,4,152.94,47,Juan Luis,Briones,victorinobastida@example.com,+34 885266138,VIP,Activo,11,Muerte,Programas largo destino señor militar base.,152.94,406,Disponible,611.76,6163.19,2025-09,2025,9,Juan Luis Briones
137,234,2025-11-22,1515.29,318.21,52.31,Pendiente,137,14,2,189.89,234,Epifanio,Balaguer,bllorente@example.org,+34973010172,VIP,Activo,14,Asociación,Futuro mano ellos hubiera llega campaña máximo.,189.89,409,Agotado,379.78,6006.62,2025-11,2025,11,Epifanio Balaguer
137,234,2025-11-22,1515.29,318.21,52.31,Pendiente,137,168,6,301.18,234,Epifanio,Balaguer,bllorente@example.org,+34973010172,VIP,Activo,168,Encuentra,Cargo esos quien sectores voluntad.,301.18,211,Disponible,1807.08,6006.62,2025-11,2025,11,Epifanio Balaguer
137,234,2025-11-22,1515.29,318.21,52.31,Pendiente,137,80,8,477.47,234,Epifanio,Balaguer,bllorente@example.org,+34973010172,VIP,Activo,80,Tenemos,Izquierda pueblo meses años.,477.47,20,Agotado,3819.76,6006.62,2025-11,2025,11,Epifanio Balaguer
138,47,2025-03-09,1330.77,279.46,41.83,Pendiente,138,101,4,65.27,47,Juan Luis,Briones,victorinobastida@example.com,+34 885266138,VIP,Activo,101,Siendo,Juego interés hoy internacional.,65.27,195,Disponible,261.08,7038.1900000000005,2025-03,2025,3,Juan Luis Briones
138,47,2025-03-09,1330.77,279.46,41.83,Pendiente,138,17,4,159.63,47,Juan Luis,Briones,victorinobastida@example.com,+34 885266138,VIP,Activo,17,Pasó,Tan proyectos si tierra fuerzas popular.,159.63,336,Agotado,638.52,7038.1900000000005,2025-03,2025,3,Juan Luis Briones
138,47,2025-03-09,1330.77,279.46,41.83,Pendiente,138,21,3,425.47,47,Juan Luis,Briones,victorinobastida@example.com,+34 885266138,VIP,Activo,21,Base,Se social favor sólo psoe.,425.47,332,Disponible,1276.41,7038.1900000000005,2025-03,2025,3,Juan Luis Briones
138,47,2025-03-09,1330.77,279.46,41.83,Pendiente,138,54,10,369.62,47,Juan Luis,Briones,victorinobastida@example.com,+34 885266138,VIP,Activo,54,Fecha,Mayor río eran peor podía comunicación.,369.62,346,Agotado,3696.2,7038.1900000000005,2025-03,2025,3,Juan Luis Briones
138,47,2025-03-09,1330.77,279.46,41.83,Pendiente,138,23,1,493.23,47,Juan Luis,Briones,victorinobastida@example.com,+34 885266138,VIP,Activo,23,Así,Hombres poco y vuelta pequeño vuelta sociedad.,493.23,179,Disponible,493.23,7038.1900000000005,2025-03,2025,3,Juan Luis Briones
138,47,2025-03-09,1330.77,279.46,41.83,Pendiente,138,99,5,134.55,47,Juan Luis,Briones,victorinobastida@example.com,+34 885266138,VIP,Activo,99,Dicen,Uno conjunto principales abril.,134.55,419,Disponible,672.75,7038.1900000000005,2025-03,2025,3,Juan Luis Briones
140,9,2025-05-25,1908.71,400.83,44.02,Pagada,140,24,4,194.75,9,Rosenda,Nevado,montserratbravo@example.com,+34932 405 725,Regular,Inactivo,24,Podemos,Hicieron número y poco niños.,194.75,183,Agotado,779.0,1725.35,2025-05,2025,5,Rosenda Nevado
140,9,2025-05-25,1908.71,400.83,44.02,Pagada,140,161,5,189.27,9,Rosenda,Nevado,montserratbravo@example.com,+34932 405 725,Regular,Inactivo,161,Cuales,Vía sola valores entrar capacidad chile últimos.,189.27,468,Agotado,946.35,1725.35,2025-05,2025,5,Rosenda Nevado
141,52,2025-10-10,896.85,188.34,66.65,Pagada,141,79,6,108.65,52,Ana Sofía,Calderón,qllopis@example.net,+34 941 565 087,Premium,Inactivo,79,Humana,Orden necesidad m casi.,108.65,476,Agotado,651.9000000000001,4324.1,2025-10,2025,10,Ana Sofía Calderón
141,52,2025-10-10,896.85,188.34,66.65,Pagada,141,80,6,477.47,52,Ana Sofía,Calderón,qllopis@example.net,+34 941 565 087,Premium,Inactivo,80,Tenemos,Izquierda pueblo meses años.,477.47,20,Agotado,2864.82,4324.1,2025-10,2025,10,Ana Sofía Calderón
141,52,2025-10-10,896.85,188.34,66.65,Pagada,141,132,2,365.29,52,Ana Sofía,Calderón,qllopis@example.net,+34 941 565 087,Premium,Inactivo,132,Sala,Primera parte tomar las.,365.29,480,Disponible,730.58,4324.1,2025-10,2025,10,Ana Sofía Calderón
141,52,2025-10-10,896.85,188.34,66.65,Pagada,141,106,6,12.8,52,Ana Sofía,Calderón,qllopis@example.net,+34 941 565 087,Premium,Inactivo,106,Cosas,García ciento medios datos fuerzas derechos pone un.,12.8,281,Agotado,76.80000000000001,4324.1,2025-10,2025,10,Ana Sofía Calderón
142,290,2025-04-04,1906.63,400.39,13.82,Pendiente,142,74,6,155.29,290,Herminia,Agudo,ribasgaspar@example.org,+34 856 109 082,Premium,Inactivo,74,Puerta,Precisamente voy vez república u militar.,155.29,404,Agotado,931.74,931.74,2025-04,2025,4,Herminia Agudo
143,120,2025-05-27,1685.25,353.9,19.33,Pendiente,143,91,1,206.95,120,Simón,Ocaña,jmartorell@example.com,+34983 233 531,Premium,Activo,91,España,Industria estoy hora gonzález madre.,206.95,474,Disponible,206.95,1241.52,2025-05,2025,5,Simón Ocaña
143,120,2025-05-27,1685.25,353.9,19.33,Pendiente,143,76,1,379.02,120,Simón,Ocaña,jmartorell@example.com,+34983 233 531,Premium,Activo,76,Había,Suelo orden victoria precio.,379.02,239,Disponible,379.02,1241.52,2025-05,2025,5,Simón Ocaña
143,120,2025-05-27,1685.25,353.9,19.33,Pendiente,143,110,1,250.8,120,Simón,Ocaña,jmartorell@example.com,+34983 233 531,Premium,Activo,110,Información,Problema contra deseo seguir ii.,250.8,315,Agotado,250.8,1241.52,2025-05,2025,5,Simón Ocaña
143,120,2025-05-27,1685.25,353.9,19.33,Pendiente,143,8,1,404.75,120,Simón,Ocaña,jmartorell@example.com,+34983 233 531,Premium,Activo,8,Quién,Uno hora diversos salida junto para educación.,404.75,366,Agotado,404.75,1241.52,2025-05,2025,5,Simón Ocaña
144,43,2025-10-06,1547.76,325.03,73.61,Cancelada,144,168,8,301.18,43,Feliciana,Lorenzo,blancabienvenida@example.com,+34 843485204,Premium,Inactivo,168,Encuentra,Cargo esos quien sectores voluntad.,301.18,211,Disponible,2409.44,8762.85,2025-10,2025,10,Feliciana Lorenzo
144,43,2025-10-06,1547.76,325.03,73.61,Cancelada,144,195,1,173.64,43,Feliciana,Lorenzo,blancabienvenida@example.com,+34 843485204,Premium,Inactivo,195,Español,Educación palabras millones jorge fuentes.,173.64,5,Disponible,173.64,8762.85,2025-10,2025,10,Feliciana Lorenzo
144,43,2025-10-06,1547.76,325.03,73.61,Cancelada,144,115,5,366.21,43,Feliciana,Lorenzo,blancabienvenida@example.com,+34 843485204,Premium,Inactivo,115,Este,Precisamente fue debe fuego primero futuro.,366.21,469,Agotado,1831.05,8762.85,2025-10,2025,10,Feliciana Lorenzo
144,43,2025-10-06,1547.76,325.03,73.61,Cancelada,144,22,5,359.18,43,Feliciana,Lorenzo,blancabienvenida@example.com,+34 843485204,Premium,Inactivo,22,Cuales,Fútbol especial luz especie sangre acerca.,359.18,37,Disponible,1795.9,8762.85,2025-10,2025,10,Feliciana Lorenzo
144,43,2025-10-06,1547.76,325.03,73.61,Cancelada,144,21,6,425.47,43,Feliciana,Lorenzo,blancabienvenida@example.com,+34 843485204,Premium,Inactivo,21,Base,Se social favor sólo psoe.,425.47,332,Disponible,2552.82,8762.85,2025-10,2025,10,Feliciana Lorenzo
145,255,2025-09-06,1265.94,265.85,6.73,Pendiente,145,161,8,189.27,255,Ana Belén,Ugarte,eusebia55@example.com,+34944 895 004,Premium,Activo,161,Cuales,Vía sola valores entrar capacidad chile últimos.,189.27,468,Agotado,1514.16,2034.48,2025-09,2025,9,Ana Belén Ugarte
145,255,2025-09-06,1265.94,265.85,6.73,Pendiente,145,157,8,65.04,255,Ana Belén,Ugarte,eusebia55@example.com,+34944 895 004,Premium,Activo,157,España,Si s grande años presencia serán servicios poco.,65.04,72,Agotado,520.32,2034.48,2025-09,2025,9,Ana Belén Ugarte
146,273,2025-05-31,1109.61,233.02,67.71,Pagada,146,91,6,206.95,273,Oriana,Sánchez,gallardoanna@example.com,+34849636040,Premium,Inactivo,91,España,Industria estoy hora gonzález madre.,206.95,474,Disponible,1241.6999999999998,3817.8599999999997,2025-05,2025,5,Oriana Sánchez
146,273,2025-05-31,1109.61,233.02,67.71,Pagada,146,150,6,429.36,273,Oriana,Sánchez,gallardoanna@example.com,+34849636040,Premium,Inactivo,150,Falta,Trabajo entonces derechos sector quien parecía él.,429.36,306,Disponible,2576.16,3817.8599999999997,2025-05,2025,5,Oriana Sánchez
147,272,2026-01-11,98.15,20.61,33.97,Pagada,147,125,4,199.13,272,Francisco Javier,Llanos,febeherrero@example.org,+34928 399 657,Regular,Inactivo,125,Habría,Esa encuentra nuevas iba políticos etapa ese seguir.,199.13,334,Disponible,796.52,2269.25,2026-01,2026,1,Francisco Javier Llanos
147,272,2026-01-11,98.15,20.61,33.97,Pagada,147,128,3,490.91,272,Francisco Javier,Llanos,febeherrero@example.org,+34928 399 657,Regular,Inactivo,128,Le,Mirada entonces pie.,490.91,305,Disponible,1472.73,2269.25,2026-01,2026,1,Francisco Javier Llanos
148,142,2025-12-30,1708.24,358.73,52.86,Pagada,148,137,2,467.39,142,Isaías,Gámez,srosell@example.com,+34971 128 749,Premium,Inactivo,137,Metros,Fondo total derechos comercio alto congreso.,467.39,6,Agotado,934.78,3759.14,2025-12,2025,12,Isaías Gámez
148,142,2025-12-30,1708.24,358.73,52.86,Pagada,148,147,1,281.76,142,Isaías,Gámez,srosell@example.com,+34971 128 749,Premium,Inactivo,147,Enero,Eran otro programas los sino.,281.76,363,Disponible,281.76,3759.14,2025-12,2025,12,Isaías Gámez
148,142,2025-12-30,1708.24,358.73,52.86,Pagada,148,182,10,254.26,142,Isaías,Gámez,srosell@example.com,+34971 128 749,Premium,Inactivo,182,Especialmente,Meses cosas luz volver reforma necesidad duda.,254.26,340,Disponible,2542.6,3759.14,2025-12,2025,12,Isaías Gámez
149,154,2025-04-02,1033.01,216.93,65.53,Pendiente,149,160,7,90.09,154,Sarita,Salamanca,teodoro15@example.org,+34800 66 77 97,VIP,Activo,160,Sala,Largo puso situación noche operación calle.,90.09,148,Agotado,630.63,630.63,2025-04,2025,4,Sarita Salamanca
150,290,2025-02-24,792.27,166.38,50.37,Pagada,150,153,8,197.04,290,Herminia,Agudo,ribasgaspar@example.org,+34 856 109 082,Premium,Inactivo,153,Cuestión,Experiencia secretario nosotros fuerte estudio cuarto mayoría.,197.04,250,Agotado,1576.32,3379.7200000000003,2025-02,2025,2,Herminia Agudo
150,290,2025-02-24,792.27,166.38,50.37,Pagada,150,84,4,450.85,290,Herminia,Agudo,ribasgaspar@example.org,+34 856 109 082,Premium,Inactivo,84,Llegar,Una consecuencia cosas español éste queda.,450.85,346,Agotado,1803.4,3379.7200000000003,2025-02,2025,2,Herminia Agudo
151,254,2025-08-08,112.8,23.69,84.35,Cancelada,151,97,6,388.66,254,Cecilia,Arias,abilio24@example.org,+34869165008,Premium,Inactivo,97,Plan,Vista trata problemas varias fuera.,388.66,322,Disponible,2331.96,2331.96,2025-08,2025,8,Cecilia Arias
153,99,2025-07-27,1178.12,247.41,17.75,Pendiente,153,145,7,443.0,99,Elías,Paniagua,pablo52@example.com,+34 941 02 26 38,Regular,Activo,145,Allí,Gran ahí palabra.,443.0,127,Disponible,3101.0,7923.02,2025-07,2025,7,Elías Paniagua
153,99,2025-07-27,1178.12,247.41,17.75,Pendiente,153,110,6,250.8,99,Elías,Paniagua,pablo52@example.com,+34 941 02 26 38,Regular,Activo,110,Información,Problema contra deseo seguir ii.,250.8,315,Agotado,1504.8000000000002,7923.02,2025-07,2025,7,Elías Paniagua
153,99,2025-07-27,1178.12,247.41,17.75,Pendiente,153,71,8,67.09,99,Elías,Paniagua,pablo52@example.com,+34 941 02 26 38,Regular,Activo,71,Fuerte,Junio desarrollo muchas ya grandes pues puso.,67.09,299,Agotado,536.72,7923.02,2025-07,2025,7,Elías Paniagua
153,99,2025-07-27,1178.12,247.41,17.75,Pendiente,153,144,10,278.05,99,Elías,Paniagua,pablo52@example.com,+34 941 02 26 38,Regular,Activo,144,Quizá,Al texto fuego esa.,278.05,147,Agotado,2780.5,7923.02,2025-07,2025,7,Elías Paniagua
155,123,2025-11-18,202.24,42.47,44.22,Pendiente,155,34,8,16.85,123,César,Valencia,rosalva80@example.org,+34826 458 200,VIP,Inactivo,34,Guerra,Justicia pesetas luego partido hoy.,16.85,324,Agotado,134.8,134.8,2025-11,2025,11,César Valencia
156,99,2025-12-04,1145.09,240.47,71.82,Cancelada,156,55,6,463.42,99,Elías,Paniagua,pablo52@example.com,+34 941 02 26 38,Regular,Activo,55,Acuerdo,Sociales han comisión estaban formación sistema punto.,463.42,63,Agotado,2780.52,4288.18,2025-12,2025,12,Elías Paniagua
156,99,2025-12-04,1145.09,240.47,71.82,Cancelada,156,174,7,215.38,99,Elías,Paniagua,pablo52@example.com,+34 941 02 26 38,Regular,Activo,174,Hombre,Cuando juez trabajar historia don segundo mantener.,215.38,450,Agotado,1507.6599999999999,4288.18,2025-12,2025,12,Elías Paniagua
157,298,2025-03-10,150.73,31.65,16.87,Pendiente,157,143,9,341.76,298,Máxima,Sola,octavio28@example.net,+34 973 98 01 75,Regular,Activo,143,Cual,Oro expresión precios j siempre opinión por.,341.76,481,Agotado,3075.84,3075.84,2025-03,2025,3,Máxima Sola
158,123,2025-11-13,868.46,182.38,97.26,Cancelada,158,111,10,186.39,123,César,Valencia,rosalva80@example.org,+34826 458 200,VIP,Inactivo,111,Informe,Momento al estamos b período revolución interés.,186.39,133,Agotado,1863.8999999999999,5571.26,2025-11,2025,11,César Valencia
158,123,2025-11-13,868.46,182.38,97.26,Cancelada,158,55,8,463.42,123,César,Valencia,rosalva80@example.org,+34826 458 200,VIP,Inactivo,55,Acuerdo,Sociales han comisión estaban formación sistema punto.,463.42,63,Agotado,3707.36,5571.26,2025-11,2025,11,César Valencia
159,116,2025-11-14,1072.43,225.21,50.06,Cancelada,159,166,8,308.83,116,Chelo,Herrera,maria-dolores11@example.org,+34845476248,Regular,Inactivo,166,Deja,Favor negro siete gobierno construcción estuvo quiere éste.,308.83,67,Agotado,2470.64,2470.64,2025-11,2025,11,Chelo Herrera
160,40,2025-05-25,768.24,161.33,18.99,Cancelada,160,123,8,40.58,40,Nicolasa,Conesa,alfredomatas@example.com,+34 986 25 00 84,Premium,Inactivo,123,Tipo,Fiscal especialmente mañana vuelve evitar.,40.58,457,Disponible,324.64,4724.6,2025-05,2025,5,Nicolasa Conesa
160,40,2025-05-25,768.24,161.33,18.99,Cancelada,160,68,2,384.66,40,Nicolasa,Conesa,alfredomatas@example.com,+34 986 25 00 84,Premium,Inactivo,68,Particular,Quería diez realizar militar aire oposición parecía.,384.66,34,Disponible,769.32,4724.6,2025-05,2025,5,Nicolasa Conesa
160,40,2025-05-25,768.24,161.33,18.99,Cancelada,160,141,8,453.83,40,Nicolasa,Conesa,alfredomatas@example.com,+34 986 25 00 84,Premium,Inactivo,141,Sectores,Máximo trabajar dado.,453.83,198,Disponible,3630.64,4724.6,2025-05,2025,5,Nicolasa Conesa
161,140,2026-02-15,464.08,97.46,46.1,Pendiente,161,3,3,220.09,140,Juan Antonio,Cárdenas,alberdidionisio@example.net,+34824274546,Regular,Inactivo,3,Hacia,Uno chile esto tan tampoco río sino.,220.09,232,Agotado,660.27,7361.110000000001,2026-02,2026,2,Juan Antonio Cárdenas
161,140,2026-02-15,464.08,97.46,46.1,Pendiente,161,69,9,348.38,140,Juan Antonio,Cárdenas,alberdidionisio@example.net,+34824274546,Regular,Inactivo,69,Hoy,Economía presenta gracias época.,348.38,171,Disponible,3135.42,7361.110000000001,2026-02,2026,2,Juan Antonio Cárdenas
161,140,2026-02-15,464.08,97.46,46.1,Pendiente,161,17,8,159.63,140,Juan Antonio,Cárdenas,alberdidionisio@example.net,+34824274546,Regular,Inactivo,17,Pasó,Tan proyectos si tierra fuerzas popular.,159.63,336,Agotado,1277.04,7361.110000000001,2026-02,2026,2,Juan Antonio Cárdenas
161,140,2026-02-15,464.08,97.46,46.1,Pendiente,161,57,2,483.92,140,Juan Antonio,Cárdenas,alberdidionisio@example.net,+34824274546,Regular,Inactivo,57,Diferentes,Marco común otras.,483.92,269,Agotado,967.84,7361.110000000001,2026-02,2026,2,Juan Antonio Cárdenas
161,140,2026-02-15,464.08,97.46,46.1,Pendiente,161,3,6,220.09,140,Juan Antonio,Cárdenas,alberdidionisio@example.net,+34824274546,Regular,Inactivo,3,Hacia,Uno chile esto tan tampoco río sino.,220.09,232,Agotado,1320.54,7361.110000000001,2026-02,2026,2,Juan Antonio Cárdenas
162,44,2025-10-08,351.73,73.86,53.19,Cancelada,162,121,1,162.27,44,Obdulia,Almeida,gcabanillas@example.com,+34 807 803 624,Regular,Inactivo,121,Santa,Otros haciendo mientras bastante ambos debe condiciones pacientes.,162.27,402,Disponible,162.27,2057.11,2025-10,2025,10,Obdulia Almeida
162,44,2025-10-08,351.73,73.86,53.19,Cancelada,162,11,1,152.94,44,Obdulia,Almeida,gcabanillas@example.com,+34 807 803 624,Regular,Inactivo,11,Muerte,Programas largo destino señor militar base.,152.94,406,Disponible,152.94,2057.11,2025-10,2025,10,Obdulia Almeida
162,44,2025-10-08,351.73,73.86,53.19,Cancelada,162,69,5,348.38,44,Obdulia,Almeida,gcabanillas@example.com,+34 807 803 624,Regular,Inactivo,69,Hoy,Economía presenta gracias época.,348.38,171,Disponible,1741.9,2057.11,2025-10,2025,10,Obdulia Almeida
163,29,2025-04-13,823.92,173.02,62.25,Pagada,163,145,4,443.0,29,Pepe,Hernández,zapatasamuel@example.net,+34928287695,VIP,Activo,145,Allí,Gran ahí palabra.,443.0,127,Disponible,1772.0,1772.0,2025-04,2025,4,Pepe Hernández
164,161,2025-09-22,315.61,66.28,92.61,Pendiente,164,49,4,314.87,161,Maximiano,Segovia,icasals@example.com,+34846409545,Premium,Activo,49,Alrededor,Julio precios viaje donde aún.,314.87,376,Disponible,1259.48,12002.5,2025-09,2025,9,Maximiano Segovia
164,161,2025-09-22,315.61,66.28,92.61,Pendiente,164,104,5,452.46,161,Maximiano,Segovia,icasals@example.com,+34846409545,Premium,Activo,104,Pasó,Misma primeras hermano aunque esta.,452.46,174,Agotado,2262.2999999999997,12002.5,2025-09,2025,9,Maximiano Segovia
164,161,2025-09-22,315.61,66.28,92.61,Pendiente,164,184,7,251.53,161,Maximiano,Segovia,icasals@example.com,+34846409545,Premium,Activo,184,Sea,Vino época flores otras anterior ver.,251.53,255,Disponible,1760.71,12002.5,2025-09,2025,9,Maximiano Segovia
164,161,2025-09-22,315.61,66.28,92.61,Pendiente,164,121,6,162.27,161,Maximiano,Segovia,icasals@example.com,+34846409545,Premium,Activo,121,Santa,Otros haciendo mientras bastante ambos debe condiciones pacientes.,162.27,402,Disponible,973.6200000000001,12002.5,2025-09,2025,9,Maximiano Segovia
164,161,2025-09-22,315.61,66.28,92.61,Pendiente,164,144,9,278.05,161,Maximiano,Segovia,icasals@example.com,+34846409545,Premium,Activo,144,Quizá,Al texto fuego esa.,278.05,147,Agotado,2502.4500000000003,12002.5,2025-09,2025,9,Maximiano Segovia
164,161,2025-09-22,315.61,66.28,92.61,Pendiente,164,55,7,463.42,161,Maximiano,Segovia,icasals@example.com,+34846409545,Premium,Activo,55,Acuerdo,Sociales han comisión estaban formación sistema punto.,463.42,63,Agotado,3243.94,12002.5,2025-09,2025,9,Maximiano Segovia
165,22,2025-12-21,1680.34,352.87,44.67,Pendiente,165,20,2,414.78,22,Pascual,Salvador,herbertocorrea@example.net,+34 807 375 929,Premium,Activo,20,Mantener,Número juez actitud.,414.78,307,Disponible,829.56,7098.43,2025-12,2025,12,Pascual Salvador
165,22,2025-12-21,1680.34,352.87,44.67,Pendiente,165,37,5,16.79,22,Pascual,Salvador,herbertocorrea@example.net,+34 807 375 929,Premium,Activo,37,Abril,Mucha dinero antes mar centros amigo pesetas seguro.,16.79,280,Disponible,83.94999999999999,7098.43,2025-12,2025,12,Pascual Salvador
165,22,2025-12-21,1680.34,352.87,44.67,Pendiente,165,171,10,335.82,22,Pascual,Salvador,herbertocorrea@example.net,+34 807 375 929,Premium,Activo,171,Ésta,Unidos idea seguridad cabo.,335.82,291,Disponible,3358.2,7098.43,2025-12,2025,12,Pascual Salvador
165,22,2025-12-21,1680.34,352.87,44.67,Pendiente,165,152,8,199.29,22,Pascual,Salvador,herbertocorrea@example.net,+34 807 375 929,Premium,Activo,152,República,Línea existe jóvenes podemos puede.,199.29,270,Agotado,1594.32,7098.43,2025-12,2025,12,Pascual Salvador
165,22,2025-12-21,1680.34,352.87,44.67,Pendiente,165,85,2,95.28,22,Pascual,Salvador,herbertocorrea@example.net,+34 807 375 929,Premium,Activo,85,Propio,Atrás servicio me momentos período.,95.28,408,Disponible,190.56,7098.43,2025-12,2025,12,Pascual Salvador
165,22,2025-12-21,1680.34,352.87,44.67,Pendiente,165,195,6,173.64,22,Pascual,Salvador,herbertocorrea@example.net,+34 807 375 929,Premium,Activo,195,Español,Educación palabras millones jorge fuentes.,173.64,5,Disponible,1041.84,7098.43,2025-12,2025,12,Pascual Salvador
166,291,2025-03-12,594.9,124.93,91.49,Pagada,166,43,6,233.73,291,Luís,Saura,fortunato03@example.com,+34 841 63 70 33,VIP,Activo,43,Horas,Título total abril vez.,233.73,404,Disponible,1402.3799999999999,6121.22,2025-03,2025,3,Luís Saura
166,291,2025-03-12,594.9,124.93,91.49,Pagada,166,66,8,298.48,291,Luís,Saura,fortunato03@example.com,+34 841 63 70 33,VIP,Activo,66,Claro,Producción precisamente debía cabeza torno sala.,298.48,286,Disponible,2387.84,6121.22,2025-03,2025,3,Luís Saura
166,291,2025-03-12,594.9,124.93,91.49,Pagada,166,131,6,388.5,291,Luís,Saura,fortunato03@example.com,+34 841 63 70 33,VIP,Activo,131,Términos,Constitución psoe parece presente resultado julio mayoría.,388.5,408,Disponible,2331.0,6121.22,2025-03,2025,3,Luís Saura
167,269,2025-10-22,1538.96,323.18,67.63,Cancelada,167,35,5,251.74,269,Claudia,Serra,gaspar98@example.com,+34881 97 56 78,Regular,Activo,35,Igual,Carta haciendo hermano muerto dejó hijo da sistemas.,251.74,135,Agotado,1258.7,3464.7799999999997,2025-10,2025,10,Claudia Serra
167,269,2025-10-22,1538.96,323.18,67.63,Cancelada,167,167,8,275.76,269,Claudia,Serra,gaspar98@example.com,+34881 97 56 78,Regular,Activo,167,Antonio,Éste calidad encuentran.,275.76,90,Agotado,2206.08,3464.7799999999997,2025-10,2025,10,Claudia Serra
168,259,2026-02-14,1734.54,364.25,21.47,Pagada,168,36,2,478.21,259,Leire,Sainz,emiliamedina@example.org,+34 844 383 579,Regular,Activo,36,Valor,Fuera queda sería agua así pedro piel.,478.21,330,Disponible,956.42,4146.32,2026-02,2026,2,Leire Sainz
168,259,2026-02-14,1734.54,364.25,21.47,Pagada,168,77,3,369.38,259,Leire,Sainz,emiliamedina@example.org,+34 844 383 579,Regular,Activo,77,He,García blanco ni imágenes quien.,369.38,498,Agotado,1108.1399999999999,4146.32,2026-02,2026,2,Leire Sainz
168,259,2026-02-14,1734.54,364.25,21.47,Pagada,168,120,6,346.96,259,Leire,Sainz,emiliamedina@example.org,+34 844 383 579,Regular,Activo,120,Río,Elementos después sola rafael concepto menor análisis mayoría.,346.96,156,Disponible,2081.7599999999998,4146.32,2026-02,2026,2,Leire Sainz
169,43,2025-03-08,1618.36,339.86,62.92,Pendiente,169,102,4,396.64,43,Feliciana,Lorenzo,blancabienvenida@example.com,+34 843485204,Premium,Inactivo,102,Debía,Esas vivir metros máximo.,396.64,64,Disponible,1586.56,1586.56,2025-03,2025,3,Feliciana Lorenzo
170,118,2025-11-01,188.62,39.61,6.39,Cancelada,170,190,1,31.8,118,Montserrat,Antúnez,leopoldo32@example.org,+34 949 21 85 73,Premium,Inactivo,190,Artículo,Uno personas cine.,31.8,335,Agotado,31.8,5436.49,2025-11,2025,11,Montserrat Antúnez
170,118,2025-11-01,188.62,39.61,6.39,Cancelada,170,81,3,140.1,118,Montserrat,Antúnez,leopoldo32@example.org,+34 949 21 85 73,Premium,Inactivo,81,Joven,Centros españoles valor lleva bueno habrá.,140.1,414,Agotado,420.29999999999995,5436.49,2025-11,2025,11,Montserrat Antúnez
170,118,2025-11-01,188.62,39.61,6.39,Cancelada,170,120,4,346.96,118,Montserrat,Antúnez,leopoldo32@example.org,+34 949 21 85 73,Premium,Inactivo,120,Río,Elementos después sola rafael concepto menor análisis mayoría.,346.96,156,Disponible,1387.84,5436.49,2025-11,2025,11,Montserrat Antúnez
170,118,2025-11-01,188.62,39.61,6.39,Cancelada,170,80,7,477.47,118,Montserrat,Antúnez,leopoldo32@example.org,+34 949 21 85 73,Premium,Inactivo,80,Tenemos,Izquierda pueblo meses años.,477.47,20,Agotado,3342.29,5436.49,2025-11,2025,11,Montserrat Antúnez
170,118,2025-11-01,188.62,39.61,6.39,Cancelada,170,182,1,254.26,118,Montserrat,Antúnez,leopoldo32@example.org,+34 949 21 85 73,Premium,Inactivo,182,Especialmente,Meses cosas luz volver reforma necesidad duda.,254.26,340,Disponible,254.26,5436.49,2025-11,2025,11,Montserrat Antúnez
171,291,2025-05-09,49.49,10.39,96.66,Pendiente,171,179,5,28.44,291,Luís,Saura,fortunato03@example.com,+34 841 63 70 33,VIP,Activo,179,Términos,Solución todas queda.,28.44,73,Disponible,142.20000000000002,2269.79,2025-05,2025,5,Luís Saura
171,291,2025-05-09,49.49,10.39,96.66,Pendiente,171,17,9,159.63,291,Luís,Saura,fortunato03@example.com,+34 841 63 70 33,VIP,Activo,17,Pasó,Tan proyectos si tierra fuerzas popular.,159.63,336,Agotado,1436.67,2269.79,2025-05,2025,5,Luís Saura
171,291,2025-05-09,49.49,10.39,96.66,Pendiente,171,94,2,345.46,291,Luís,Saura,fortunato03@example.com,+34 841 63 70 33,VIP,Activo,94,Quien,Cuales haya sólo habría.,345.46,243,Disponible,690.92,2269.79,2025-05,2025,5,Luís Saura
172,2,2025-04-27,278.48,58.48,29.74,Cancelada,172,200,7,344.29,2,Baldomero,Frutos,eli88@example.net,+34922 311 045,Regular,Inactivo,200,Viene,Cierta equipo tal llegado él informe existencia.,344.29,5,Disponible,2410.03,5907.97,2025-04,2025,4,Baldomero Frutos
172,2,2025-04-27,278.48,58.48,29.74,Cancelada,172,97,9,388.66,2,Baldomero,Frutos,eli88@example.net,+34922 311 045,Regular,Inactivo,97,Plan,Vista trata problemas varias fuera.,388.66,322,Disponible,3497.94,5907.97,2025-04,2025,4,Baldomero Frutos
173,44,2025-10-06,891.7,187.26,32.92,Pendiente,173,161,10,189.27,44,Obdulia,Almeida,gcabanillas@example.com,+34 807 803 624,Regular,Inactivo,161,Cuales,Vía sola valores entrar capacidad chile últimos.,189.27,468,Agotado,1892.7,1892.7,2025-10,2025,10,Obdulia Almeida
174,134,2025-04-23,419.37,88.07,80.56,Pendiente,174,146,4,453.72,134,Joaquina,Valdés,barrerajose-ramon@example.com,+34803 046 970,Regular,Inactivo,146,Propia,Estaban demasiado tribunal respuesta suelo.,453.72,247,Agotado,1814.88,3382.41,2025-04,2025,4,Joaquina Valdés
174,134,2025-04-23,419.37,88.07,80.56,Pendiente,174,63,7,171.13,134,Joaquina,Valdés,barrerajose-ramon@example.com,+34803 046 970,Regular,Inactivo,63,Voz,Son programas social sobre metros recuerdo recursos.,171.13,424,Agotado,1197.9099999999999,3382.41,2025-04,2025,4,Joaquina Valdés
174,134,2025-04-23,419.37,88.07,80.56,Pendiente,174,54,1,369.62,134,Joaquina,Valdés,barrerajose-ramon@example.com,+34803 046 970,Regular,Inactivo,54,Fecha,Mayor río eran peor podía comunicación.,369.62,346,Agotado,369.62,3382.41,2025-04,2025,4,Joaquina Valdés
175,191,2025-04-17,631.07,132.52,43.39,Pendiente,175,175,8,161.91,191,Encarnacion,Peinado,jesuspont@example.net,+34946552736,Regular,Activo,175,Semana,Sol carne j enfermedad partir puedo.,161.91,136,Agotado,1295.28,7800.1,2025-04,2025,4,Encarnacion Peinado
175,191,2025-04-17,631.07,132.52,43.39,Pendiente,175,174,10,215.38,191,Encarnacion,Peinado,jesuspont@example.net,+34946552736,Regular,Activo,174,Hombre,Cuando juez trabajar historia don segundo mantener.,215.38,450,Agotado,2153.8,7800.1,2025-04,2025,4,Encarnacion Peinado
175,191,2025-04-17,631.07,132.52,43.39,Pendiente,175,68,7,384.66,191,Encarnacion,Peinado,jesuspont@example.net,+34946552736,Regular,Activo,68,Particular,Quería diez realizar militar aire oposición parecía.,384.66,34,Disponible,2692.6200000000003,7800.1,2025-04,2025,4,Encarnacion Peinado
175,191,2025-04-17,631.07,132.52,43.39,Pendiente,175,53,10,131.29,191,Encarnacion,Peinado,jesuspont@example.net,+34946552736,Regular,Activo,53,Quizá,Recursos pesetas sí comisión pequeño ellos camino.,131.29,488,Agotado,1312.8999999999999,7800.1,2025-04,2025,4,Encarnacion Peinado
175,191,2025-04-17,631.07,132.52,43.39,Pendiente,175,193,5,69.1,191,Encarnacion,Peinado,jesuspont@example.net,+34946552736,Regular,Activo,193,Alrededor,Países sur director aire manos te.,69.1,6,Agotado,345.5,7800.1,2025-04,2025,4,Encarnacion Peinado
176,123,2025-06-04,1133.07,237.94,15.65,Pendiente,176,166,5,308.83,123,César,Valencia,rosalva80@example.org,+34826 458 200,VIP,Inactivo,166,Deja,Favor negro siete gobierno construcción estuvo quiere éste.,308.83,67,Agotado,1544.1499999999999,1544.1499999999999,2025-06,2025,6,César Valencia
177,189,2026-02-10,546.97,114.86,58.38,Pagada,177,152,8,199.29,189,Encarnita,Cabañas,pradaluciana@example.org,+34828 35 58 05,VIP,Inactivo,152,República,Línea existe jóvenes podemos puede.,199.29,270,Agotado,1594.32,6951.8099999999995,2026-02,2026,2,Encarnita Cabañas
177,189,2026-02-10,546.97,114.86,58.38,Pagada,177,25,6,356.34,189,Encarnita,Cabañas,pradaluciana@example.org,+34828 35 58 05,VIP,Inactivo,25,Edad,Tribunal he felipe cuanto sea ello imagen.,356.34,183,Agotado,2138.04,6951.8099999999995,2026-02,2026,2,Encarnita Cabañas
177,189,2026-02-10,546.97,114.86,58.38,Pagada,177,67,2,428.87,189,Encarnita,Cabañas,pradaluciana@example.org,+34828 35 58 05,VIP,Inactivo,67,Derecha,Dicho ejemplo una gonzález.,428.87,221,Disponible,857.74,6951.8099999999995,2026-02,2026,2,Encarnita Cabañas
177,189,2026-02-10,546.97,114.86,58.38,Pagada,177,10,6,48.89,189,Encarnita,Cabañas,pradaluciana@example.org,+34828 35 58 05,VIP,Inactivo,10,Paso,Deseo político ésta cosas comunidad sectores frente.,48.89,176,Agotado,293.34000000000003,6951.8099999999995,2026-02,2026,2,Encarnita Cabañas
177,189,2026-02-10,546.97,114.86,58.38,Pagada,177,3,9,220.09,189,Encarnita,Cabañas,pradaluciana@example.org,+34828 35 58 05,VIP,Inactivo,3,Hacia,Uno chile esto tan tampoco río sino.,220.09,232,Agotado,1980.81,6951.8099999999995,2026-02,2026,2,Encarnita Cabañas
177,189,2026-02-10,546.97,114.86,58.38,Pagada,177,189,1,87.56,189,Encarnita,Cabañas,pradaluciana@example.org,+34828 35 58 05,VIP,Inactivo,189,Frente,Alta millones mediante deseo respecto.,87.56,44,Agotado,87.56,6951.8099999999995,2026-02,2026,2,Encarnita Cabañas
178,242,2025-07-04,587.1,123.29,22.48,Pendiente,178,156,1,375.7,242,Carmina,Bejarano,susanachacon@example.com,+34 947 62 50 97,Regular,Inactivo,156,Julio,Sido semanas va formación.,375.7,283,Disponible,375.7,8826.47,2025-07,2025,7,Carmina Bejarano
178,242,2025-07-04,587.1,123.29,22.48,Pendiente,178,80,7,477.47,242,Carmina,Bejarano,susanachacon@example.com,+34 947 62 50 97,Regular,Inactivo,80,Tenemos,Izquierda pueblo meses años.,477.47,20,Agotado,3342.29,8826.47,2025-07,2025,7,Carmina Bejarano
178,242,2025-07-04,587.1,123.29,22.48,Pendiente,178,178,10,154.28,242,Carmina,Bejarano,susanachacon@example.com,+34 947 62 50 97,Regular,Inactivo,178,Reforma,Ex aire profesional deseo.,154.28,415,Disponible,1542.8,8826.47,2025-07,2025,7,Carmina Bejarano
178,242,2025-07-04,587.1,123.29,22.48,Pendiente,178,27,2,477.57,242,Carmina,Bejarano,susanachacon@example.com,+34 947 62 50 97,Regular,Inactivo,27,Decía,Aún actitud deja julio dónde.,477.57,317,Agotado,955.14,8826.47,2025-07,2025,7,Carmina Bejarano
178,242,2025-07-04,587.1,123.29,22.48,Pendiente,178,100,6,435.09,242,Carmina,Bejarano,susanachacon@example.com,+34 947 62 50 97,Regular,Inactivo,100,Especial,Son sociales violencia.,435.09,159,Agotado,2610.54,8826.47,2025-07,2025,7,Carmina Bejarano
179,145,2025-09-16,1184.97,248.84,45.87,Pendiente,179,157,5,65.04,145,Eutimio,Martínez,tomasamor@example.org,+34 843 32 63 12,Premium,Activo,157,España,Si s grande años presencia serán servicios poco.,65.04,72,Agotado,325.20000000000005,3942.08,2025-09,2025,9,Eutimio Martínez
179,145,2025-09-16,1184.97,248.84,45.87,Pendiente,179,3,6,220.09,145,Eutimio,Martínez,tomasamor@example.org,+34 843 32 63 12,Premium,Activo,3,Hacia,Uno chile esto tan tampoco río sino.,220.09,232,Agotado,1320.54,3942.08,2025-09,2025,9,Eutimio Martínez
179,145,2025-09-16,1184.97,248.84,45.87,Pendiente,179,19,3,19.03,145,Eutimio,Martínez,tomasamor@example.org,+34 843 32 63 12,Premium,Activo,19,Pasa,Director algunas particular difícil persona.,19.03,406,Disponible,57.09,3942.08,2025-09,2025,9,Eutimio Martínez
179,145,2025-09-16,1184.97,248.84,45.87,Pendiente,179,79,9,108.65,145,Eutimio,Martínez,tomasamor@example.org,+34 843 32 63 12,Premium,Activo,79,Humana,Orden necesidad m casi.,108.65,476,Agotado,977.85,3942.08,2025-09,2025,9,Eutimio Martínez
179,145,2025-09-16,1184.97,248.84,45.87,Pendiente,179,45,5,252.28,145,Eutimio,Martínez,tomasamor@example.org,+34 843 32 63 12,Premium,Activo,45,Haber,Cantidad ciento fuentes le tenemos socialista bueno.,252.28,323,Agotado,1261.4,3942.08,2025-09,2025,9,Eutimio Martínez
180,242,2025-09-23,1870.64,392.83,27.38,Pagada,180,74,6,155.29,242,Carmina,Bejarano,susanachacon@example.com,+34 947 62 50 97,Regular,Inactivo,74,Puerta,Precisamente voy vez república u militar.,155.29,404,Agotado,931.74,4251.38,2025-09,2025,9,Carmina Bejarano
180,242,2025-09-23,1870.64,392.83,27.38,Pagada,180,83,4,429.77,242,Carmina,Bejarano,susanachacon@example.com,+34 947 62 50 97,Regular,Inactivo,83,Teatro,Va encuentro presencia mismos.,429.77,498,Agotado,1719.08,4251.38,2025-09,2025,9,Carmina Bejarano
180,242,2025-09-23,1870.64,392.83,27.38,Pagada,180,140,9,177.84,242,Carmina,Bejarano,susanachacon@example.com,+34 947 62 50 97,Regular,Inactivo,140,Ninguna,Compañía carne fondo centro área parecía importancia.,177.84,74,Disponible,1600.56,4251.38,2025-09,2025,9,Carmina Bejarano
181,94,2025-12-13,786.97,165.26,66.77,Pagada,181,183,4,458.7,94,Emilio,Miralles,manolacifuentes@example.net,+34 885 91 48 11,Premium,Activo,183,Especialmente,Mismo baja viaje mañana solamente respuesta les.,458.7,153,Agotado,1834.8,3105.58,2025-12,2025,12,Emilio Miralles
181,94,2025-12-13,786.97,165.26,66.77,Pagada,181,134,7,81.37,94,Emilio,Miralles,manolacifuentes@example.net,+34 885 91 48 11,Premium,Activo,134,Mismos,Aquella nos diferencia época arte.,81.37,345,Disponible,569.59,3105.58,2025-12,2025,12,Emilio Miralles
181,94,2025-12-13,786.97,165.26,66.77,Pagada,181,43,3,233.73,94,Emilio,Miralles,manolacifuentes@example.net,+34 885 91 48 11,Premium,Activo,43,Horas,Título total abril vez.,233.73,404,Disponible,701.1899999999999,3105.58,2025-12,2025,12,Emilio Miralles
182,3,2026-01-05,1224.22,257.09,57.53,Pagada,182,133,9,101.02,3,Jonatan,Mariscal,xcamacho@example.com,+34 877 12 60 13,Premium,Inactivo,133,Unidad,Más marcha libre única persona antonio evitar propios.,101.02,182,Agotado,909.18,3928.8599999999997,2026-01,2026,1,Jonatan Mariscal
182,3,2026-01-05,1224.22,257.09,57.53,Pagada,182,12,2,48.33,3,Jonatan,Mariscal,xcamacho@example.com,+34 877 12 60 13,Premium,Inactivo,12,Especie,Cambios proyectos conocimiento producción.,48.33,457,Disponible,96.66,3928.8599999999997,2026-01,2026,1,Jonatan Mariscal
182,3,2026-01-05,1224.22,257.09,57.53,Pagada,182,6,9,324.78,3,Jonatan,Mariscal,xcamacho@example.com,+34 877 12 60 13,Premium,Inactivo,6,Decía,General pacientes parís visto solución agua cualquier.,324.78,112,Disponible,2923.0199999999995,3928.8599999999997,2026-01,2026,1,Jonatan Mariscal
183,281,2025-10-05,1104.86,232.02,21.17,Pendiente,183,71,7,67.09,281,Gracia,López,alicia39@example.org,+34 886266804,Premium,Activo,71,Fuerte,Junio desarrollo muchas ya grandes pues puso.,67.09,299,Agotado,469.63,7027.79,2025-10,2025,10,Gracia López
183,281,2025-10-05,1104.86,232.02,21.17,Pendiente,183,26,9,234.97,281,Gracia,López,alicia39@example.org,+34 886266804,Premium,Activo,26,Sabe,Encima ciencia deja.,234.97,269,Disponible,2114.73,7027.79,2025-10,2025,10,Gracia López
183,281,2025-10-05,1104.86,232.02,21.17,Pendiente,183,69,2,348.38,281,Gracia,López,alicia39@example.org,+34 886266804,Premium,Activo,69,Hoy,Economía presenta gracias época.,348.38,171,Disponible,696.76,7027.79,2025-10,2025,10,Gracia López
183,281,2025-10-05,1104.86,232.02,21.17,Pendiente,183,113,7,386.97,281,Gracia,López,alicia39@example.org,+34 886266804,Premium,Activo,113,Mundo,Explicó sé niño proyectos decir desde lo.,386.97,413,Agotado,2708.79,7027.79,2025-10,2025,10,Gracia López
183,281,2025-10-05,1104.86,232.02,21.17,Pendiente,183,73,3,345.96,281,Gracia,López,alicia39@example.org,+34 886266804,Premium,Activo,73,Meses,Vida hacía carrera pudo unos.,345.96,315,Disponible,1037.8799999999999,7027.79,2025-10,2025,10,Gracia López
184,224,2025-03-20,131.34,27.58,94.62,Pendiente,184,53,3,131.29,224,Alexandra,Vaquero,pilar46@example.net,+34822653096,VIP,Activo,53,Quizá,Recursos pesetas sí comisión pequeño ellos camino.,131.29,488,Agotado,393.87,1703.98,2025-03,2025,3,Alexandra Vaquero
184,224,2025-03-20,131.34,27.58,94.62,Pendiente,184,34,2,16.85,224,Alexandra,Vaquero,pilar46@example.net,+34822653096,VIP,Activo,34,Guerra,Justicia pesetas luego partido hoy.,16.85,324,Agotado,33.7,1703.98,2025-03,2025,3,Alexandra Vaquero
184,224,2025-03-20,131.34,27.58,94.62,Pendiente,184,21,3,425.47,224,Alexandra,Vaquero,pilar46@example.net,+34822653096,VIP,Activo,21,Base,Se social favor sólo psoe.,425.47,332,Disponible,1276.41,1703.98,2025-03,2025,3,Alexandra Vaquero
185,102,2025-02-26,1309.58,275.01,38.69,Cancelada,185,155,10,378.07,102,Soraya,Figueras,macarenaalvarez@example.org,+34 875863611,Regular,Activo,155,Decía,Elementos un da crecimiento ese un aquellas españoles.,378.07,76,Disponible,3780.7,4774.5599999999995,2025-02,2025,2,Soraya Figueras
185,102,2025-02-26,1309.58,275.01,38.69,Cancelada,185,56,9,72.4,102,Soraya,Figueras,macarenaalvarez@example.org,+34 875863611,Regular,Activo,56,Los,Hombre pueblo cuba esos.,72.4,411,Agotado,651.6,4774.5599999999995,2025-02,2025,2,Soraya Figueras
185,102,2025-02-26,1309.58,275.01,38.69,Cancelada,185,63,2,171.13,102,Soraya,Figueras,macarenaalvarez@example.org,+34 875863611,Regular,Activo,63,Voz,Son programas social sobre metros recuerdo recursos.,171.13,424,Agotado,342.26,4774.5599999999995,2025-02,2025,2,Soraya Figueras
186,179,2026-01-31,990.62,208.03,66.09,Pagada,186,37,6,16.79,179,Graciano,Gelabert,marivictor-manuel@example.com,+34 920 47 75 13,VIP,Activo,37,Abril,Mucha dinero antes mar centros amigo pesetas seguro.,16.79,280,Disponible,100.74,5343.12,2026-01,2026,1,Graciano Gelabert
186,179,2026-01-31,990.62,208.03,66.09,Pagada,186,173,2,365.23,179,Graciano,Gelabert,marivictor-manuel@example.com,+34 920 47 75 13,VIP,Activo,173,M,Ayer espera reforma hospital.,365.23,61,Agotado,730.46,5343.12,2026-01,2026,1,Graciano Gelabert
186,179,2026-01-31,990.62,208.03,66.09,Pagada,186,11,5,152.94,179,Graciano,Gelabert,marivictor-manuel@example.com,+34 920 47 75 13,VIP,Activo,11,Muerte,Programas largo destino señor militar base.,152.94,406,Disponible,764.7,5343.12,2026-01,2026,1,Graciano Gelabert
186,179,2026-01-31,990.62,208.03,66.09,Pagada,186,7,3,324.46,179,Graciano,Gelabert,marivictor-manuel@example.com,+34 920 47 75 13,VIP,Activo,7,Junio,Quienes interés torno estos norte momentos.,324.46,293,Disponible,973.3799999999999,5343.12,2026-01,2026,1,Graciano Gelabert
186,179,2026-01-31,990.62,208.03,66.09,Pagada,186,165,8,346.73,179,Graciano,Gelabert,marivictor-manuel@example.com,+34 920 47 75 13,VIP,Activo,165,Estuvo,Número ella general conseguir mar poco mismos.,346.73,41,Agotado,2773.84,5343.12,2026-01,2026,1,Graciano Gelabert
187,27,2025-11-16,1057.76,222.13,19.42,Pendiente,187,168,8,301.18,27,Fanny,Heredia,amandoolmo@example.com,+34 888053668,Regular,Activo,168,Encuentra,Cargo esos quien sectores voluntad.,301.18,211,Disponible,2409.44,5710.29,2025-11,2025,11,Fanny Heredia
187,27,2025-11-16,1057.76,222.13,19.42,Pendiente,187,93,7,471.55,27,Fanny,Heredia,amandoolmo@example.com,+34 888053668,Regular,Activo,93,Ciento,Estados alto vida tales joven acciones partes.,471.55,310,Disponible,3300.85,5710.29,2025-11,2025,11,Fanny Heredia
188,166,2025-11-02,822.56,172.74,72.08,Pagada,188,184,7,251.53,166,Anacleto,Pinto,reyescabezas@example.org,+34 975 00 50 26,Regular,Inactivo,184,Sea,Vino época flores otras anterior ver.,251.53,255,Disponible,1760.71,5213.05,2025-11,2025,11,Anacleto Pinto
188,166,2025-11-02,822.56,172.74,72.08,Pagada,188,9,4,66.96,166,Anacleto,Pinto,reyescabezas@example.org,+34 975 00 50 26,Regular,Inactivo,9,Sueño,Hacia popular guerra esa misma jamás mayores.,66.96,223,Agotado,267.84,5213.05,2025-11,2025,11,Anacleto Pinto
188,166,2025-11-02,822.56,172.74,72.08,Pagada,188,26,5,234.97,166,Anacleto,Pinto,reyescabezas@example.org,+34 975 00 50 26,Regular,Inactivo,26,Sabe,Encima ciencia deja.,234.97,269,Disponible,1174.85,5213.05,2025-11,2025,11,Anacleto Pinto
188,166,2025-11-02,822.56,172.74,72.08,Pagada,188,168,6,301.18,166,Anacleto,Pinto,reyescabezas@example.org,+34 975 00 50 26,Regular,Inactivo,168,Encuentra,Cargo esos quien sectores voluntad.,301.18,211,Disponible,1807.08,5213.05,2025-11,2025,11,Anacleto Pinto
188,166,2025-11-02,822.56,172.74,72.08,Pagada,188,129,1,202.57,166,Anacleto,Pinto,reyescabezas@example.org,+34 975 00 50 26,Regular,Inactivo,129,Dentro,Tiempos popular valores formación larga quería.,202.57,297,Disponible,202.57,5213.05,2025-11,2025,11,Anacleto Pinto
189,272,2025-08-19,1689.72,354.84,93.37,Cancelada,189,165,4,346.73,272,Francisco Javier,Llanos,febeherrero@example.org,+34928 399 657,Regular,Inactivo,165,Estuvo,Número ella general conseguir mar poco mismos.,346.73,41,Agotado,1386.92,6514.219999999999,2025-08,2025,8,Francisco Javier Llanos
189,272,2025-08-19,1689.72,354.84,93.37,Cancelada,189,47,10,229.59,272,Francisco Javier,Llanos,febeherrero@example.org,+34928 399 657,Regular,Inactivo,47,Les,Económica organización mil efectos.,229.59,450,Disponible,2295.9,6514.219999999999,2025-08,2025,8,Francisco Javier Llanos
189,272,2025-08-19,1689.72,354.84,93.37,Cancelada,189,138,10,283.14,272,Francisco Javier,Llanos,febeherrero@example.org,+34928 399 657,Regular,Inactivo,138,Elementos,Soy han niño son producción jefe más.,283.14,486,Agotado,2831.3999999999996,6514.219999999999,2025-08,2025,8,Francisco Javier Llanos
190,137,2025-10-13,307.08,64.49,49.69,Pagada,190,200,9,344.29,137,Pepita,Cárdenas,poncio09@example.com,+34 735 734 374,Premium,Activo,200,Viene,Cierta equipo tal llegado él informe existencia.,344.29,5,Disponible,3098.61,9732.48,2025-10,2025,10,Pepita Cárdenas
190,137,2025-10-13,307.08,64.49,49.69,Pagada,190,6,5,324.78,137,Pepita,Cárdenas,poncio09@example.com,+34 735 734 374,Premium,Activo,6,Decía,General pacientes parís visto solución agua cualquier.,324.78,112,Disponible,1623.8999999999999,9732.48,2025-10,2025,10,Pepita Cárdenas
190,137,2025-10-13,307.08,64.49,49.69,Pagada,190,166,3,308.83,137,Pepita,Cárdenas,poncio09@example.com,+34 735 734 374,Premium,Activo,166,Deja,Favor negro siete gobierno construcción estuvo quiere éste.,308.83,67,Agotado,926.49,9732.48,2025-10,2025,10,Pepita Cárdenas
190,137,2025-10-13,307.08,64.49,49.69,Pagada,190,146,9,453.72,137,Pepita,Cárdenas,poncio09@example.com,+34 735 734 374,Premium,Activo,146,Propia,Estaban demasiado tribunal respuesta suelo.,453.72,247,Agotado,4083.4800000000005,9732.48,2025-10,2025,10,Pepita Cárdenas
191,109,2026-02-14,88.78,18.64,74.52,Pendiente,191,135,7,410.13,109,Margarita,Cabo,lrios@example.org,+34982 161 311,Regular,Inactivo,135,Personal,Tenido aun resultado artículo.,410.13,270,Disponible,2870.91,2870.91,2026-02,2026,2,Margarita Cabo
192,201,2025-12-10,654.46,137.44,97.12,Cancelada,192,10,5,48.89,201,Juan Antonio,Casado,castellonorberto@example.com,+34881 033 517,Premium,Activo,10,Paso,Deseo político ésta cosas comunidad sectores frente.,48.89,176,Agotado,244.45,8251.619999999999,2025-12,2025,12,Juan Antonio Casado
192,201,2025-12-10,654.46,137.44,97.12,Cancelada,192,137,8,467.39,201,Juan Antonio,Casado,castellonorberto@example.com,+34881 033 517,Premium,Activo,137,Metros,Fondo total derechos comercio alto congreso.,467.39,6,Agotado,3739.12,8251.619999999999,2025-12,2025,12,Juan Antonio Casado
192,201,2025-12-10,654.46,137.44,97.12,Cancelada,192,180,1,65.61,201,Juan Antonio,Casado,castellonorberto@example.com,+34881 033 517,Premium,Activo,180,Producto,Música socialista acuerdo hizo edad.,65.61,395,Agotado,65.61,8251.619999999999,2025-12,2025,12,Juan Antonio Casado
192,201,2025-12-10,654.46,137.44,97.12,Cancelada,192,8,5,404.75,201,Juan Antonio,Casado,castellonorberto@example.com,+34881 033 517,Premium,Activo,8,Quién,Uno hora diversos salida junto para educación.,404.75,366,Agotado,2023.75,8251.619999999999,2025-12,2025,12,Juan Antonio Casado
192,201,2025-12-10,654.46,137.44,97.12,Cancelada,192,172,5,252.21,201,Juan Antonio,Casado,castellonorberto@example.com,+34881 033 517,Premium,Activo,172,Cómo,Afirmó economía miedo buenos.,252.21,215,Agotado,1261.05,8251.619999999999,2025-12,2025,12,Juan Antonio Casado
192,201,2025-12-10,654.46,137.44,97.12,Cancelada,192,11,6,152.94,201,Juan Antonio,Casado,castellonorberto@example.com,+34881 033 517,Premium,Activo,11,Muerte,Programas largo destino señor militar base.,152.94,406,Disponible,917.64,8251.619999999999,2025-12,2025,12,Juan Antonio Casado
193,55,2025-08-05,65.23,13.7,25.5,Pendiente,193,172,10,252.21,55,Pepe,Piñol,dimas95@example.com,+34 873240649,VIP,Inactivo,172,Cómo,Afirmó economía miedo buenos.,252.21,215,Agotado,2522.1,7068.3,2025-08,2025,8,Pepe Piñol
193,55,2025-08-05,65.23,13.7,25.5,Pendiente,193,34,7,16.85,55,Pepe,Piñol,dimas95@example.com,+34 873240649,VIP,Inactivo,34,Guerra,Justicia pesetas luego partido hoy.,16.85,324,Agotado,117.95000000000002,7068.3,2025-08,2025,8,Pepe Piñol
193,55,2025-08-05,65.23,13.7,25.5,Pendiente,193,79,5,108.65,55,Pepe,Piñol,dimas95@example.com,+34 873240649,VIP,Inactivo,79,Humana,Orden necesidad m casi.,108.65,476,Agotado,543.25,7068.3,2025-08,2025,8,Pepe Piñol
193,55,2025-08-05,65.23,13.7,25.5,Pendiente,193,131,10,388.5,55,Pepe,Piñol,dimas95@example.com,+34 873240649,VIP,Inactivo,131,Términos,Constitución psoe parece presente resultado julio mayoría.,388.5,408,Disponible,3885.0,7068.3,2025-08,2025,8,Pepe Piñol
194,157,2025-04-17,1636.56,343.68,22.42,Pagada,194,6,4,324.78,157,Luciano,Serna,alcaldenelida@example.com,+34 982 36 76 07,Regular,Activo,6,Decía,General pacientes parís visto solución agua cualquier.,324.78,112,Disponible,1299.12,1299.12,2025-04,2025,4,Luciano Serna
195,116,2025-07-03,1890.79,397.07,0.99,Pagada,195,113,6,386.97,116,Chelo,Herrera,maria-dolores11@example.org,+34845476248,Regular,Inactivo,113,Mundo,Explicó sé niño proyectos decir desde lo.,386.97,413,Agotado,2321.82,3179.5600000000004,2025-07,2025,7,Chelo Herrera
195,116,2025-07-03,1890.79,397.07,0.99,Pagada,195,67,2,428.87,116,Chelo,Herrera,maria-dolores11@example.org,+34845476248,Regular,Inactivo,67,Derecha,Dicho ejemplo una gonzález.,428.87,221,Disponible,857.74,3179.5600000000004,2025-07,2025,7,Chelo Herrera
196,113,2025-06-11,1886.65,396.2,46.42,Cancelada,196,190,7,31.8,113,Mohamed,Puerta,ojedadolores@example.org,+34874 18 18 76,VIP,Inactivo,190,Artículo,Uno personas cine.,31.8,335,Agotado,222.6,5429.0,2025-06,2025,6,Mohamed Puerta
196,113,2025-06-11,1886.65,396.2,46.42,Cancelada,196,120,6,346.96,113,Mohamed,Puerta,ojedadolores@example.org,+34874 18 18 76,VIP,Inactivo,120,Río,Elementos después sola rafael concepto menor análisis mayoría.,346.96,156,Disponible,2081.7599999999998,5429.0,2025-06,2025,6,Mohamed Puerta
196,113,2025-06-11,1886.65,396.2,46.42,Cancelada,196,146,5,453.72,113,Mohamed,Puerta,ojedadolores@example.org,+34874 18 18 76,VIP,Inactivo,146,Propia,Estaban demasiado tribunal respuesta suelo.,453.72,247,Agotado,2268.6000000000004,5429.0,2025-06,2025,6,Mohamed Puerta
196,113,2025-06-11,1886.65,396.2,46.42,Cancelada,196,98,2,428.02,113,Mohamed,Puerta,ojedadolores@example.org,+34874 18 18 76,VIP,Inactivo,98,Además,Cargo atención grupos voluntad momento muchos.,428.02,320,Disponible,856.04,5429.0,2025-06,2025,6,Mohamed Puerta
197,110,2025-06-23,360.09,75.62,19.1,Cancelada,197,98,7,428.02,110,Blas,Menendez,yessicacastello@example.net,+34980 500 319,VIP,Inactivo,98,Además,Cargo atención grupos voluntad momento muchos.,428.02,320,Disponible,2996.14,7605.91,2025-06,2025,6,Blas Menendez
197,110,2025-06-23,360.09,75.62,19.1,Cancelada,197,65,3,466.39,110,Blas,Menendez,yessicacastello@example.net,+34980 500 319,VIP,Inactivo,65,Opinión,Hechos anterior donde hechos hija.,466.39,48,Agotado,1399.17,7605.91,2025-06,2025,6,Blas Menendez
197,110,2025-06-23,360.09,75.62,19.1,Cancelada,197,26,9,234.97,110,Blas,Menendez,yessicacastello@example.net,+34980 500 319,VIP,Inactivo,26,Sabe,Encima ciencia deja.,234.97,269,Disponible,2114.73,7605.91,2025-06,2025,6,Blas Menendez
197,110,2025-06-23,360.09,75.62,19.1,Cancelada,197,132,3,365.29,110,Blas,Menendez,yessicacastello@example.net,+34980 500 319,VIP,Inactivo,132,Sala,Primera parte tomar las.,365.29,480,Disponible,1095.8700000000001,7605.91,2025-06,2025,6,Blas Menendez
198,297,2025-08-27,634.8,133.31,90.29,Pagada,198,200,6,344.29,297,Amparo daniela,Uriarte,amparod@h.com,+34 844 803 992,Premium,Activo,200,Viene,Cierta equipo tal llegado él informe existencia.,344.29,5,Disponible,2065.7400000000002,2065.7400000000002,2025-08,2025,8,Amparo daniela Uriarte
199,62,2025-08-07,1942.32,407.89,38.25,Pendiente,199,151,4,341.9,62,Julie,Barco,juliotello@example.com,+34877501965,Premium,Activo,151,Ejemplo,Cuestión profesional diversos.,341.9,237,Agotado,1367.6,1367.6,2025-08,2025,8,Julie Barco
200,248,2025-12-14,1144.1,240.26,1.86,Pagada,200,29,5,262.11,248,Valentina,Garriga,franciscallobet@example.org,+34987252660,Premium,Inactivo,29,Norte,México equipo grupo unas defensa exterior agua esfuerzo.,262.11,267,Agotado,1310.5500000000002,6469.2,2025-12,2025,12,Valentina Garriga
200,248,2025-12-14,1144.1,240.26,1.86,Pagada,200,20,9,414.78,248,Valentina,Garriga,franciscallobet@example.org,+34987252660,Premium,Inactivo,20,Mantener,Número juez actitud.,414.78,307,Disponible,3733.0199999999995,6469.2,2025-12,2025,12,Valentina Garriga
200,248,2025-12-14,1144.1,240.26,1.86,Pagada,200,37,6,16.79,248,Valentina,Garriga,franciscallobet@example.org,+34987252660,Premium,Inactivo,37,Abril,Mucha dinero antes mar centros amigo pesetas seguro.,16.79,280,Disponible,100.74,6469.2,2025-12,2025,12,Valentina Garriga
200,248,2025-12-14,1144.1,240.26,1.86,Pagada,200,161,7,189.27,248,Valentina,Garriga,franciscallobet@example.org,+34987252660,Premium,Inactivo,161,Cuales,Vía sola valores entrar capacidad chile últimos.,189.27,468,Agotado,1324.89,6469.2,2025-12,2025,12,Valentina Garriga
201,84,2025-03-17,1978.17,415.42,89.93,Pendiente,201,85,10,95.28,84,Rufina,Barragán,natividadlloret@example.org,+34 975 465 830,Premium,Inactivo,85,Propio,Atrás servicio me momentos período.,95.28,408,Disponible,952.8,2529.12,2025-03,2025,3,Rufina Barragán
201,84,2025-03-17,1978.17,415.42,89.93,Pendiente,201,153,8,197.04,84,Rufina,Barragán,natividadlloret@example.org,+34 975 465 830,Premium,Inactivo,153,Cuestión,Experiencia secretario nosotros fuerte estudio cuarto mayoría.,197.04,250,Agotado,1576.32,2529.12,2025-03,2025,3,Rufina Barragán
202,55,2025-10-09,894.9,187.93,49.91,Pendiente,202,161,1,189.27,55,Pepe,Piñol,dimas95@example.com,+34 873240649,VIP,Inactivo,161,Cuales,Vía sola valores entrar capacidad chile últimos.,189.27,468,Agotado,189.27,4932.41,2025-10,2025,10,Pepe Piñol
202,55,2025-10-09,894.9,187.93,49.91,Pendiente,202,155,2,378.07,55,Pepe,Piñol,dimas95@example.com,+34 873240649,VIP,Inactivo,155,Decía,Elementos un da crecimiento ese un aquellas españoles.,378.07,76,Disponible,756.14,4932.41,2025-10,2025,10,Pepe Piñol
202,55,2025-10-09,894.9,187.93,49.91,Pendiente,202,145,9,443.0,55,Pepe,Piñol,dimas95@example.com,+34 873240649,VIP,Inactivo,145,Allí,Gran ahí palabra.,443.0,127,Disponible,3987.0,4932.41,2025-10,2025,10,Pepe Piñol
203,117,2025-04-24,1561.31,327.88,40.81,Cancelada,203,125,1,199.13,117,Guadalupe,Baena,rsimo@example.org,+34 979398618,Premium,Activo,125,Habría,Esa encuentra nuevas iba políticos etapa ese seguir.,199.13,334,Disponible,199.13,2352.9300000000003,2025-04,2025,4,Guadalupe Baena
203,117,2025-04-24,1561.31,327.88,40.81,Cancelada,203,174,10,215.38,117,Guadalupe,Baena,rsimo@example.org,+34 979398618,Premium,Activo,174,Hombre,Cuando juez trabajar historia don segundo mantener.,215.38,450,Agotado,2153.8,2352.9300000000003,2025-04,2025,4,Guadalupe Baena
204,37,2025-04-11,59.67,12.53,28.18,Pendiente,204,57,7,483.92,37,Mónica,Pintor,valeroyago@example.com,+34 842 134 921,Premium,Inactivo,57,Diferentes,Marco común otras.,483.92,269,Agotado,3387.44,3387.44,2025-04,2025,4,Mónica Pintor
206,183,2025-08-12,687.83,144.44,24.6,Pagada,206,16,9,189.49,183,Inocencio,Lara,rodenaselvira@example.org,+34 944 80 70 08,Premium,Activo,16,Crisis,Contenido buena era partidos.,189.49,61,Disponible,1705.41,6019.98,2025-08,2025,8,Inocencio Lara
206,183,2025-08-12,687.83,144.44,24.6,Pagada,206,110,10,250.8,183,Inocencio,Lara,rodenaselvira@example.org,+34 944 80 70 08,Premium,Activo,110,Información,Problema contra deseo seguir ii.,250.8,315,Agotado,2508.0,6019.98,2025-08,2025,8,Inocencio Lara
206,183,2025-08-12,687.83,144.44,24.6,Pagada,206,27,1,477.57,183,Inocencio,Lara,rodenaselvira@example.org,+34 944 80 70 08,Premium,Activo,27,Decía,Aún actitud deja julio dónde.,477.57,317,Agotado,477.57,6019.98,2025-08,2025,8,Inocencio Lara
206,183,2025-08-12,687.83,144.44,24.6,Pagada,206,145,3,443.0,183,Inocencio,Lara,rodenaselvira@example.org,+34 944 80 70 08,Premium,Activo,145,Allí,Gran ahí palabra.,443.0,127,Disponible,1329.0,6019.98,2025-08,2025,8,Inocencio Lara
207,270,2025-11-17,1978.06,415.39,31.07,Pendiente,207,33,9,385.45,270,Tito,Beltrán,tgaya@example.com,+34 823113796,Premium,Inactivo,33,Mes,Presidente lugar va iba.,385.45,332,Disponible,3469.0499999999997,6342.23,2025-11,2025,11,Tito Beltrán
207,270,2025-11-17,1978.06,415.39,31.07,Pendiente,207,88,6,297.58,270,Tito,Beltrán,tgaya@example.com,+34 823113796,Premium,Inactivo,88,Ahora,Decir fútbol final tengo empresas.,297.58,211,Disponible,1785.48,6342.23,2025-11,2025,11,Tito Beltrán
207,270,2025-11-17,1978.06,415.39,31.07,Pendiente,207,86,2,80.5,270,Tito,Beltrán,tgaya@example.com,+34 823113796,Premium,Inactivo,86,Nuestra,Habla relación unión familia trata medidas nuevo.,80.5,209,Agotado,161.0,6342.23,2025-11,2025,11,Tito Beltrán
207,270,2025-11-17,1978.06,415.39,31.07,Pendiente,207,189,5,87.56,270,Tito,Beltrán,tgaya@example.com,+34 823113796,Premium,Inactivo,189,Frente,Alta millones mediante deseo respecto.,87.56,44,Agotado,437.8,6342.23,2025-11,2025,11,Tito Beltrán
207,270,2025-11-17,1978.06,415.39,31.07,Pendiente,207,10,10,48.89,270,Tito,Beltrán,tgaya@example.com,+34 823113796,Premium,Inactivo,10,Paso,Deseo político ésta cosas comunidad sectores frente.,48.89,176,Agotado,488.9,6342.23,2025-11,2025,11,Tito Beltrán
208,200,2026-01-17,464.99,97.65,31.08,Cancelada,208,92,6,358.63,200,Maximiliano,Solsona,idonaire@example.net,+34 911 65 67 16,Premium,Inactivo,92,Mayo,Derecho actual necesario figura calle productos ésta.,358.63,106,Agotado,2151.7799999999997,2957.6,2026-01,2026,1,Maximiliano Solsona
208,200,2026-01-17,464.99,97.65,31.08,Cancelada,208,124,2,242.92,200,Maximiliano,Solsona,idonaire@example.net,+34 911 65 67 16,Premium,Inactivo,124,Memoria,Mismos grupos nada parece.,242.92,376,Disponible,485.84,2957.6,2026-01,2026,1,Maximiliano Solsona
208,200,2026-01-17,464.99,97.65,31.08,Cancelada,208,198,3,106.66,200,Maximiliano,Solsona,idonaire@example.net,+34 911 65 67 16,Premium,Inactivo,198,Cómo,Aunque larga empresa capital natural serán encontrar.,106.66,300,Agotado,319.98,2957.6,2026-01,2026,1,Maximiliano Solsona
209,117,2025-06-20,1384.93,290.84,11.49,Pagada,209,84,10,450.85,117,Guadalupe,Baena,rsimo@example.org,+34 979398618,Premium,Activo,84,Llegar,Una consecuencia cosas español éste queda.,450.85,346,Agotado,4508.5,7041.75,2025-06,2025,6,Guadalupe Baena
209,117,2025-06-20,1384.93,290.84,11.49,Pagada,209,188,10,158.33,117,Guadalupe,Baena,rsimo@example.org,+34 979398618,Premium,Activo,188,Finalmente,Están razones datos solución ni dios.,158.33,178,Disponible,1583.3000000000002,7041.75,2025-06,2025,6,Guadalupe Baena
209,117,2025-06-20,1384.93,290.84,11.49,Pagada,209,44,1,279.05,117,Guadalupe,Baena,rsimo@example.org,+34 979398618,Premium,Activo,44,Segundo,Puntos última existen importancia tierra.,279.05,150,Disponible,279.05,7041.75,2025-06,2025,6,Guadalupe Baena
209,117,2025-06-20,1384.93,290.84,11.49,Pagada,209,71,10,67.09,117,Guadalupe,Baena,rsimo@example.org,+34 979398618,Premium,Activo,71,Fuerte,Junio desarrollo muchas ya grandes pues puso.,67.09,299,Agotado,670.9000000000001,7041.75,2025-06,2025,6,Guadalupe Baena
210,238,2026-02-18,873.71,183.48,82.68,Pagada,210,44,5,279.05,238,Faustino,Blazquez,alonsocabrera@example.com,+34878478096,Regular,Activo,44,Segundo,Puntos última existen importancia tierra.,279.05,150,Disponible,1395.25,5357.58,2026-02,2026,2,Faustino Blazquez
210,238,2026-02-18,873.71,183.48,82.68,Pagada,210,21,2,425.47,238,Faustino,Blazquez,alonsocabrera@example.com,+34878478096,Regular,Activo,21,Base,Se social favor sólo psoe.,425.47,332,Disponible,850.94,5357.58,2026-02,2026,2,Faustino Blazquez
210,238,2026-02-18,873.71,183.48,82.68,Pagada,210,108,9,345.71,238,Faustino,Blazquez,alonsocabrera@example.com,+34878478096,Regular,Activo,108,Pedro,Veces santiago casos principales.,345.71,137,Disponible,3111.39,5357.58,2026-02,2026,2,Faustino Blazquez
212,280,2026-01-10,709.22,148.94,52.72,Pendiente,212,23,4,493.23,280,Juan Antonio,Cortina,antoniomoles@example.net,+34830 44 32 15,Regular,Activo,23,Así,Hombres poco y vuelta pequeño vuelta sociedad.,493.23,179,Disponible,1972.92,1972.92,2026-01,2026,1,Juan Antonio Cortina
213,298,2025-02-18,1537.62,322.9,92.22,Cancelada,213,102,6,396.64,298,Máxima,Sola,octavio28@example.net,+34 973 98 01 75,Regular,Activo,102,Debía,Esas vivir metros máximo.,396.64,64,Disponible,2379.84,4757.280000000001,2025-02,2025,2,Máxima Sola
213,298,2025-02-18,1537.62,322.9,92.22,Cancelada,213,186,8,297.18,298,Máxima,Sola,octavio28@example.net,+34 973 98 01 75,Regular,Activo,186,Ante,Obstante ni cuales santa piel ser.,297.18,176,Agotado,2377.44,4757.280000000001,2025-02,2025,2,Máxima Sola
214,279,2025-11-12,410.39,86.18,14.03,Pagada,214,28,7,263.12,279,Montserrat,Osorio,angelina86@example.org,+34876382856,Premium,Inactivo,28,Buscar,Rodríguez deseo mundo programa.,263.12,238,Disponible,1841.8400000000001,1912.19,2025-11,2025,11,Montserrat Osorio
214,279,2025-11-12,410.39,86.18,14.03,Pagada,214,30,3,23.45,279,Montserrat,Osorio,angelina86@example.org,+34876382856,Premium,Inactivo,30,Pueblo,Juicio actividad calle total diferentes.,23.45,430,Disponible,70.35,1912.19,2025-11,2025,11,Montserrat Osorio
215,146,2025-11-07,1975.76,414.91,9.34,Pendiente,215,57,2,483.92,146,Fernanda,Goicoechea,vinaema@example.org,+34885177044,Regular,Activo,57,Diferentes,Marco común otras.,483.92,269,Agotado,967.84,7403.17,2025-11,2025,11,Fernanda Goicoechea
215,146,2025-11-07,1975.76,414.91,9.34,Pendiente,215,91,7,206.95,146,Fernanda,Goicoechea,vinaema@example.org,+34885177044,Regular,Activo,91,España,Industria estoy hora gonzález madre.,206.95,474,Disponible,1448.6499999999999,7403.17,2025-11,2025,11,Fernanda Goicoechea
215,146,2025-11-07,1975.76,414.91,9.34,Pendiente,215,143,4,341.76,146,Fernanda,Goicoechea,vinaema@example.org,+34885177044,Regular,Activo,143,Cual,Oro expresión precios j siempre opinión por.,341.76,481,Agotado,1367.04,7403.17,2025-11,2025,11,Fernanda Goicoechea
215,146,2025-11-07,1975.76,414.91,9.34,Pendiente,215,100,6,435.09,146,Fernanda,Goicoechea,vinaema@example.org,+34885177044,Regular,Activo,100,Especial,Son sociales violencia.,435.09,159,Agotado,2610.54,7403.17,2025-11,2025,11,Fernanda Goicoechea
215,146,2025-11-07,1975.76,414.91,9.34,Pendiente,215,19,8,19.03,146,Fernanda,Goicoechea,vinaema@example.org,+34885177044,Regular,Activo,19,Pasa,Director algunas particular difícil persona.,19.03,406,Disponible,152.24,7403.17,2025-11,2025,11,Fernanda Goicoechea
215,146,2025-11-07,1975.76,414.91,9.34,Pendiente,215,169,3,285.62,146,Fernanda,Goicoechea,vinaema@example.org,+34885177044,Regular,Activo,169,Nunca,Queda cambio función nuestros libre.,285.62,272,Agotado,856.86,7403.17,2025-11,2025,11,Fernanda Goicoechea
216,221,2025-09-26,802.45,168.51,72.31,Pagada,216,79,2,108.65,221,Isaura,Salvà,corona57@example.org,+34 748 250 963,Premium,Activo,79,Humana,Orden necesidad m casi.,108.65,476,Agotado,217.3,752.98,2025-09,2025,9,Isaura Salvà
216,221,2025-09-26,802.45,168.51,72.31,Pagada,216,9,8,66.96,221,Isaura,Salvà,corona57@example.org,+34 748 250 963,Premium,Activo,9,Sueño,Hacia popular guerra esa misma jamás mayores.,66.96,223,Agotado,535.68,752.98,2025-09,2025,9,Isaura Salvà
217,191,2026-01-22,986.83,207.23,16.68,Pendiente,217,30,7,23.45,191,Encarnacion,Peinado,jesuspont@example.net,+34946552736,Regular,Activo,30,Pueblo,Juicio actividad calle total diferentes.,23.45,430,Disponible,164.15,2680.7,2026-01,2026,1,Encarnacion Peinado
217,191,2026-01-22,986.83,207.23,16.68,Pendiente,217,62,1,81.23,191,Encarnacion,Peinado,jesuspont@example.net,+34946552736,Regular,Activo,62,Quien,Humana único el electoral equipo.,81.23,334,Disponible,81.23,2680.7,2026-01,2026,1,Encarnacion Peinado
217,191,2026-01-22,986.83,207.23,16.68,Pendiente,217,172,4,252.21,191,Encarnacion,Peinado,jesuspont@example.net,+34946552736,Regular,Activo,172,Cómo,Afirmó economía miedo buenos.,252.21,215,Agotado,1008.84,2680.7,2026-01,2026,1,Encarnacion Peinado
217,191,2026-01-22,986.83,207.23,16.68,Pendiente,217,158,2,95.58,191,Encarnacion,Peinado,jesuspont@example.net,+34946552736,Regular,Activo,158,Dan,Dentro aquel ministro anterior.,95.58,497,Disponible,191.16,2680.7,2026-01,2026,1,Encarnacion Peinado
217,191,2026-01-22,986.83,207.23,16.68,Pendiente,217,166,4,308.83,191,Encarnacion,Peinado,jesuspont@example.net,+34946552736,Regular,Activo,166,Deja,Favor negro siete gobierno construcción estuvo quiere éste.,308.83,67,Agotado,1235.32,2680.7,2026-01,2026,1,Encarnacion Peinado
218,53,2025-05-23,1893.87,397.71,51.63,Pendiente,218,81,8,140.1,53,Jenaro,Almansa,liliana34@example.net,+34983 104 132,Premium,Activo,81,Joven,Centros españoles valor lleva bueno habrá.,140.1,414,Agotado,1120.8,1744.96,2025-05,2025,5,Jenaro Almansa
218,53,2025-05-23,1893.87,397.71,51.63,Pendiente,218,58,2,312.08,53,Jenaro,Almansa,liliana34@example.net,+34983 104 132,Premium,Activo,58,Manos,Llamado cabeza datos cuando mirada carlos.,312.08,88,Agotado,624.16,1744.96,2025-05,2025,5,Jenaro Almansa
219,132,2025-04-24,1346.96,282.86,60.4,Pagada,219,194,10,21.71,132,Felisa,Morera,ana-sofia27@example.com,+34 820 93 60 76,Premium,Activo,194,Pasar,Compañía objetivo torno aire millones lo corte.,21.71,70,Agotado,217.10000000000002,2123.45,2025-04,2025,4,Felisa Morera
219,132,2025-04-24,1346.96,282.86,60.4,Pagada,219,71,7,67.09,132,Felisa,Morera,ana-sofia27@example.com,+34 820 93 60 76,Premium,Activo,71,Fuerte,Junio desarrollo muchas ya grandes pues puso.,67.09,299,Agotado,469.63,2123.45,2025-04,2025,4,Felisa Morera
219,132,2025-04-24,1346.96,282.86,60.4,Pagada,219,22,4,359.18,132,Felisa,Morera,ana-sofia27@example.com,+34 820 93 60 76,Premium,Activo,22,Cuales,Fútbol especial luz especie sangre acerca.,359.18,37,Disponible,1436.72,2123.45,2025-04,2025,4,Felisa Morera
220,200,2025-05-25,1651.87,346.89,25.79,Pendiente,220,199,8,389.01,200,Maximiliano,Solsona,idonaire@example.net,+34 911 65 67 16,Premium,Inactivo,199,Bastante,Lejos oposición oposición hubo contrario ninguna.,389.01,256,Disponible,3112.08,12052.57,2025-05,2025,5,Maximiliano Solsona
220,200,2025-05-25,1651.87,346.89,25.79,Pendiente,220,106,10,12.8,200,Maximiliano,Solsona,idonaire@example.net,+34 911 65 67 16,Premium,Inactivo,106,Cosas,García ciento medios datos fuerzas derechos pone un.,12.8,281,Agotado,128.0,12052.57,2025-05,2025,5,Maximiliano Solsona
220,200,2025-05-25,1651.87,346.89,25.79,Pendiente,220,95,8,437.97,200,Maximiliano,Solsona,idonaire@example.net,+34 911 65 67 16,Premium,Inactivo,95,Fiscal,Ii centros objetivo es larga.,437.97,492,Disponible,3503.76,12052.57,2025-05,2025,5,Maximiliano Solsona
220,200,2025-05-25,1651.87,346.89,25.79,Pendiente,220,101,9,65.27,200,Maximiliano,Solsona,idonaire@example.net,+34 911 65 67 16,Premium,Inactivo,101,Siendo,Juego interés hoy internacional.,65.27,195,Disponible,587.43,12052.57,2025-05,2025,5,Maximiliano Solsona
220,200,2025-05-25,1651.87,346.89,25.79,Pendiente,220,87,10,472.13,200,Maximiliano,Solsona,idonaire@example.net,+34 911 65 67 16,Premium,Inactivo,87,Resulta,Europea conocer hombre trata.,472.13,206,Agotado,4721.3,12052.57,2025-05,2025,5,Maximiliano Solsona
222,217,2025-03-15,1452.04,304.93,70.53,Pagada,222,36,10,478.21,217,Natanael,Reguera,kikebonilla@example.org,+34 902 925 040,VIP,Inactivo,36,Valor,Fuera queda sería agua así pedro piel.,478.21,330,Disponible,4782.099999999999,4782.099999999999,2025-03,2025,3,Natanael Reguera
224,259,2025-06-30,1811.2,380.35,90.31,Cancelada,224,23,1,493.23,259,Leire,Sainz,emiliamedina@example.org,+34 844 383 579,Regular,Activo,23,Así,Hombres poco y vuelta pequeño vuelta sociedad.,493.23,179,Disponible,493.23,3805.26,2025-06,2025,6,Leire Sainz
224,259,2025-06-30,1811.2,380.35,90.31,Cancelada,224,40,10,214.5,259,Leire,Sainz,emiliamedina@example.org,+34 844 383 579,Regular,Activo,40,Tan,Cultura no vista calidad cantidad posibilidad vio social.,214.5,472,Agotado,2145.0,3805.26,2025-06,2025,6,Leire Sainz
224,259,2025-06-30,1811.2,380.35,90.31,Cancelada,224,199,3,389.01,259,Leire,Sainz,emiliamedina@example.org,+34 844 383 579,Regular,Activo,199,Bastante,Lejos oposición oposición hubo contrario ninguna.,389.01,256,Disponible,1167.03,3805.26,2025-06,2025,6,Leire Sainz
225,145,2025-12-27,136.0,28.56,6.97,Cancelada,225,19,3,19.03,145,Eutimio,Martínez,tomasamor@example.org,+34 843 32 63 12,Premium,Activo,19,Pasa,Director algunas particular difícil persona.,19.03,406,Disponible,57.09,57.09,2025-12,2025,12,Eutimio Martínez
226,68,2025-12-31,685.19,143.89,12.08,Pendiente,226,89,6,138.74,68,Luís,Ballesteros,samantaegea@example.com,+34832 06 99 99,VIP,Activo,89,Jefe,Mujer presencia etc algo aunque.,138.74,356,Disponible,832.44,1186.94,2025-12,2025,12,Luís Ballesteros
226,68,2025-12-31,685.19,143.89,12.08,Pendiente,226,39,4,70.4,68,Luís,Ballesteros,samantaegea@example.com,+34832 06 99 99,VIP,Activo,39,Aquella,Misma dio período millones.,70.4,19,Agotado,281.6,1186.94,2025-12,2025,12,Luís Ballesteros
226,68,2025-12-31,685.19,143.89,12.08,Pendiente,226,59,6,12.15,68,Luís,Ballesteros,samantaegea@example.com,+34832 06 99 99,VIP,Activo,59,Tarde,Quedó sé todavía flores.,12.15,111,Disponible,72.9,1186.94,2025-12,2025,12,Luís Ballesteros
227,217,2025-05-30,1413.98,296.94,32.08,Pagada,227,191,5,216.63,217,Natanael,Reguera,kikebonilla@example.org,+34 902 925 040,VIP,Inactivo,191,Están,Radio creo paz trabajar allá entrar servicios derecha.,216.63,91,Disponible,1083.15,1083.15,2025-05,2025,5,Natanael Reguera
228,204,2026-01-14,389.38,81.77,29.37,Pagada,228,73,4,345.96,204,Clara,Ricart,eduborrell@example.org,+34919 401 200,VIP,Activo,73,Meses,Vida hacía carrera pudo unos.,345.96,315,Disponible,1383.84,2946.83,2026-01,2026,1,Clara Ricart
228,204,2026-01-14,389.38,81.77,29.37,Pagada,228,26,2,234.97,204,Clara,Ricart,eduborrell@example.org,+34919 401 200,VIP,Activo,26,Sabe,Encima ciencia deja.,234.97,269,Disponible,469.94,2946.83,2026-01,2026,1,Clara Ricart
228,204,2026-01-14,389.38,81.77,29.37,Pagada,228,18,5,218.61,204,Clara,Ricart,eduborrell@example.org,+34919 401 200,VIP,Activo,18,Ambos,Papel g j marzo contra estuvo hizo.,218.61,325,Agotado,1093.0500000000002,2946.83,2026-01,2026,1,Clara Ricart
229,61,2025-09-12,1825.6,383.38,7.37,Cancelada,229,144,10,278.05,61,Reynaldo,Maestre,candido59@example.net,+34879 461 172,Regular,Inactivo,144,Quizá,Al texto fuego esa.,278.05,147,Agotado,2780.5,4258.02,2025-09,2025,9,Reynaldo Maestre
229,61,2025-09-12,1825.6,383.38,7.37,Cancelada,229,77,4,369.38,61,Reynaldo,Maestre,candido59@example.net,+34879 461 172,Regular,Inactivo,77,He,García blanco ni imágenes quien.,369.38,498,Agotado,1477.52,4258.02,2025-09,2025,9,Reynaldo Maestre
230,143,2025-10-24,34.34,7.21,95.64,Pagada,230,178,7,154.28,143,Maximiano,Almansa,piedad14@example.net,+34919 05 22 50,Regular,Inactivo,178,Reforma,Ex aire profesional deseo.,154.28,415,Disponible,1079.96,4514.84,2025-10,2025,10,Maximiano Almansa
230,143,2025-10-24,34.34,7.21,95.64,Pagada,230,150,8,429.36,143,Maximiano,Almansa,piedad14@example.net,+34919 05 22 50,Regular,Inactivo,150,Falta,Trabajo entonces derechos sector quien parecía él.,429.36,306,Disponible,3434.88,4514.84,2025-10,2025,10,Maximiano Almansa
231,256,2025-03-09,28.48,5.98,77.16,Pagada,231,18,2,218.61,256,Eleuterio,Castejón,tlarrea@example.net,+34800 621 601,Premium,Activo,18,Ambos,Papel g j marzo contra estuvo hizo.,218.61,325,Agotado,437.22,437.22,2025-03,2025,3,Eleuterio Castejón
232,234,2025-07-03,359.25,75.44,56.81,Pagada,232,4,7,103.54,234,Epifanio,Balaguer,bllorente@example.org,+34973010172,VIP,Activo,4,Les,Sur técnica menos.,103.54,266,Disponible,724.7800000000001,2637.05,2025-07,2025,7,Epifanio Balaguer
232,234,2025-07-03,359.25,75.44,56.81,Pagada,232,176,7,223.83,234,Epifanio,Balaguer,bllorente@example.org,+34973010172,VIP,Activo,176,Económico,Alto juez tiempo.,223.83,500,Disponible,1566.8100000000002,2637.05,2025-07,2025,7,Epifanio Balaguer
232,234,2025-07-03,359.25,75.44,56.81,Pagada,232,94,1,345.46,234,Epifanio,Balaguer,bllorente@example.org,+34973010172,VIP,Activo,94,Quien,Cuales haya sólo habría.,345.46,243,Disponible,345.46,2637.05,2025-07,2025,7,Epifanio Balaguer
233,245,2026-02-15,1193.21,250.57,17.47,Pagada,233,16,8,189.49,245,Sonia,Sancho,wperez@example.org,+34 824 113 361,Premium,Activo,16,Crisis,Contenido buena era partidos.,189.49,61,Disponible,1515.92,3922.08,2026-02,2026,2,Sonia Sancho
233,245,2026-02-15,1193.21,250.57,17.47,Pagada,233,80,3,477.47,245,Sonia,Sancho,wperez@example.org,+34 824 113 361,Premium,Activo,80,Tenemos,Izquierda pueblo meses años.,477.47,20,Agotado,1432.41,3922.08,2026-02,2026,2,Sonia Sancho
233,245,2026-02-15,1193.21,250.57,17.47,Pagada,233,24,5,194.75,245,Sonia,Sancho,wperez@example.org,+34 824 113 361,Premium,Activo,24,Podemos,Hicieron número y poco niños.,194.75,183,Agotado,973.75,3922.08,2026-02,2026,2,Sonia Sancho
234,66,2025-11-09,1523.41,319.92,41.14,Cancelada,234,80,7,477.47,66,Martina,Benítez,barreraeugenia@example.net,+34 842775216,Premium,Inactivo,80,Tenemos,Izquierda pueblo meses años.,477.47,20,Agotado,3342.29,4279.19,2025-11,2025,11,Martina Benítez
234,66,2025-11-09,1523.41,319.92,41.14,Cancelada,234,90,2,468.45,66,Martina,Benítez,barreraeugenia@example.net,+34 842775216,Premium,Inactivo,90,Apenas,Final cierto tema pensar suerte cual expresión.,468.45,256,Agotado,936.9,4279.19,2025-11,2025,11,Martina Benítez
235,119,2025-11-03,891.41,187.2,7.22,Pendiente,235,103,1,374.6,119,Demetrio,Ferrera,dimascantero@example.net,+34749584567,Regular,Inactivo,103,Tan,Muerto imposible estaba tenía.,374.6,470,Disponible,374.6,3138.2799999999997,2025-11,2025,11,Demetrio Ferrera
235,119,2025-11-03,891.41,187.2,7.22,Pendiente,235,94,8,345.46,119,Demetrio,Ferrera,dimascantero@example.net,+34749584567,Regular,Inactivo,94,Quien,Cuales haya sólo habría.,345.46,243,Disponible,2763.68,3138.2799999999997,2025-11,2025,11,Demetrio Ferrera
236,167,2025-05-22,511.27,107.37,56.53,Cancelada,236,48,3,5.78,167,Agapito,Varela,maria-teresagil@example.com,+34917 05 38 34,Regular,Inactivo,48,Últimos,Atrás hombre vez g debe carrera.,5.78,123,Agotado,17.34,2703.53,2025-05,2025,5,Agapito Varela
236,167,2025-05-22,511.27,107.37,56.53,Cancelada,236,64,8,255.49,167,Agapito,Varela,maria-teresagil@example.com,+34917 05 38 34,Regular,Inactivo,64,Consejo,Área lleva ejército vamos oro niños.,255.49,391,Agotado,2043.92,2703.53,2025-05,2025,5,Agapito Varela
236,167,2025-05-22,511.27,107.37,56.53,Cancelada,236,1,2,226.5,167,Agapito,Varela,maria-teresagil@example.com,+34917 05 38 34,Regular,Inactivo,1,Hechos,Gran participación diferencia.,226.5,344,Agotado,453.0,2703.53,2025-05,2025,5,Agapito Varela
236,167,2025-05-22,511.27,107.37,56.53,Cancelada,236,161,1,189.27,167,Agapito,Varela,maria-teresagil@example.com,+34917 05 38 34,Regular,Inactivo,161,Cuales,Vía sola valores entrar capacidad chile últimos.,189.27,468,Agotado,189.27,2703.53,2025-05,2025,5,Agapito Varela
237,184,2025-07-17,1370.49,287.8,60.61,Cancelada,237,158,1,95.58,184,Jacobo,Valbuena,zsalgado@example.net,+34846241626,VIP,Inactivo,158,Dan,Dentro aquel ministro anterior.,95.58,497,Disponible,95.58,1832.0,2025-07,2025,7,Jacobo Valbuena
237,184,2025-07-17,1370.49,287.8,60.61,Cancelada,237,143,4,341.76,184,Jacobo,Valbuena,zsalgado@example.net,+34846241626,VIP,Inactivo,143,Cual,Oro expresión precios j siempre opinión por.,341.76,481,Agotado,1367.04,1832.0,2025-07,2025,7,Jacobo Valbuena
237,184,2025-07-17,1370.49,287.8,60.61,Cancelada,237,77,1,369.38,184,Jacobo,Valbuena,zsalgado@example.net,+34846241626,VIP,Inactivo,77,He,García blanco ni imágenes quien.,369.38,498,Agotado,369.38,1832.0,2025-07,2025,7,Jacobo Valbuena
238,76,2025-04-08,688.1,144.5,30.77,Pagada,238,46,10,496.13,76,Edelmira,Tomas,saturninaprada@example.org,+34 716324101,Regular,Inactivo,46,Joven,Tarde sala experiencia igual noche actividades rey.,496.13,304,Disponible,4961.3,6011.62,2025-04,2025,4,Edelmira Tomas
238,76,2025-04-08,688.1,144.5,30.77,Pagada,238,53,8,131.29,76,Edelmira,Tomas,saturninaprada@example.org,+34 716324101,Regular,Inactivo,53,Quizá,Recursos pesetas sí comisión pequeño ellos camino.,131.29,488,Agotado,1050.32,6011.62,2025-04,2025,4,Edelmira Tomas
239,16,2025-09-19,1806.42,379.35,45.42,Cancelada,239,167,6,275.76,16,Vasco,Cruz medina,cr@example.com,+34 885677826,VIP,Activo,167,Antonio,Éste calidad encuentran.,275.76,90,Agotado,1654.56,3971.51,2025-09,2025,9,Vasco Cruz medina
239,16,2025-09-19,1806.42,379.35,45.42,Cancelada,239,69,4,348.38,16,Vasco,Cruz medina,cr@example.com,+34 885677826,VIP,Activo,69,Hoy,Economía presenta gracias época.,348.38,171,Disponible,1393.52,3971.51,2025-09,2025,9,Vasco Cruz medina
239,16,2025-09-19,1806.42,379.35,45.42,Cancelada,239,47,1,229.59,16,Vasco,Cruz medina,cr@example.com,+34 885677826,VIP,Activo,47,Les,Económica organización mil efectos.,229.59,450,Disponible,229.59,3971.51,2025-09,2025,9,Vasco Cruz medina
239,16,2025-09-19,1806.42,379.35,45.42,Cancelada,239,142,2,346.92,16,Vasco,Cruz medina,cr@example.com,+34 885677826,VIP,Activo,142,Anterior,Sabe bastante niveles distintos oro plan.,346.92,283,Agotado,693.84,3971.51,2025-09,2025,9,Vasco Cruz medina
240,120,2025-10-27,1918.1,402.8,40.57,Pagada,240,1,8,226.5,120,Simón,Ocaña,jmartorell@example.com,+34983 233 531,Premium,Activo,1,Hechos,Gran participación diferencia.,226.5,344,Agotado,1812.0,2305.23,2025-10,2025,10,Simón Ocaña
240,120,2025-10-27,1918.1,402.8,40.57,Pagada,240,23,1,493.23,120,Simón,Ocaña,jmartorell@example.com,+34983 233 531,Premium,Activo,23,Así,Hombres poco y vuelta pequeño vuelta sociedad.,493.23,179,Disponible,493.23,2305.23,2025-10,2025,10,Simón Ocaña
241,289,2025-04-08,1879.3,394.65,75.7,Pendiente,241,111,7,186.39,289,Corona,Pagès,kperales@example.com,+34945 377 437,Premium,Inactivo,111,Informe,Momento al estamos b período revolución interés.,186.39,133,Agotado,1304.73,1304.73,2025-04,2025,4,Corona Pagès
243,273,2025-11-14,200.85,42.18,95.14,Pendiente,243,152,8,199.29,273,Oriana,Sánchez,gallardoanna@example.com,+34849636040,Premium,Inactivo,152,República,Línea existe jóvenes podemos puede.,199.29,270,Agotado,1594.32,4048.3599999999997,2025-11,2025,11,Oriana Sánchez
243,273,2025-11-14,200.85,42.18,95.14,Pendiente,243,187,8,226.76,273,Oriana,Sánchez,gallardoanna@example.com,+34849636040,Premium,Inactivo,187,Papel,Mientras existencia cabo presente segunda pone.,226.76,286,Disponible,1814.08,4048.3599999999997,2025-11,2025,11,Oriana Sánchez
243,273,2025-11-14,200.85,42.18,95.14,Pendiente,243,198,6,106.66,273,Oriana,Sánchez,gallardoanna@example.com,+34849636040,Premium,Inactivo,198,Cómo,Aunque larga empresa capital natural serán encontrar.,106.66,300,Agotado,639.96,4048.3599999999997,2025-11,2025,11,Oriana Sánchez
244,95,2025-04-21,1090.86,229.08,22.83,Pendiente,244,141,5,453.83,95,Che,Arnau,iferrer@example.net,+34942 84 10 71,Regular,Activo,141,Sectores,Máximo trabajar dado.,453.83,198,Disponible,2269.15,7595.71,2025-04,2025,4,Che Arnau
244,95,2025-04-21,1090.86,229.08,22.83,Pendiente,244,56,4,72.4,95,Che,Arnau,iferrer@example.net,+34942 84 10 71,Regular,Activo,56,Los,Hombre pueblo cuba esos.,72.4,411,Agotado,289.6,7595.71,2025-04,2025,4,Che Arnau
244,95,2025-04-21,1090.86,229.08,22.83,Pendiente,244,29,4,262.11,95,Che,Arnau,iferrer@example.net,+34942 84 10 71,Regular,Activo,29,Norte,México equipo grupo unas defensa exterior agua esfuerzo.,262.11,267,Agotado,1048.44,7595.71,2025-04,2025,4,Che Arnau
244,95,2025-04-21,1090.86,229.08,22.83,Pendiente,244,11,7,152.94,95,Che,Arnau,iferrer@example.net,+34942 84 10 71,Regular,Activo,11,Muerte,Programas largo destino señor militar base.,152.94,406,Disponible,1070.58,7595.71,2025-04,2025,4,Che Arnau
244,95,2025-04-21,1090.86,229.08,22.83,Pendiente,244,158,3,95.58,95,Che,Arnau,iferrer@example.net,+34942 84 10 71,Regular,Activo,158,Dan,Dentro aquel ministro anterior.,95.58,497,Disponible,286.74,7595.71,2025-04,2025,4,Che Arnau
244,95,2025-04-21,1090.86,229.08,22.83,Pendiente,244,28,10,263.12,95,Che,Arnau,iferrer@example.net,+34942 84 10 71,Regular,Activo,28,Buscar,Rodríguez deseo mundo programa.,263.12,238,Disponible,2631.2,7595.71,2025-04,2025,4,Che Arnau
245,34,2025-05-11,111.43,23.4,18.08,Pagada,245,73,6,345.96,34,Adora,Anaya,martinezalejandra@example.net,+34876 68 71 51,Regular,Activo,73,Meses,Vida hacía carrera pudo unos.,345.96,315,Disponible,2075.7599999999998,4423.15,2025-05,2025,5,Adora Anaya
245,34,2025-05-11,111.43,23.4,18.08,Pagada,245,37,8,16.79,34,Adora,Anaya,martinezalejandra@example.net,+34876 68 71 51,Regular,Activo,37,Abril,Mucha dinero antes mar centros amigo pesetas seguro.,16.79,280,Disponible,134.32,4423.15,2025-05,2025,5,Adora Anaya
245,34,2025-05-11,111.43,23.4,18.08,Pagada,245,69,4,348.38,34,Adora,Anaya,martinezalejandra@example.net,+34876 68 71 51,Regular,Activo,69,Hoy,Economía presenta gracias época.,348.38,171,Disponible,1393.52,4423.15,2025-05,2025,5,Adora Anaya
245,34,2025-05-11,111.43,23.4,18.08,Pagada,245,60,5,163.91,34,Adora,Anaya,martinezalejandra@example.net,+34876 68 71 51,Regular,Activo,60,Resultado,Ciudad toma trabajadores resulta gonzález valores.,163.91,84,Agotado,819.55,4423.15,2025-05,2025,5,Adora Anaya
246,56,2026-01-06,181.33,38.08,80.1,Pagada,246,68,4,384.66,56,Lucio,Iñiguez,mohamed81@example.com,+34 858 113 248,Premium,Activo,68,Particular,Quería diez realizar militar aire oposición parecía.,384.66,34,Disponible,1538.64,1538.64,2026-01,2026,1,Lucio Iñiguez
247,99,2025-12-27,886.92,186.25,7.55,Pagada,247,53,5,131.29,99,Elías,Paniagua,pablo52@example.com,+34 941 02 26 38,Regular,Activo,53,Quizá,Recursos pesetas sí comisión pequeño ellos camino.,131.29,488,Agotado,656.4499999999999,9678.42,2025-12,2025,12,Elías Paniagua
247,99,2025-12-27,886.92,186.25,7.55,Pagada,247,101,9,65.27,99,Elías,Paniagua,pablo52@example.com,+34 941 02 26 38,Regular,Activo,101,Siendo,Juego interés hoy internacional.,65.27,195,Disponible,587.43,9678.42,2025-12,2025,12,Elías Paniagua
247,99,2025-12-27,886.92,186.25,7.55,Pagada,247,4,2,103.54,99,Elías,Paniagua,pablo52@example.com,+34 941 02 26 38,Regular,Activo,4,Les,Sur técnica menos.,103.54,266,Disponible,207.08,9678.42,2025-12,2025,12,Elías Paniagua
247,99,2025-12-27,886.92,186.25,7.55,Pagada,247,65,2,466.39,99,Elías,Paniagua,pablo52@example.com,+34 941 02 26 38,Regular,Activo,65,Opinión,Hechos anterior donde hechos hija.,466.39,48,Agotado,932.78,9678.42,2025-12,2025,12,Elías Paniagua
247,99,2025-12-27,886.92,186.25,7.55,Pagada,247,141,9,453.83,99,Elías,Paniagua,pablo52@example.com,+34 941 02 26 38,Regular,Activo,141,Sectores,Máximo trabajar dado.,453.83,198,Disponible,4084.47,9678.42,2025-12,2025,12,Elías Paniagua
247,99,2025-12-27,886.92,186.25,7.55,Pagada,247,196,3,213.21,99,Elías,Paniagua,pablo52@example.com,+34 941 02 26 38,Regular,Activo,196,Texto,Interés llegado hombre esas propios.,213.21,499,Disponible,639.63,9678.42,2025-12,2025,12,Elías Paniagua
247,99,2025-12-27,886.92,186.25,7.55,Pagada,247,169,9,285.62,99,Elías,Paniagua,pablo52@example.com,+34 941 02 26 38,Regular,Activo,169,Nunca,Queda cambio función nuestros libre.,285.62,272,Agotado,2570.58,9678.42,2025-12,2025,12,Elías Paniagua
248,1,2025-07-30,907.37,190.55,43.06,Cancelada,248,171,8,335.82,1,Nico,Olmedo,ernesto33@example.org,+34 878 80 85 19,Premium,Activo,171,Ésta,Unidos idea seguridad cabo.,335.82,291,Disponible,2686.56,3154.02,2025-07,2025,7,Nico Olmedo
248,1,2025-07-30,907.37,190.55,43.06,Cancelada,248,43,2,233.73,1,Nico,Olmedo,ernesto33@example.org,+34 878 80 85 19,Premium,Activo,43,Horas,Título total abril vez.,233.73,404,Disponible,467.46,3154.02,2025-07,2025,7,Nico Olmedo
249,22,2025-07-02,1749.95,367.49,36.54,Pagada,249,9,5,66.96,22,Pascual,Salvador,herbertocorrea@example.net,+34 807 375 929,Premium,Activo,9,Sueño,Hacia popular guerra esa misma jamás mayores.,66.96,223,Agotado,334.79999999999995,334.79999999999995,2025-07,2025,7,Pascual Salvador
250,42,2025-07-30,794.18,166.78,42.29,Pendiente,250,141,5,453.83,42,Rosa,Pinilla,zairasotelo@example.org,+34822 06 50 07,VIP,Activo,141,Sectores,Máximo trabajar dado.,453.83,198,Disponible,2269.15,2269.15,2025-07,2025,7,Rosa Pinilla
251,21,2025-12-17,141.08,29.63,32.01,Cancelada,251,30,4,23.45,21,Venceslás,López,kechevarria@example.com,+34 848 323 556,Regular,Activo,30,Pueblo,Juicio actividad calle total diferentes.,23.45,430,Disponible,93.8,2688.57,2025-12,2025,12,Venceslás López
251,21,2025-12-17,141.08,29.63,32.01,Cancelada,251,90,2,468.45,21,Venceslás,López,kechevarria@example.com,+34 848 323 556,Regular,Activo,90,Apenas,Final cierto tema pensar suerte cual expresión.,468.45,256,Agotado,936.9,2688.57,2025-12,2025,12,Venceslás López
251,21,2025-12-17,141.08,29.63,32.01,Cancelada,251,168,5,301.18,21,Venceslás,López,kechevarria@example.com,+34 848 323 556,Regular,Activo,168,Encuentra,Cargo esos quien sectores voluntad.,301.18,211,Disponible,1505.9,2688.57,2025-12,2025,12,Venceslás López
251,21,2025-12-17,141.08,29.63,32.01,Cancelada,251,194,7,21.71,21,Venceslás,López,kechevarria@example.com,+34 848 323 556,Regular,Activo,194,Pasar,Compañía objetivo torno aire millones lo corte.,21.71,70,Agotado,151.97,2688.57,2025-12,2025,12,Venceslás López
252,292,2025-08-06,96.59,20.28,89.3,Pagada,252,72,1,121.46,292,América,Benavides,noepinto@example.net,+34 979780459,VIP,Inactivo,72,Madrid,Zonas vista intereses aspecto región acuerdo.,121.46,25,Disponible,121.46,121.46,2025-08,2025,8,América Benavides
253,219,2025-03-13,1687.47,354.37,99.86,Pagada,253,179,5,28.44,219,Ana Sofía,Hoz,rouracalisto@example.org,+34947 28 60 49,Regular,Activo,179,Términos,Solución todas queda.,28.44,73,Disponible,142.20000000000002,4639.67,2025-03,2025,3,Ana Sofía Hoz
253,219,2025-03-13,1687.47,354.37,99.86,Pagada,253,164,5,93.08,219,Ana Sofía,Hoz,rouracalisto@example.org,+34947 28 60 49,Regular,Activo,164,Animales,Vino siglo deseo difícil.,93.08,143,Agotado,465.4,4639.67,2025-03,2025,3,Ana Sofía Hoz
253,219,2025-03-13,1687.47,354.37,99.86,Pagada,253,35,7,251.74,219,Ana Sofía,Hoz,rouracalisto@example.org,+34947 28 60 49,Regular,Activo,35,Igual,Carta haciendo hermano muerto dejó hijo da sistemas.,251.74,135,Agotado,1762.18,4639.67,2025-03,2025,3,Ana Sofía Hoz
253,219,2025-03-13,1687.47,354.37,99.86,Pagada,253,172,9,252.21,219,Ana Sofía,Hoz,rouracalisto@example.org,+34947 28 60 49,Regular,Activo,172,Cómo,Afirmó economía miedo buenos.,252.21,215,Agotado,2269.89,4639.67,2025-03,2025,3,Ana Sofía Hoz
254,58,2026-01-13,1305.25,274.1,19.79,Cancelada,254,68,9,384.66,58,Maximiano,Figuerola,mpoza@example.org,+34 877 589 587,Regular,Inactivo,68,Particular,Quería diez realizar militar aire oposición parecía.,384.66,34,Disponible,3461.94,7875.950000000001,2026-01,2026,1,Maximiano Figuerola
254,58,2026-01-13,1305.25,274.1,19.79,Cancelada,254,128,1,490.91,58,Maximiano,Figuerola,mpoza@example.org,+34 877 589 587,Regular,Inactivo,128,Le,Mirada entonces pie.,490.91,305,Disponible,490.91,7875.950000000001,2026-01,2026,1,Maximiano Figuerola
254,58,2026-01-13,1305.25,274.1,19.79,Cancelada,254,134,6,81.37,58,Maximiano,Figuerola,mpoza@example.org,+34 877 589 587,Regular,Inactivo,134,Mismos,Aquella nos diferencia época arte.,81.37,345,Disponible,488.22,7875.950000000001,2026-01,2026,1,Maximiano Figuerola
254,58,2026-01-13,1305.25,274.1,19.79,Cancelada,254,150,8,429.36,58,Maximiano,Figuerola,mpoza@example.org,+34 877 589 587,Regular,Inactivo,150,Falta,Trabajo entonces derechos sector quien parecía él.,429.36,306,Disponible,3434.88,7875.950000000001,2026-01,2026,1,Maximiano Figuerola
255,116,2025-12-19,80.63,16.93,17.71,Pagada,255,6,2,324.78,116,Chelo,Herrera,maria-dolores11@example.org,+34845476248,Regular,Inactivo,6,Decía,General pacientes parís visto solución agua cualquier.,324.78,112,Disponible,649.56,6534.41,2025-12,2025,12,Chelo Herrera
255,116,2025-12-19,80.63,16.93,17.71,Pagada,255,46,4,496.13,116,Chelo,Herrera,maria-dolores11@example.org,+34845476248,Regular,Inactivo,46,Joven,Tarde sala experiencia igual noche actividades rey.,496.13,304,Disponible,1984.52,6534.41,2025-12,2025,12,Chelo Herrera
255,116,2025-12-19,80.63,16.93,17.71,Pagada,255,14,4,189.89,116,Chelo,Herrera,maria-dolores11@example.org,+34845476248,Regular,Inactivo,14,Asociación,Futuro mano ellos hubiera llega campaña máximo.,189.89,409,Agotado,759.56,6534.41,2025-12,2025,12,Chelo Herrera
255,116,2025-12-19,80.63,16.93,17.71,Pagada,255,7,6,324.46,116,Chelo,Herrera,maria-dolores11@example.org,+34845476248,Regular,Inactivo,7,Junio,Quienes interés torno estos norte momentos.,324.46,293,Disponible,1946.7599999999998,6534.41,2025-12,2025,12,Chelo Herrera
255,116,2025-12-19,80.63,16.93,17.71,Pagada,255,199,1,389.01,116,Chelo,Herrera,maria-dolores11@example.org,+34845476248,Regular,Inactivo,199,Bastante,Lejos oposición oposición hubo contrario ninguna.,389.01,256,Disponible,389.01,6534.41,2025-12,2025,12,Chelo Herrera
255,116,2025-12-19,80.63,16.93,17.71,Pagada,255,86,10,80.5,116,Chelo,Herrera,maria-dolores11@example.org,+34845476248,Regular,Inactivo,86,Nuestra,Habla relación unión familia trata medidas nuevo.,80.5,209,Agotado,805.0,6534.41,2025-12,2025,12,Chelo Herrera
256,154,2025-04-04,563.57,118.35,69.79,Pagada,256,11,7,152.94,154,Sarita,Salamanca,teodoro15@example.org,+34800 66 77 97,VIP,Activo,11,Muerte,Programas largo destino señor militar base.,152.94,406,Disponible,1070.58,11956.26,2025-04,2025,4,Sarita Salamanca
256,154,2025-04-04,563.57,118.35,69.79,Pagada,256,77,10,369.38,154,Sarita,Salamanca,teodoro15@example.org,+34800 66 77 97,VIP,Activo,77,He,García blanco ni imágenes quien.,369.38,498,Agotado,3693.8,11956.26,2025-04,2025,4,Sarita Salamanca
256,154,2025-04-04,563.57,118.35,69.79,Pagada,256,156,5,375.7,154,Sarita,Salamanca,teodoro15@example.org,+34800 66 77 97,VIP,Activo,156,Julio,Sido semanas va formación.,375.7,283,Disponible,1878.5,11956.26,2025-04,2025,4,Sarita Salamanca
256,154,2025-04-04,563.57,118.35,69.79,Pagada,256,184,2,251.53,154,Sarita,Salamanca,teodoro15@example.org,+34800 66 77 97,VIP,Activo,184,Sea,Vino época flores otras anterior ver.,251.53,255,Disponible,503.06,11956.26,2025-04,2025,4,Sarita Salamanca
256,154,2025-04-04,563.57,118.35,69.79,Pagada,256,20,4,414.78,154,Sarita,Salamanca,teodoro15@example.org,+34800 66 77 97,VIP,Activo,20,Mantener,Número juez actitud.,414.78,307,Disponible,1659.12,11956.26,2025-04,2025,4,Sarita Salamanca
256,154,2025-04-04,563.57,118.35,69.79,Pagada,256,96,8,393.9,154,Sarita,Salamanca,teodoro15@example.org,+34800 66 77 97,VIP,Activo,96,Según,Diez mis ii le habían.,393.9,109,Agotado,3151.2,11956.26,2025-04,2025,4,Sarita Salamanca
257,57,2025-11-15,1631.68,342.65,3.48,Pendiente,257,71,9,67.09,57,José,Esparza,mercedes75@example.org,+34 979 629 470,VIP,Activo,71,Fuerte,Junio desarrollo muchas ya grandes pues puso.,67.09,299,Agotado,603.8100000000001,1290.33,2025-11,2025,11,José Esparza
257,57,2025-11-15,1631.68,342.65,3.48,Pendiente,257,82,4,171.63,57,José,Esparza,mercedes75@example.org,+34 979 629 470,VIP,Activo,82,Dado,Ejemplo función ojos cada.,171.63,291,Disponible,686.52,1290.33,2025-11,2025,11,José Esparza
258,259,2025-08-12,485.25,101.9,32.34,Cancelada,258,193,3,69.1,259,Leire,Sainz,emiliamedina@example.org,+34 844 383 579,Regular,Activo,193,Alrededor,Países sur director aire manos te.,69.1,6,Agotado,207.29999999999998,207.29999999999998,2025-08,2025,8,Leire Sainz
259,68,2025-09-12,1481.72,311.16,12.21,Cancelada,259,154,10,187.84,68,Luís,Ballesteros,samantaegea@example.com,+34832 06 99 99,VIP,Activo,154,Solamente,Negro siguientes cabeza allá.,187.84,173,Agotado,1878.4,4476.639999999999,2025-09,2025,9,Luís Ballesteros
259,68,2025-09-12,1481.72,311.16,12.21,Cancelada,259,6,8,324.78,68,Luís,Ballesteros,samantaegea@example.com,+34832 06 99 99,VIP,Activo,6,Decía,General pacientes parís visto solución agua cualquier.,324.78,112,Disponible,2598.24,4476.639999999999,2025-09,2025,9,Luís Ballesteros
260,138,2025-04-06,728.8,153.05,44.69,Pagada,260,121,9,162.27,138,Sandalio,Cabañas,remigiohernando@example.org,+34833481247,Regular,Activo,121,Santa,Otros haciendo mientras bastante ambos debe condiciones pacientes.,162.27,402,Disponible,1460.43,9926.199999999999,2025-04,2025,4,Sandalio Cabañas
260,138,2025-04-06,728.8,153.05,44.69,Pagada,260,13,4,171.79,138,Sandalio,Cabañas,remigiohernando@example.org,+34833481247,Regular,Activo,13,Justicia,Muerto medidas esas miedo valores juego solución.,171.79,227,Agotado,687.16,9926.199999999999,2025-04,2025,4,Sandalio Cabañas
260,138,2025-04-06,728.8,153.05,44.69,Pagada,260,112,5,304.99,138,Sandalio,Cabañas,remigiohernando@example.org,+34833481247,Regular,Activo,112,Dar,Relación alguna mis toma primera material.,304.99,240,Agotado,1524.95,9926.199999999999,2025-04,2025,4,Sandalio Cabañas
260,138,2025-04-06,728.8,153.05,44.69,Pagada,260,43,6,233.73,138,Sandalio,Cabañas,remigiohernando@example.org,+34833481247,Regular,Activo,43,Horas,Título total abril vez.,233.73,404,Disponible,1402.3799999999999,9926.199999999999,2025-04,2025,4,Sandalio Cabañas
260,138,2025-04-06,728.8,153.05,44.69,Pagada,260,88,8,297.58,138,Sandalio,Cabañas,remigiohernando@example.org,+34833481247,Regular,Activo,88,Ahora,Decir fútbol final tengo empresas.,297.58,211,Disponible,2380.64,9926.199999999999,2025-04,2025,4,Sandalio Cabañas
260,138,2025-04-06,728.8,153.05,44.69,Pagada,260,166,8,308.83,138,Sandalio,Cabañas,remigiohernando@example.org,+34833481247,Regular,Activo,166,Deja,Favor negro siete gobierno construcción estuvo quiere éste.,308.83,67,Agotado,2470.64,9926.199999999999,2025-04,2025,4,Sandalio Cabañas
261,13,2025-12-17,653.66,137.27,39.9,Pendiente,261,165,4,346.73,13,Renato,Sosa,hortensia54@example.net,+34957 443 967,VIP,Inactivo,165,Estuvo,Número ella general conseguir mar poco mismos.,346.73,41,Agotado,1386.92,3578.3,2025-12,2025,12,Renato Sosa
261,13,2025-12-17,653.66,137.27,39.9,Pendiente,261,173,6,365.23,13,Renato,Sosa,hortensia54@example.net,+34957 443 967,VIP,Inactivo,173,M,Ayer espera reforma hospital.,365.23,61,Agotado,2191.38,3578.3,2025-12,2025,12,Renato Sosa
262,229,2025-11-03,1269.47,266.59,50.08,Pendiente,262,64,5,255.49,229,María Fernanda,Salvador,maximiano11@example.org,+34 927295082,Regular,Inactivo,64,Consejo,Área lleva ejército vamos oro niños.,255.49,391,Agotado,1277.45,1277.45,2025-11,2025,11,María Fernanda Salvador
263,100,2025-11-18,1579.42,331.68,69.4,Cancelada,263,129,1,202.57,100,Hernán,Navarrete,vmarino@example.net,+34 874 736 679,Premium,Activo,129,Dentro,Tiempos popular valores formación larga quería.,202.57,297,Disponible,202.57,2098.7799999999997,2025-11,2025,11,Hernán Navarrete
263,100,2025-11-18,1579.42,331.68,69.4,Cancelada,263,79,9,108.65,100,Hernán,Navarrete,vmarino@example.net,+34 874 736 679,Premium,Activo,79,Humana,Orden necesidad m casi.,108.65,476,Agotado,977.85,2098.7799999999997,2025-11,2025,11,Hernán Navarrete
263,100,2025-11-18,1579.42,331.68,69.4,Cancelada,263,47,4,229.59,100,Hernán,Navarrete,vmarino@example.net,+34 874 736 679,Premium,Activo,47,Les,Económica organización mil efectos.,229.59,450,Disponible,918.36,2098.7799999999997,2025-11,2025,11,Hernán Navarrete
264,52,2025-08-11,127.54,26.78,20.97,Cancelada,264,33,9,385.45,52,Ana Sofía,Calderón,qllopis@example.net,+34 941 565 087,Premium,Inactivo,33,Mes,Presidente lugar va iba.,385.45,332,Disponible,3469.0499999999997,3469.0499999999997,2025-08,2025,8,Ana Sofía Calderón
265,201,2025-06-12,844.56,177.36,11.64,Cancelada,265,126,2,264.69,201,Juan Antonio,Casado,castellonorberto@example.com,+34881 033 517,Premium,Activo,126,Sería,Fuerza falta quien salir puede estado.,264.69,469,Disponible,529.38,3232.7099999999996,2025-06,2025,6,Juan Antonio Casado
265,201,2025-06-12,844.56,177.36,11.64,Cancelada,265,178,1,154.28,201,Juan Antonio,Casado,castellonorberto@example.com,+34881 033 517,Premium,Activo,178,Reforma,Ex aire profesional deseo.,154.28,415,Disponible,154.28,3232.7099999999996,2025-06,2025,6,Juan Antonio Casado
265,201,2025-06-12,844.56,177.36,11.64,Cancelada,265,65,5,466.39,201,Juan Antonio,Casado,castellonorberto@example.com,+34881 033 517,Premium,Activo,65,Opinión,Hechos anterior donde hechos hija.,466.39,48,Agotado,2331.95,3232.7099999999996,2025-06,2025,6,Juan Antonio Casado
265,201,2025-06-12,844.56,177.36,11.64,Cancelada,265,194,10,21.71,201,Juan Antonio,Casado,castellonorberto@example.com,+34881 033 517,Premium,Activo,194,Pasar,Compañía objetivo torno aire millones lo corte.,21.71,70,Agotado,217.10000000000002,3232.7099999999996,2025-06,2025,6,Juan Antonio Casado
266,187,2025-05-07,489.81,102.86,17.39,Pendiente,266,38,2,151.66,187,Ramón,Marin,rossellojordan@example.org,+34 832 663 369,Regular,Activo,38,Obras,Hombre lucha siquiera no defensa.,151.66,399,Agotado,303.32,3913.99,2025-05,2025,5,Ramón Marin
266,187,2025-05-07,489.81,102.86,17.39,Pendiente,266,119,8,44.79,187,Ramón,Marin,rossellojordan@example.org,+34 832 663 369,Regular,Activo,119,Pequeña,Línea mismos obras tenían muerte diversos servicio tú.,44.79,202,Agotado,358.32,3913.99,2025-05,2025,5,Ramón Marin
266,187,2025-05-07,489.81,102.86,17.39,Pendiente,266,88,4,297.58,187,Ramón,Marin,rossellojordan@example.org,+34 832 663 369,Regular,Activo,88,Ahora,Decir fútbol final tengo empresas.,297.58,211,Disponible,1190.32,3913.99,2025-05,2025,5,Ramón Marin
266,187,2025-05-07,489.81,102.86,17.39,Pendiente,266,130,9,52.11,187,Ramón,Marin,rossellojordan@example.org,+34 832 663 369,Regular,Activo,130,Nivel,Necesidad artículo c adelante.,52.11,7,Agotado,468.99,3913.99,2025-05,2025,5,Ramón Marin
266,187,2025-05-07,489.81,102.86,17.39,Pendiente,266,125,8,199.13,187,Ramón,Marin,rossellojordan@example.org,+34 832 663 369,Regular,Activo,125,Habría,Esa encuentra nuevas iba políticos etapa ese seguir.,199.13,334,Disponible,1593.04,3913.99,2025-05,2025,5,Ramón Marin
267,135,2025-07-02,65.18,13.69,72.26,Cancelada,267,86,9,80.5,135,Jaime,Tudela,herminiahidalgo@example.com,+34888 85 45 20,VIP,Inactivo,86,Nuestra,Habla relación unión familia trata medidas nuevo.,80.5,209,Agotado,724.5,3370.99,2025-07,2025,7,Jaime Tudela
267,135,2025-07-02,65.18,13.69,72.26,Cancelada,267,155,7,378.07,135,Jaime,Tudela,herminiahidalgo@example.com,+34888 85 45 20,VIP,Inactivo,155,Decía,Elementos un da crecimiento ese un aquellas españoles.,378.07,76,Disponible,2646.49,3370.99,2025-07,2025,7,Jaime Tudela
268,261,2025-12-12,1219.35,256.06,22.83,Pagada,268,65,5,466.39,261,José Antonio,Ojeda,arocabegona@example.net,+34 933 242 727,Premium,Inactivo,65,Opinión,Hechos anterior donde hechos hija.,466.39,48,Agotado,2331.95,4953.219999999999,2025-12,2025,12,José Antonio Ojeda
268,261,2025-12-12,1219.35,256.06,22.83,Pagada,268,11,4,152.94,261,José Antonio,Ojeda,arocabegona@example.net,+34 933 242 727,Premium,Inactivo,11,Muerte,Programas largo destino señor militar base.,152.94,406,Disponible,611.76,4953.219999999999,2025-12,2025,12,José Antonio Ojeda
268,261,2025-12-12,1219.35,256.06,22.83,Pagada,268,7,2,324.46,261,José Antonio,Ojeda,arocabegona@example.net,+34 933 242 727,Premium,Inactivo,7,Junio,Quienes interés torno estos norte momentos.,324.46,293,Disponible,648.92,4953.219999999999,2025-12,2025,12,José Antonio Ojeda
268,261,2025-12-12,1219.35,256.06,22.83,Pagada,268,122,7,194.37,261,José Antonio,Ojeda,arocabegona@example.net,+34 933 242 727,Premium,Inactivo,122,Zona,Plazo principios varias fueron otras.,194.37,98,Disponible,1360.5900000000001,4953.219999999999,2025-12,2025,12,José Antonio Ojeda
269,295,2025-08-19,494.69,103.88,18.15,Cancelada,269,22,4,359.18,295,Vito,Folch,lupe31@example.com,+34877 810 454,VIP,Activo,22,Cuales,Fútbol especial luz especie sangre acerca.,359.18,37,Disponible,1436.72,3398.0,2025-08,2025,8,Vito Folch
269,295,2025-08-19,494.69,103.88,18.15,Cancelada,269,99,6,134.55,295,Vito,Folch,lupe31@example.com,+34877 810 454,VIP,Activo,99,Dicen,Uno conjunto principales abril.,134.55,419,Disponible,807.3000000000001,3398.0,2025-08,2025,8,Vito Folch
269,295,2025-08-19,494.69,103.88,18.15,Cancelada,269,68,3,384.66,295,Vito,Folch,lupe31@example.com,+34877 810 454,VIP,Activo,68,Particular,Quería diez realizar militar aire oposición parecía.,384.66,34,Disponible,1153.98,3398.0,2025-08,2025,8,Vito Folch
270,279,2025-10-20,1044.64,219.37,57.35,Pendiente,270,116,8,134.06,279,Montserrat,Osorio,angelina86@example.org,+34876382856,Premium,Inactivo,116,Rodríguez,Tipo tres dónde distintos.,134.06,239,Agotado,1072.48,6568.630000000001,2025-10,2025,10,Montserrat Osorio
270,279,2025-10-20,1044.64,219.37,57.35,Pendiente,270,91,1,206.95,279,Montserrat,Osorio,angelina86@example.org,+34876382856,Premium,Inactivo,91,España,Industria estoy hora gonzález madre.,206.95,474,Disponible,206.95,6568.630000000001,2025-10,2025,10,Montserrat Osorio
270,279,2025-10-20,1044.64,219.37,57.35,Pendiente,270,174,10,215.38,279,Montserrat,Osorio,angelina86@example.org,+34876382856,Premium,Inactivo,174,Hombre,Cuando juez trabajar historia don segundo mantener.,215.38,450,Agotado,2153.8,6568.630000000001,2025-10,2025,10,Montserrat Osorio
270,279,2025-10-20,1044.64,219.37,57.35,Pendiente,270,8,3,404.75,279,Montserrat,Osorio,angelina86@example.org,+34876382856,Premium,Inactivo,8,Quién,Uno hora diversos salida junto para educación.,404.75,366,Agotado,1214.25,6568.630000000001,2025-10,2025,10,Montserrat Osorio
270,279,2025-10-20,1044.64,219.37,57.35,Pendiente,270,117,5,384.23,279,Montserrat,Osorio,angelina86@example.org,+34876382856,Premium,Inactivo,117,Aquellas,Sólo destino mujeres chile.,384.23,287,Disponible,1921.15,6568.630000000001,2025-10,2025,10,Montserrat Osorio
271,276,2026-01-23,1776.86,373.14,49.37,Pendiente,271,129,4,202.57,276,Ruben,Trujillo,camposotilia@example.com,+34975 88 99 76,Premium,Activo,129,Dentro,Tiempos popular valores formación larga quería.,202.57,297,Disponible,810.28,3309.94,2026-01,2026,1,Ruben Trujillo
271,276,2026-01-23,1776.86,373.14,49.37,Pendiente,271,156,5,375.7,276,Ruben,Trujillo,camposotilia@example.com,+34975 88 99 76,Premium,Activo,156,Julio,Sido semanas va formación.,375.7,283,Disponible,1878.5,3309.94,2026-01,2026,1,Ruben Trujillo
271,276,2026-01-23,1776.86,373.14,49.37,Pendiente,271,74,4,155.29,276,Ruben,Trujillo,camposotilia@example.com,+34975 88 99 76,Premium,Activo,74,Puerta,Precisamente voy vez república u militar.,155.29,404,Agotado,621.16,3309.94,2026-01,2026,1,Ruben Trujillo
272,14,2025-02-19,1433.45,301.02,14.28,Pagada,272,55,6,463.42,14,Moreno,Melero,bartolometirado@example.org,+34864020760,Regular,Activo,55,Acuerdo,Sociales han comisión estaban formación sistema punto.,463.42,63,Agotado,2780.52,10141.72,2025-02,2025,2,Moreno Melero
272,14,2025-02-19,1433.45,301.02,14.28,Pagada,272,125,3,199.13,14,Moreno,Melero,bartolometirado@example.org,+34864020760,Regular,Activo,125,Habría,Esa encuentra nuevas iba políticos etapa ese seguir.,199.13,334,Disponible,597.39,10141.72,2025-02,2025,2,Moreno Melero
272,14,2025-02-19,1433.45,301.02,14.28,Pagada,272,199,6,389.01,14,Moreno,Melero,bartolometirado@example.org,+34864020760,Regular,Activo,199,Bastante,Lejos oposición oposición hubo contrario ninguna.,389.01,256,Disponible,2334.06,10141.72,2025-02,2025,2,Moreno Melero
272,14,2025-02-19,1433.45,301.02,14.28,Pagada,272,127,7,320.69,14,Moreno,Melero,bartolometirado@example.org,+34864020760,Regular,Activo,127,Bastante,Actividad televisión pablo medios.,320.69,246,Disponible,2244.83,10141.72,2025-02,2025,2,Moreno Melero
272,14,2025-02-19,1433.45,301.02,14.28,Pagada,272,22,2,359.18,14,Moreno,Melero,bartolometirado@example.org,+34864020760,Regular,Activo,22,Cuales,Fútbol especial luz especie sangre acerca.,359.18,37,Disponible,718.36,10141.72,2025-02,2025,2,Moreno Melero
272,14,2025-02-19,1433.45,301.02,14.28,Pagada,272,67,3,428.87,14,Moreno,Melero,bartolometirado@example.org,+34864020760,Regular,Activo,67,Derecha,Dicho ejemplo una gonzález.,428.87,221,Disponible,1286.6100000000001,10141.72,2025-02,2025,2,Moreno Melero
272,14,2025-02-19,1433.45,301.02,14.28,Pagada,272,42,1,179.95,14,Moreno,Melero,bartolometirado@example.org,+34864020760,Regular,Activo,42,N,Pasó quién jóvenes.,179.95,121,Disponible,179.95,10141.72,2025-02,2025,2,Moreno Melero
273,20,2026-01-31,590.82,124.07,85.92,Cancelada,273,30,5,23.45,20,Heriberto,Perales,marinaadan@example.com,+34 821027920,VIP,Activo,30,Pueblo,Juicio actividad calle total diferentes.,23.45,430,Disponible,117.25,7761.6,2026-01,2026,1,Heriberto Perales
273,20,2026-01-31,590.82,124.07,85.92,Cancelada,273,81,8,140.1,20,Heriberto,Perales,marinaadan@example.com,+34 821027920,VIP,Activo,81,Joven,Centros españoles valor lleva bueno habrá.,140.1,414,Agotado,1120.8,7761.6,2026-01,2026,1,Heriberto Perales
273,20,2026-01-31,590.82,124.07,85.92,Cancelada,273,58,10,312.08,20,Heriberto,Perales,marinaadan@example.com,+34 821027920,VIP,Activo,58,Manos,Llamado cabeza datos cuando mirada carlos.,312.08,88,Agotado,3120.7999999999997,7761.6,2026-01,2026,1,Heriberto Perales
273,20,2026-01-31,590.82,124.07,85.92,Cancelada,273,110,8,250.8,20,Heriberto,Perales,marinaadan@example.com,+34 821027920,VIP,Activo,110,Información,Problema contra deseo seguir ii.,250.8,315,Agotado,2006.4,7761.6,2026-01,2026,1,Heriberto Perales
273,20,2026-01-31,590.82,124.07,85.92,Cancelada,273,99,4,134.55,20,Heriberto,Perales,marinaadan@example.com,+34 821027920,VIP,Activo,99,Dicen,Uno conjunto principales abril.,134.55,419,Disponible,538.2,7761.6,2026-01,2026,1,Heriberto Perales
273,20,2026-01-31,590.82,124.07,85.92,Cancelada,273,82,5,171.63,20,Heriberto,Perales,marinaadan@example.com,+34 821027920,VIP,Activo,82,Dado,Ejemplo función ojos cada.,171.63,291,Disponible,858.15,7761.6,2026-01,2026,1,Heriberto Perales
274,202,2025-04-02,642.62,134.95,1.47,Cancelada,274,76,7,379.02,202,Loida,Berrocal,sebastianjuana@example.com,+34 980 087 461,Regular,Inactivo,76,Había,Suelo orden victoria precio.,379.02,239,Disponible,2653.14,5218.66,2025-04,2025,4,Loida Berrocal
274,202,2025-04-02,642.62,134.95,1.47,Cancelada,274,127,8,320.69,202,Loida,Berrocal,sebastianjuana@example.com,+34 980 087 461,Regular,Inactivo,127,Bastante,Actividad televisión pablo medios.,320.69,246,Disponible,2565.52,5218.66,2025-04,2025,4,Loida Berrocal
275,96,2025-09-30,1455.5,305.65,35.04,Pagada,275,95,9,437.97,96,Tere,Vendrell,wiriarte@example.org,+34 912455706,Regular,Activo,95,Fiscal,Ii centros objetivo es larga.,437.97,492,Disponible,3941.7300000000005,11361.710000000001,2025-09,2025,9,Tere Vendrell
275,96,2025-09-30,1455.5,305.65,35.04,Pagada,275,93,10,471.55,96,Tere,Vendrell,wiriarte@example.org,+34 912455706,Regular,Activo,93,Ciento,Estados alto vida tales joven acciones partes.,471.55,310,Disponible,4715.5,11361.710000000001,2025-09,2025,9,Tere Vendrell
275,96,2025-09-30,1455.5,305.65,35.04,Pagada,275,32,8,338.06,96,Tere,Vendrell,wiriarte@example.org,+34 912455706,Regular,Activo,32,Tal,Baja vista conciencia afirmó desde precio público.,338.06,476,Disponible,2704.48,11361.710000000001,2025-09,2025,9,Tere Vendrell
276,262,2025-07-19,543.25,114.08,46.5,Cancelada,276,8,3,404.75,262,Dulce,Duque,lorenzobartolome@example.com,+34875 15 92 62,Regular,Inactivo,8,Quién,Uno hora diversos salida junto para educación.,404.75,366,Agotado,1214.25,7699.78,2025-07,2025,7,Dulce Duque
276,262,2025-07-19,543.25,114.08,46.5,Cancelada,276,36,10,478.21,262,Dulce,Duque,lorenzobartolome@example.com,+34875 15 92 62,Regular,Inactivo,36,Valor,Fuera queda sería agua así pedro piel.,478.21,330,Disponible,4782.099999999999,7699.78,2025-07,2025,7,Dulce Duque
276,262,2025-07-19,543.25,114.08,46.5,Cancelada,276,161,9,189.27,262,Dulce,Duque,lorenzobartolome@example.com,+34875 15 92 62,Regular,Inactivo,161,Cuales,Vía sola valores entrar capacidad chile últimos.,189.27,468,Agotado,1703.43,7699.78,2025-07,2025,7,Dulce Duque
277,96,2025-03-03,483.64,101.56,83.23,Cancelada,277,43,3,233.73,96,Tere,Vendrell,wiriarte@example.org,+34 912455706,Regular,Activo,43,Horas,Título total abril vez.,233.73,404,Disponible,701.1899999999999,2625.33,2025-03,2025,3,Tere Vendrell
277,96,2025-03-03,483.64,101.56,83.23,Cancelada,277,127,6,320.69,96,Tere,Vendrell,wiriarte@example.org,+34 912455706,Regular,Activo,127,Bastante,Actividad televisión pablo medios.,320.69,246,Disponible,1924.1399999999999,2625.33,2025-03,2025,3,Tere Vendrell
278,217,2025-11-16,628.66,132.02,2.3,Pagada,278,20,3,414.78,217,Natanael,Reguera,kikebonilla@example.org,+34 902 925 040,VIP,Inactivo,20,Mantener,Número juez actitud.,414.78,307,Disponible,1244.34,5617.88,2025-11,2025,11,Natanael Reguera
278,217,2025-11-16,628.66,132.02,2.3,Pagada,278,55,6,463.42,217,Natanael,Reguera,kikebonilla@example.org,+34 902 925 040,VIP,Inactivo,55,Acuerdo,Sociales han comisión estaban formación sistema punto.,463.42,63,Agotado,2780.52,5617.88,2025-11,2025,11,Natanael Reguera
278,217,2025-11-16,628.66,132.02,2.3,Pagada,278,162,6,123.68,217,Natanael,Reguera,kikebonilla@example.org,+34 902 925 040,VIP,Inactivo,162,Problemas,Solamente artículo bastante.,123.68,13,Disponible,742.08,5617.88,2025-11,2025,11,Natanael Reguera
278,217,2025-11-16,628.66,132.02,2.3,Pagada,278,21,2,425.47,217,Natanael,Reguera,kikebonilla@example.org,+34 902 925 040,VIP,Inactivo,21,Base,Se social favor sólo psoe.,425.47,332,Disponible,850.94,5617.88,2025-11,2025,11,Natanael Reguera
279,278,2025-02-24,1720.55,361.32,9.79,Pendiente,279,91,7,206.95,278,Edelmira,Macías,valencianomarianela@example.net,+34882021279,Regular,Activo,91,España,Industria estoy hora gonzález madre.,206.95,474,Disponible,1448.6499999999999,7379.9,2025-02,2025,2,Edelmira Macías
279,278,2025-02-24,1720.55,361.32,9.79,Pendiente,279,141,5,453.83,278,Edelmira,Macías,valencianomarianela@example.net,+34882021279,Regular,Activo,141,Sectores,Máximo trabajar dado.,453.83,198,Disponible,2269.15,7379.9,2025-02,2025,2,Edelmira Macías
279,278,2025-02-24,1720.55,361.32,9.79,Pendiente,279,115,10,366.21,278,Edelmira,Macías,valencianomarianela@example.net,+34882021279,Regular,Activo,115,Este,Precisamente fue debe fuego primero futuro.,366.21,469,Agotado,3662.1,7379.9,2025-02,2025,2,Edelmira Macías
280,106,2025-12-25,643.31,135.1,86.16,Pagada,280,36,7,478.21,106,Armando,Galán,daniarenas@example.com,+34825 478 830,Regular,Activo,36,Valor,Fuera queda sería agua así pedro piel.,478.21,330,Disponible,3347.47,8693.89,2025-12,2025,12,Armando Galán
280,106,2025-12-25,643.31,135.1,86.16,Pagada,280,181,6,262.69,106,Armando,Galán,daniarenas@example.com,+34825 478 830,Regular,Activo,181,Mes,Barcelona capital razones pueden pasar tampoco.,262.69,115,Disponible,1576.1399999999999,8693.89,2025-12,2025,12,Armando Galán
280,106,2025-12-25,643.31,135.1,86.16,Pagada,280,76,4,379.02,106,Armando,Galán,daniarenas@example.com,+34825 478 830,Regular,Activo,76,Había,Suelo orden victoria precio.,379.02,239,Disponible,1516.08,8693.89,2025-12,2025,12,Armando Galán
280,106,2025-12-25,643.31,135.1,86.16,Pagada,280,156,6,375.7,106,Armando,Galán,daniarenas@example.com,+34825 478 830,Regular,Activo,156,Julio,Sido semanas va formación.,375.7,283,Disponible,2254.2,8693.89,2025-12,2025,12,Armando Galán
281,78,2026-01-22,561.73,117.96,16.29,Pendiente,281,172,2,252.21,78,Pili,Borrás,octaviamanso@example.org,+34972100780,VIP,Activo,172,Cómo,Afirmó economía miedo buenos.,252.21,215,Agotado,504.42,7073.700000000001,2026-01,2026,1,Pili Borrás
281,78,2026-01-22,561.73,117.96,16.29,Pendiente,281,79,2,108.65,78,Pili,Borrás,octaviamanso@example.org,+34972100780,VIP,Activo,79,Humana,Orden necesidad m casi.,108.65,476,Agotado,217.3,7073.700000000001,2026-01,2026,1,Pili Borrás
281,78,2026-01-22,561.73,117.96,16.29,Pendiente,281,92,10,358.63,78,Pili,Borrás,octaviamanso@example.org,+34972100780,VIP,Activo,92,Mayo,Derecho actual necesario figura calle productos ésta.,358.63,106,Agotado,3586.3,7073.700000000001,2026-01,2026,1,Pili Borrás
281,78,2026-01-22,561.73,117.96,16.29,Pendiente,281,108,8,345.71,78,Pili,Borrás,octaviamanso@example.org,+34972100780,VIP,Activo,108,Pedro,Veces santiago casos principales.,345.71,137,Disponible,2765.68,7073.700000000001,2026-01,2026,1,Pili Borrás
282,46,2026-01-09,1863.26,391.28,88.05,Pagada,282,8,10,404.75,46,Arsenio,Ripoll,camiloandres@example.org,+34 922 23 91 97,Premium,Activo,8,Quién,Uno hora diversos salida junto para educación.,404.75,366,Agotado,4047.5,4047.5,2026-01,2026,1,Arsenio Ripoll
283,2,2025-04-03,873.28,183.39,67.2,Cancelada,283,175,2,161.91,2,Baldomero,Frutos,eli88@example.net,+34922 311 045,Regular,Inactivo,175,Semana,Sol carne j enfermedad partir puedo.,161.91,136,Agotado,323.82,323.82,2025-04,2025,4,Baldomero Frutos
284,257,2025-02-28,1248.9,262.27,95.62,Pendiente,284,187,9,226.76,257,Isidoro,Cabo,guiomar49@example.com,+34 876 84 84 57,Regular,Activo,187,Papel,Mientras existencia cabo presente segunda pone.,226.76,286,Disponible,2040.84,2040.84,2025-02,2025,2,Isidoro Cabo
285,172,2026-02-04,1272.35,267.19,6.02,Cancelada,285,90,5,468.45,172,Lorenza,Perera,milagros33@example.net,+34878 22 97 53,VIP,Activo,90,Apenas,Final cierto tema pensar suerte cual expresión.,468.45,256,Agotado,2342.25,5331.39,2026-02,2026,2,Lorenza Perera
285,172,2026-02-04,1272.35,267.19,6.02,Cancelada,285,155,6,378.07,172,Lorenza,Perera,milagros33@example.net,+34878 22 97 53,VIP,Activo,155,Decía,Elementos un da crecimiento ese un aquellas españoles.,378.07,76,Disponible,2268.42,5331.39,2026-02,2026,2,Lorenza Perera
285,172,2026-02-04,1272.35,267.19,6.02,Cancelada,285,160,8,90.09,172,Lorenza,Perera,milagros33@example.net,+34878 22 97 53,VIP,Activo,160,Sala,Largo puso situación noche operación calle.,90.09,148,Agotado,720.72,5331.39,2026-02,2026,2,Lorenza Perera
286,300,2025-09-21,938.97,197.18,15.14,Pagada,286,131,5,388.5,300,Pánfilo,Riquelme,monicaavila@example.net,+34 945 217 197,VIP,Activo,131,Términos,Constitución psoe parece presente resultado julio mayoría.,388.5,408,Disponible,1942.5,2263.18,2025-09,2025,9,Pánfilo Riquelme
286,300,2025-09-21,938.97,197.18,15.14,Pagada,286,31,4,80.17,300,Pánfilo,Riquelme,monicaavila@example.net,+34 945 217 197,VIP,Activo,31,México,Ellas humana dijo estados.,80.17,475,Disponible,320.68,2263.18,2025-09,2025,9,Pánfilo Riquelme
287,37,2025-10-21,1989.61,417.82,31.0,Cancelada,287,181,7,262.69,37,Mónica,Pintor,valeroyago@example.com,+34 842 134 921,Premium,Inactivo,181,Mes,Barcelona capital razones pueden pasar tampoco.,262.69,115,Disponible,1838.83,2697.55,2025-10,2025,10,Mónica Pintor
287,37,2025-10-21,1989.61,417.82,31.0,Cancelada,287,150,2,429.36,37,Mónica,Pintor,valeroyago@example.com,+34 842 134 921,Premium,Inactivo,150,Falta,Trabajo entonces derechos sector quien parecía él.,429.36,306,Disponible,858.72,2697.55,2025-10,2025,10,Mónica Pintor
288,223,2025-10-04,71.51,15.02,8.47,Cancelada,288,67,1,428.87,223,Baldomero,Beltrán,muroalejandro@example.net,+34879 331 786,VIP,Inactivo,67,Derecha,Dicho ejemplo una gonzález.,428.87,221,Disponible,428.87,1084.51,2025-10,2025,10,Baldomero Beltrán
288,223,2025-10-04,71.51,15.02,8.47,Cancelada,288,60,4,163.91,223,Baldomero,Beltrán,muroalejandro@example.net,+34879 331 786,VIP,Inactivo,60,Resultado,Ciudad toma trabajadores resulta gonzález valores.,163.91,84,Agotado,655.64,1084.51,2025-10,2025,10,Baldomero Beltrán
289,72,2025-03-24,37.02,7.77,13.22,Cancelada,289,67,3,428.87,72,Reyna,Robledo,llobetbalduino@example.org,+34979193718,VIP,Inactivo,67,Derecha,Dicho ejemplo una gonzález.,428.87,221,Disponible,1286.6100000000001,5038.77,2025-03,2025,3,Reyna Robledo
289,72,2025-03-24,37.02,7.77,13.22,Cancelada,289,114,4,381.05,72,Reyna,Robledo,llobetbalduino@example.org,+34979193718,VIP,Inactivo,114,Baja,Distintas nueva profesional.,381.05,394,Disponible,1524.2,5038.77,2025-03,2025,3,Reyna Robledo
289,72,2025-03-24,37.02,7.77,13.22,Cancelada,289,38,10,151.66,72,Reyna,Robledo,llobetbalduino@example.org,+34979193718,VIP,Inactivo,38,Obras,Hombre lucha siquiera no defensa.,151.66,399,Agotado,1516.6,5038.77,2025-03,2025,3,Reyna Robledo
289,72,2025-03-24,37.02,7.77,13.22,Cancelada,289,140,4,177.84,72,Reyna,Robledo,llobetbalduino@example.org,+34979193718,VIP,Inactivo,140,Ninguna,Compañía carne fondo centro área parecía importancia.,177.84,74,Disponible,711.36,5038.77,2025-03,2025,3,Reyna Robledo
290,165,2025-06-03,567.9,119.26,13.2,Cancelada,290,6,4,324.78,165,Calisto,Belda,jose-ignacio55@example.org,+34 942279741,Regular,Inactivo,6,Decía,General pacientes parís visto solución agua cualquier.,324.78,112,Disponible,1299.12,4955.049999999999,2025-06,2025,6,Calisto Belda
290,165,2025-06-03,567.9,119.26,13.2,Cancelada,290,85,1,95.28,165,Calisto,Belda,jose-ignacio55@example.org,+34 942279741,Regular,Inactivo,85,Propio,Atrás servicio me momentos período.,95.28,408,Disponible,95.28,4955.049999999999,2025-06,2025,6,Calisto Belda
290,165,2025-06-03,567.9,119.26,13.2,Cancelada,290,31,5,80.17,165,Calisto,Belda,jose-ignacio55@example.org,+34 942279741,Regular,Inactivo,31,México,Ellas humana dijo estados.,80.17,475,Disponible,400.85,4955.049999999999,2025-06,2025,6,Calisto Belda
290,165,2025-06-03,567.9,119.26,13.2,Cancelada,290,13,8,171.79,165,Calisto,Belda,jose-ignacio55@example.org,+34 942279741,Regular,Inactivo,13,Justicia,Muerto medidas esas miedo valores juego solución.,171.79,227,Agotado,1374.32,4955.049999999999,2025-06,2025,6,Calisto Belda
290,165,2025-06-03,567.9,119.26,13.2,Cancelada,290,88,6,297.58,165,Calisto,Belda,jose-ignacio55@example.org,+34 942279741,Regular,Inactivo,88,Ahora,Decir fútbol final tengo empresas.,297.58,211,Disponible,1785.48,4955.049999999999,2025-06,2025,6,Calisto Belda
291,256,2025-12-24,1988.4,417.56,94.28,Pendiente,291,36,4,478.21,256,Eleuterio,Castejón,tlarrea@example.net,+34800 621 601,Premium,Activo,36,Valor,Fuera queda sería agua así pedro piel.,478.21,330,Disponible,1912.84,3915.6,2025-12,2025,12,Eleuterio Castejón
291,256,2025-12-24,1988.4,417.56,94.28,Pendiente,291,72,10,121.46,256,Eleuterio,Castejón,tlarrea@example.net,+34800 621 601,Premium,Activo,72,Madrid,Zonas vista intereses aspecto región acuerdo.,121.46,25,Disponible,1214.6,3915.6,2025-12,2025,12,Eleuterio Castejón
291,256,2025-12-24,1988.4,417.56,94.28,Pendiente,291,153,4,197.04,256,Eleuterio,Castejón,tlarrea@example.net,+34800 621 601,Premium,Activo,153,Cuestión,Experiencia secretario nosotros fuerte estudio cuarto mayoría.,197.04,250,Agotado,788.16,3915.6,2025-12,2025,12,Eleuterio Castejón
292,20,2025-10-16,1856.85,389.94,97.26,Pendiente,292,30,7,23.45,20,Heriberto,Perales,marinaadan@example.com,+34 821027920,VIP,Activo,30,Pueblo,Juicio actividad calle total diferentes.,23.45,430,Disponible,164.15,1205.79,2025-10,2025,10,Heriberto Perales
292,20,2025-10-16,1856.85,389.94,97.26,Pendiente,292,35,4,251.74,20,Heriberto,Perales,marinaadan@example.com,+34 821027920,VIP,Activo,35,Igual,Carta haciendo hermano muerto dejó hijo da sistemas.,251.74,135,Agotado,1006.96,1205.79,2025-10,2025,10,Heriberto Perales
292,20,2025-10-16,1856.85,389.94,97.26,Pendiente,292,48,6,5.78,20,Heriberto,Perales,marinaadan@example.com,+34 821027920,VIP,Activo,48,Últimos,Atrás hombre vez g debe carrera.,5.78,123,Agotado,34.68,1205.79,2025-10,2025,10,Heriberto Perales
293,276,2026-01-06,924.55,194.16,42.59,Pagada,293,137,1,467.39,276,Ruben,Trujillo,camposotilia@example.com,+34975 88 99 76,Premium,Activo,137,Metros,Fondo total derechos comercio alto congreso.,467.39,6,Agotado,467.39,1734.0300000000002,2026-01,2026,1,Ruben Trujillo
293,276,2026-01-06,924.55,194.16,42.59,Pagada,293,188,8,158.33,276,Ruben,Trujillo,camposotilia@example.com,+34975 88 99 76,Premium,Activo,188,Finalmente,Están razones datos solución ni dios.,158.33,178,Disponible,1266.64,1734.0300000000002,2026-01,2026,1,Ruben Trujillo
294,112,2025-03-24,1263.82,265.4,31.31,Cancelada,294,37,8,16.79,112,Merche,Abril,valeroiglesia@example.net,+34 879 209 314,Regular,Inactivo,37,Abril,Mucha dinero antes mar centros amigo pesetas seguro.,16.79,280,Disponible,134.32,4465.6,2025-03,2025,3,Merche Abril
294,112,2025-03-24,1263.82,265.4,31.31,Cancelada,294,156,9,375.7,112,Merche,Abril,valeroiglesia@example.net,+34 879 209 314,Regular,Inactivo,156,Julio,Sido semanas va formación.,375.7,283,Disponible,3381.2999999999997,4465.6,2025-03,2025,3,Merche Abril
294,112,2025-03-24,1263.82,265.4,31.31,Cancelada,294,188,6,158.33,112,Merche,Abril,valeroiglesia@example.net,+34 879 209 314,Regular,Inactivo,188,Finalmente,Están razones datos solución ni dios.,158.33,178,Disponible,949.98,4465.6,2025-03,2025,3,Merche Abril
295,121,2025-09-19,629.07,132.1,34.07,Cancelada,295,190,1,31.8,121,Victor Manuel,Roura,cortesmarcela@example.com,+34 945479263,Premium,Inactivo,190,Artículo,Uno personas cine.,31.8,335,Agotado,31.8,659.7199999999999,2025-09,2025,9,Victor Manuel Roura
295,121,2025-09-19,629.07,132.1,34.07,Cancelada,295,5,2,313.96,121,Victor Manuel,Roura,cortesmarcela@example.com,+34 945479263,Premium,Inactivo,5,Especial,Acción especie militar zona.,313.96,183,Agotado,627.92,659.7199999999999,2025-09,2025,9,Victor Manuel Roura
297,20,2025-11-15,262.57,55.14,5.53,Pendiente,297,189,5,87.56,20,Heriberto,Perales,marinaadan@example.com,+34 821027920,VIP,Activo,189,Frente,Alta millones mediante deseo respecto.,87.56,44,Agotado,437.8,437.8,2025-11,2025,11,Heriberto Perales
298,256,2025-03-23,1549.58,325.41,43.21,Pagada,298,134,9,81.37,256,Eleuterio,Castejón,tlarrea@example.net,+34800 621 601,Premium,Activo,134,Mismos,Aquella nos diferencia época arte.,81.37,345,Disponible,732.33,986.59,2025-03,2025,3,Eleuterio Castejón
298,256,2025-03-23,1549.58,325.41,43.21,Pagada,298,182,1,254.26,256,Eleuterio,Castejón,tlarrea@example.net,+34800 621 601,Premium,Activo,182,Especialmente,Meses cosas luz volver reforma necesidad duda.,254.26,340,Disponible,254.26,986.59,2025-03,2025,3,Eleuterio Castejón
299,64,2025-05-06,389.66,81.83,90.37,Pendiente,299,33,7,385.45,64,Adelina,Viña,franciscoandrade@example.com,+34973227465,Premium,Activo,33,Mes,Presidente lugar va iba.,385.45,332,Disponible,2698.15,10387.369999999999,2025-05,2025,5,Adelina Viña
299,64,2025-05-06,389.66,81.83,90.37,Pendiente,299,160,7,90.09,64,Adelina,Viña,franciscoandrade@example.com,+34973227465,Premium,Activo,160,Sala,Largo puso situación noche operación calle.,90.09,148,Agotado,630.63,10387.369999999999,2025-05,2025,5,Adelina Viña
299,64,2025-05-06,389.66,81.83,90.37,Pendiente,299,172,7,252.21,64,Adelina,Viña,franciscoandrade@example.com,+34973227465,Premium,Activo,172,Cómo,Afirmó economía miedo buenos.,252.21,215,Agotado,1765.47,10387.369999999999,2025-05,2025,5,Adelina Viña
299,64,2025-05-06,389.66,81.83,90.37,Pendiente,299,87,8,472.13,64,Adelina,Viña,franciscoandrade@example.com,+34973227465,Premium,Activo,87,Resulta,Europea conocer hombre trata.,472.13,206,Agotado,3777.04,10387.369999999999,2025-05,2025,5,Adelina Viña
299,64,2025-05-06,389.66,81.83,90.37,Pendiente,299,76,4,379.02,64,Adelina,Viña,franciscoandrade@example.com,+34973227465,Premium,Activo,76,Había,Suelo orden victoria precio.,379.02,239,Disponible,1516.08,10387.369999999999,2025-05,2025,5,Adelina Viña
300,203,2025-11-08,369.66,77.63,12.66,Pendiente,300,149,5,217.91,203,Juan Francisco,Quintanilla,hconde@example.org,+34 885 15 96 30,VIP,Activo,149,Viaje,Sectores cambios algunas análisis segundo.,217.91,45,Disponible,1089.55,1089.55,2025-11,2025,11,Juan Francisco Quintanilla
301,139,2025-07-24,1826.4,383.54,32.63,Cancelada,301,37,1,16.79,139,Fabián,Cerro,bayonale@example.org,+34800 857 278,VIP,Inactivo,37,Abril,Mucha dinero antes mar centros amigo pesetas seguro.,16.79,280,Disponible,16.79,1290.45,2025-07,2025,7,Fabián Cerro
301,139,2025-07-24,1826.4,383.54,32.63,Cancelada,301,124,1,242.92,139,Fabián,Cerro,bayonale@example.org,+34800 857 278,VIP,Inactivo,124,Memoria,Mismos grupos nada parece.,242.92,376,Disponible,242.92,1290.45,2025-07,2025,7,Fabián Cerro
301,139,2025-07-24,1826.4,383.54,32.63,Cancelada,301,13,6,171.79,139,Fabián,Cerro,bayonale@example.org,+34800 857 278,VIP,Inactivo,13,Justicia,Muerto medidas esas miedo valores juego solución.,171.79,227,Agotado,1030.74,1290.45,2025-07,2025,7,Fabián Cerro
302,105,2025-03-04,1620.95,340.4,8.32,Pendiente,302,11,8,152.94,105,Rodolfo,Polo,rosendo16@example.org,+34821 44 23 08,Regular,Inactivo,11,Muerte,Programas largo destino señor militar base.,152.94,406,Disponible,1223.52,1659.15,2025-03,2025,3,Rodolfo Polo
302,105,2025-03-04,1620.95,340.4,8.32,Pendiente,302,197,3,145.21,105,Rodolfo,Polo,rosendo16@example.org,+34821 44 23 08,Regular,Inactivo,197,Universidad,Han también cámara pasa.,145.21,50,Disponible,435.63,1659.15,2025-03,2025,3,Rodolfo Polo
303,51,2025-05-27,1826.49,383.56,65.45,Pendiente,303,76,1,379.02,51,Ramiro,Ayuso,taboadacalixta@example.com,+34 883 048 952,VIP,Inactivo,76,Había,Suelo orden victoria precio.,379.02,239,Disponible,379.02,846.41,2025-05,2025,5,Ramiro Ayuso
303,51,2025-05-27,1826.49,383.56,65.45,Pendiente,303,137,1,467.39,51,Ramiro,Ayuso,taboadacalixta@example.com,+34 883 048 952,VIP,Inactivo,137,Metros,Fondo total derechos comercio alto congreso.,467.39,6,Agotado,467.39,846.41,2025-05,2025,5,Ramiro Ayuso
304,68,2025-03-29,259.22,54.44,34.62,Cancelada,304,45,1,252.28,68,Luís,Ballesteros,samantaegea@example.com,+34832 06 99 99,VIP,Activo,45,Haber,Cantidad ciento fuentes le tenemos socialista bueno.,252.28,323,Agotado,252.28,1740.1799999999998,2025-03,2025,3,Luís Ballesteros
304,68,2025-03-29,259.22,54.44,34.62,Cancelada,304,88,5,297.58,68,Luís,Ballesteros,samantaegea@example.com,+34832 06 99 99,VIP,Activo,88,Ahora,Decir fútbol final tengo empresas.,297.58,211,Disponible,1487.8999999999999,1740.1799999999998,2025-03,2025,3,Luís Ballesteros
305,199,2025-05-02,281.82,59.18,62.33,Pagada,305,121,7,162.27,199,Florencio,Paniagua,rosendagamez@example.net,+34 747 79 62 97,Regular,Inactivo,121,Santa,Otros haciendo mientras bastante ambos debe condiciones pacientes.,162.27,402,Disponible,1135.89,5659.610000000001,2025-05,2025,5,Florencio Paniagua
305,199,2025-05-02,281.82,59.18,62.33,Pagada,305,85,7,95.28,199,Florencio,Paniagua,rosendagamez@example.net,+34 747 79 62 97,Regular,Inactivo,85,Propio,Atrás servicio me momentos período.,95.28,408,Disponible,666.96,5659.610000000001,2025-05,2025,5,Florencio Paniagua
305,199,2025-05-02,281.82,59.18,62.33,Pagada,305,95,8,437.97,199,Florencio,Paniagua,rosendagamez@example.net,+34 747 79 62 97,Regular,Inactivo,95,Fiscal,Ii centros objetivo es larga.,437.97,492,Disponible,3503.76,5659.610000000001,2025-05,2025,5,Florencio Paniagua
305,199,2025-05-02,281.82,59.18,62.33,Pagada,305,159,4,88.25,199,Florencio,Paniagua,rosendagamez@example.net,+34 747 79 62 97,Regular,Inactivo,159,Salida,Tales armas cualquier personas mirada humanos programa deja.,88.25,102,Agotado,353.0,5659.610000000001,2025-05,2025,5,Florencio Paniagua
306,108,2025-09-09,1668.29,350.34,75.52,Cancelada,306,41,6,265.55,108,Bonifacio,Casal,frutosrosario@example.org,+34 977 81 48 67,VIP,Activo,41,Sido,Decir incluso campo han otras pueden.,265.55,86,Disponible,1593.3000000000002,5796.0,2025-09,2025,9,Bonifacio Casal
306,108,2025-09-09,1668.29,350.34,75.52,Cancelada,306,39,6,70.4,108,Bonifacio,Casal,frutosrosario@example.org,+34 977 81 48 67,VIP,Activo,39,Aquella,Misma dio período millones.,70.4,19,Agotado,422.40000000000003,5796.0,2025-09,2025,9,Bonifacio Casal
306,108,2025-09-09,1668.29,350.34,75.52,Cancelada,306,60,5,163.91,108,Bonifacio,Casal,frutosrosario@example.org,+34 977 81 48 67,VIP,Activo,60,Resultado,Ciudad toma trabajadores resulta gonzález valores.,163.91,84,Agotado,819.55,5796.0,2025-09,2025,9,Bonifacio Casal
306,108,2025-09-09,1668.29,350.34,75.52,Cancelada,306,33,2,385.45,108,Bonifacio,Casal,frutosrosario@example.org,+34 977 81 48 67,VIP,Activo,33,Mes,Presidente lugar va iba.,385.45,332,Disponible,770.9,5796.0,2025-09,2025,9,Bonifacio Casal
306,108,2025-09-09,1668.29,350.34,75.52,Cancelada,306,95,5,437.97,108,Bonifacio,Casal,frutosrosario@example.org,+34 977 81 48 67,VIP,Activo,95,Fiscal,Ii centros objetivo es larga.,437.97,492,Disponible,2189.8500000000004,5796.0,2025-09,2025,9,Bonifacio Casal
307,175,2025-11-07,1223.81,257.0,75.81,Cancelada,307,31,7,80.17,175,Edelmira,Herrera,itziar73@example.net,+34 968126478,Premium,Activo,31,México,Ellas humana dijo estados.,80.17,475,Disponible,561.19,1082.29,2025-11,2025,11,Edelmira Herrera
307,175,2025-11-07,1223.81,257.0,75.81,Cancelada,307,130,10,52.11,175,Edelmira,Herrera,itziar73@example.net,+34 968126478,Premium,Activo,130,Nivel,Necesidad artículo c adelante.,52.11,7,Agotado,521.1,1082.29,2025-11,2025,11,Edelmira Herrera
308,30,2025-05-17,410.22,86.15,58.01,Cancelada,308,120,6,346.96,30,Nico,Caro,riquelmecasandra@example.com,+34871687081,VIP,Activo,120,Río,Elementos después sola rafael concepto menor análisis mayoría.,346.96,156,Disponible,2081.7599999999998,2833.7,2025-05,2025,5,Nico Caro
308,30,2025-05-17,410.22,86.15,58.01,Cancelada,308,48,7,5.78,30,Nico,Caro,riquelmecasandra@example.com,+34871687081,VIP,Activo,48,Últimos,Atrás hombre vez g debe carrera.,5.78,123,Agotado,40.46,2833.7,2025-05,2025,5,Nico Caro
308,30,2025-05-17,410.22,86.15,58.01,Cancelada,308,195,3,173.64,30,Nico,Caro,riquelmecasandra@example.com,+34871687081,VIP,Activo,195,Español,Educación palabras millones jorge fuentes.,173.64,5,Disponible,520.92,2833.7,2025-05,2025,5,Nico Caro
308,30,2025-05-17,410.22,86.15,58.01,Cancelada,308,85,2,95.28,30,Nico,Caro,riquelmecasandra@example.com,+34871687081,VIP,Activo,85,Propio,Atrás servicio me momentos período.,95.28,408,Disponible,190.56,2833.7,2025-05,2025,5,Nico Caro
309,245,2025-09-22,1384.97,290.84,41.75,Pendiente,309,82,7,171.63,245,Sonia,Sancho,wperez@example.org,+34 824 113 361,Premium,Activo,82,Dado,Ejemplo función ojos cada.,171.63,291,Disponible,1201.4099999999999,1201.4099999999999,2025-09,2025,9,Sonia Sancho
310,247,2025-08-19,1873.79,393.5,51.12,Cancelada,310,20,3,414.78,247,Georgina,Morales,figueroamaria-carmen@example.com,+34 900677728,Regular,Activo,20,Mantener,Número juez actitud.,414.78,307,Disponible,1244.34,1244.34,2025-08,2025,8,Georgina Morales
311,75,2025-07-19,1686.98,354.27,52.56,Pendiente,311,48,2,5.78,75,Hernando,Ledesma,valenciadora@example.org,+34 946 72 32 04,Premium,Inactivo,48,Últimos,Atrás hombre vez g debe carrera.,5.78,123,Agotado,11.56,2466.11,2025-07,2025,7,Hernando Ledesma
311,75,2025-07-19,1686.98,354.27,52.56,Pendiente,311,128,5,490.91,75,Hernando,Ledesma,valenciadora@example.org,+34 946 72 32 04,Premium,Inactivo,128,Le,Mirada entonces pie.,490.91,305,Disponible,2454.55,2466.11,2025-07,2025,7,Hernando Ledesma
312,74,2025-08-08,1878.3,394.44,55.03,Pendiente,312,170,7,350.15,74,Fabián,Estévez,ylillo@example.net,+34862 244 934,VIP,Inactivo,170,Antes,Posibilidad usted ese dice deja partido jamás.,350.15,182,Agotado,2451.0499999999997,3640.97,2025-08,2025,8,Fabián Estévez
312,74,2025-08-08,1878.3,394.44,55.03,Pendiente,312,102,3,396.64,74,Fabián,Estévez,ylillo@example.net,+34862 244 934,VIP,Inactivo,102,Debía,Esas vivir metros máximo.,396.64,64,Disponible,1189.92,3640.97,2025-08,2025,8,Fabián Estévez
313,93,2025-11-13,1940.48,407.5,0.19,Cancelada,313,138,3,283.14,93,Edgardo,Dueñas,santanadalila@example.com,+34 822 284 627,Regular,Inactivo,138,Elementos,Soy han niño son producción jefe más.,283.14,486,Agotado,849.42,1614.99,2025-11,2025,11,Edgardo Dueñas
313,93,2025-11-13,1940.48,407.5,0.19,Cancelada,313,165,2,346.73,93,Edgardo,Dueñas,santanadalila@example.com,+34 822 284 627,Regular,Inactivo,165,Estuvo,Número ella general conseguir mar poco mismos.,346.73,41,Agotado,693.46,1614.99,2025-11,2025,11,Edgardo Dueñas
313,93,2025-11-13,1940.48,407.5,0.19,Cancelada,313,185,3,11.35,93,Edgardo,Dueñas,santanadalila@example.com,+34 822 284 627,Regular,Inactivo,185,Plan,Importancia primeros vamos madre.,11.35,429,Agotado,34.05,1614.99,2025-11,2025,11,Edgardo Dueñas
313,93,2025-11-13,1940.48,407.5,0.19,Cancelada,313,19,2,19.03,93,Edgardo,Dueñas,santanadalila@example.com,+34 822 284 627,Regular,Inactivo,19,Pasa,Director algunas particular difícil persona.,19.03,406,Disponible,38.06,1614.99,2025-11,2025,11,Edgardo Dueñas
314,127,2025-11-02,1316.15,276.39,24.78,Pagada,314,155,9,378.07,127,Domingo,Llabrés,mantunez@example.com,+34987146557,Regular,Activo,155,Decía,Elementos un da crecimiento ese un aquellas españoles.,378.07,76,Disponible,3402.63,4082.91,2025-11,2025,11,Domingo Llabrés
314,127,2025-11-02,1316.15,276.39,24.78,Pagada,314,187,3,226.76,127,Domingo,Llabrés,mantunez@example.com,+34987146557,Regular,Activo,187,Papel,Mientras existencia cabo presente segunda pone.,226.76,286,Disponible,680.28,4082.91,2025-11,2025,11,Domingo Llabrés
315,28,2025-11-14,1403.5,294.74,95.05,Pendiente,315,182,2,254.26,28,Inocencio,Sánchez,moises96@example.net,+34 924 12 36 96,Premium,Inactivo,182,Especialmente,Meses cosas luz volver reforma necesidad duda.,254.26,340,Disponible,508.52,7576.360000000001,2025-11,2025,11,Inocencio Sánchez
315,28,2025-11-14,1403.5,294.74,95.05,Pendiente,315,1,10,226.5,28,Inocencio,Sánchez,moises96@example.net,+34 924 12 36 96,Premium,Inactivo,1,Hechos,Gran participación diferencia.,226.5,344,Agotado,2265.0,7576.360000000001,2025-11,2025,11,Inocencio Sánchez
315,28,2025-11-14,1403.5,294.74,95.05,Pendiente,315,21,8,425.47,28,Inocencio,Sánchez,moises96@example.net,+34 924 12 36 96,Premium,Inactivo,21,Base,Se social favor sólo psoe.,425.47,332,Disponible,3403.76,7576.360000000001,2025-11,2025,11,Inocencio Sánchez
315,28,2025-11-14,1403.5,294.74,95.05,Pendiente,315,198,2,106.66,28,Inocencio,Sánchez,moises96@example.net,+34 924 12 36 96,Premium,Inactivo,198,Cómo,Aunque larga empresa capital natural serán encontrar.,106.66,300,Agotado,213.32,7576.360000000001,2025-11,2025,11,Inocencio Sánchez
315,28,2025-11-14,1403.5,294.74,95.05,Pendiente,315,15,4,244.67,28,Inocencio,Sánchez,moises96@example.net,+34 924 12 36 96,Premium,Inactivo,15,Existencia,Civil eran unos asociación consumo torno.,244.67,242,Agotado,978.68,7576.360000000001,2025-11,2025,11,Inocencio Sánchez
315,28,2025-11-14,1403.5,294.74,95.05,Pendiente,315,4,2,103.54,28,Inocencio,Sánchez,moises96@example.net,+34 924 12 36 96,Premium,Inactivo,4,Les,Sur técnica menos.,103.54,266,Disponible,207.08,7576.360000000001,2025-11,2025,11,Inocencio Sánchez
316,205,2025-05-10,1151.91,241.9,88.12,Cancelada,316,191,6,216.63,205,Cornelio,Andres,inocencionarvaez@example.com,+34 987 968 198,Premium,Inactivo,191,Están,Radio creo paz trabajar allá entrar servicios derecha.,216.63,91,Disponible,1299.78,5564.98,2025-05,2025,5,Cornelio Andres
316,205,2025-05-10,1151.91,241.9,88.12,Cancelada,316,67,5,428.87,205,Cornelio,Andres,inocencionarvaez@example.com,+34 987 968 198,Premium,Inactivo,67,Derecha,Dicho ejemplo una gonzález.,428.87,221,Disponible,2144.35,5564.98,2025-05,2025,5,Cornelio Andres
316,205,2025-05-10,1151.91,241.9,88.12,Cancelada,316,19,5,19.03,205,Cornelio,Andres,inocencionarvaez@example.com,+34 987 968 198,Premium,Inactivo,19,Pasa,Director algunas particular difícil persona.,19.03,406,Disponible,95.15,5564.98,2025-05,2025,5,Cornelio Andres
316,205,2025-05-10,1151.91,241.9,88.12,Cancelada,316,129,10,202.57,205,Cornelio,Andres,inocencionarvaez@example.com,+34 987 968 198,Premium,Inactivo,129,Dentro,Tiempos popular valores formación larga quería.,202.57,297,Disponible,2025.6999999999998,5564.98,2025-05,2025,5,Cornelio Andres
318,264,2025-12-02,737.48,154.87,18.76,Pendiente,318,45,3,252.28,264,Victoriano,Montero,cesarfabregat@example.net,+34 815 61 83 38,VIP,Inactivo,45,Haber,Cantidad ciento fuentes le tenemos socialista bueno.,252.28,323,Agotado,756.84,2686.2400000000002,2025-12,2025,12,Victoriano Montero
318,264,2025-12-02,737.48,154.87,18.76,Pendiente,318,28,7,263.12,264,Victoriano,Montero,cesarfabregat@example.net,+34 815 61 83 38,VIP,Inactivo,28,Buscar,Rodríguez deseo mundo programa.,263.12,238,Disponible,1841.8400000000001,2686.2400000000002,2025-12,2025,12,Victoriano Montero
318,264,2025-12-02,737.48,154.87,18.76,Pendiente,318,189,1,87.56,264,Victoriano,Montero,cesarfabregat@example.net,+34 815 61 83 38,VIP,Inactivo,189,Frente,Alta millones mediante deseo respecto.,87.56,44,Agotado,87.56,2686.2400000000002,2025-12,2025,12,Victoriano Montero
319,58,2026-02-02,271.3,56.97,63.54,Cancelada,319,118,1,401.29,58,Maximiano,Figuerola,mpoza@example.org,+34 877 589 587,Regular,Inactivo,118,Primer,Fiscal hubiera siquiera último tenemos algunas.,401.29,68,Disponible,401.29,524.97,2026-02,2026,2,Maximiano Figuerola
319,58,2026-02-02,271.3,56.97,63.54,Cancelada,319,162,1,123.68,58,Maximiano,Figuerola,mpoza@example.org,+34 877 589 587,Regular,Inactivo,162,Problemas,Solamente artículo bastante.,123.68,13,Disponible,123.68,524.97,2026-02,2026,2,Maximiano Figuerola
320,262,2025-05-16,464.68,97.58,67.16,Pendiente,320,76,7,379.02,262,Dulce,Duque,lorenzobartolome@example.com,+34875 15 92 62,Regular,Inactivo,76,Había,Suelo orden victoria precio.,379.02,239,Disponible,2653.14,5167.4,2025-05,2025,5,Dulce Duque
320,262,2025-05-16,464.68,97.58,67.16,Pendiente,320,22,7,359.18,262,Dulce,Duque,lorenzobartolome@example.com,+34875 15 92 62,Regular,Inactivo,22,Cuales,Fútbol especial luz especie sangre acerca.,359.18,37,Disponible,2514.26,5167.4,2025-05,2025,5,Dulce Duque
321,300,2025-05-15,923.16,193.86,26.04,Pagada,321,111,3,186.39,300,Pánfilo,Riquelme,monicaavila@example.net,+34 945 217 197,VIP,Activo,111,Informe,Momento al estamos b período revolución interés.,186.39,133,Agotado,559.17,7249.25,2025-05,2025,5,Pánfilo Riquelme
321,300,2025-05-15,923.16,193.86,26.04,Pagada,321,173,4,365.23,300,Pánfilo,Riquelme,monicaavila@example.net,+34 945 217 197,VIP,Activo,173,M,Ayer espera reforma hospital.,365.23,61,Agotado,1460.92,7249.25,2025-05,2025,5,Pánfilo Riquelme
321,300,2025-05-15,923.16,193.86,26.04,Pagada,321,74,7,155.29,300,Pánfilo,Riquelme,monicaavila@example.net,+34 945 217 197,VIP,Activo,74,Puerta,Precisamente voy vez república u militar.,155.29,404,Agotado,1087.03,7249.25,2025-05,2025,5,Pánfilo Riquelme
321,300,2025-05-15,923.16,193.86,26.04,Pagada,321,79,3,108.65,300,Pánfilo,Riquelme,monicaavila@example.net,+34 945 217 197,VIP,Activo,79,Humana,Orden necesidad m casi.,108.65,476,Agotado,325.95000000000005,7249.25,2025-05,2025,5,Pánfilo Riquelme
321,300,2025-05-15,923.16,193.86,26.04,Pagada,321,152,2,199.29,300,Pánfilo,Riquelme,monicaavila@example.net,+34 945 217 197,VIP,Activo,152,República,Línea existe jóvenes podemos puede.,199.29,270,Agotado,398.58,7249.25,2025-05,2025,5,Pánfilo Riquelme
321,300,2025-05-15,923.16,193.86,26.04,Pagada,321,143,10,341.76,300,Pánfilo,Riquelme,monicaavila@example.net,+34 945 217 197,VIP,Activo,143,Cual,Oro expresión precios j siempre opinión por.,341.76,481,Agotado,3417.6,7249.25,2025-05,2025,5,Pánfilo Riquelme
322,95,2025-09-12,1211.08,254.33,55.99,Cancelada,322,80,8,477.47,95,Che,Arnau,iferrer@example.net,+34942 84 10 71,Regular,Activo,80,Tenemos,Izquierda pueblo meses años.,477.47,20,Agotado,3819.76,4624.76,2025-09,2025,9,Che Arnau
322,95,2025-09-12,1211.08,254.33,55.99,Cancelada,322,86,10,80.5,95,Che,Arnau,iferrer@example.net,+34942 84 10 71,Regular,Activo,86,Nuestra,Habla relación unión familia trata medidas nuevo.,80.5,209,Agotado,805.0,4624.76,2025-09,2025,9,Che Arnau
323,243,2025-11-17,1123.94,236.03,54.3,Pagada,323,132,4,365.29,243,Ignacia,Fuertes,trinidadiriarte@example.org,+34 826 528 121,Regular,Inactivo,132,Sala,Primera parte tomar las.,365.29,480,Disponible,1461.16,5584.93,2025-11,2025,11,Ignacia Fuertes
323,243,2025-11-17,1123.94,236.03,54.3,Pagada,323,165,9,346.73,243,Ignacia,Fuertes,trinidadiriarte@example.org,+34 826 528 121,Regular,Inactivo,165,Estuvo,Número ella general conseguir mar poco mismos.,346.73,41,Agotado,3120.57,5584.93,2025-11,2025,11,Ignacia Fuertes
323,243,2025-11-17,1123.94,236.03,54.3,Pagada,323,110,4,250.8,243,Ignacia,Fuertes,trinidadiriarte@example.org,+34 826 528 121,Regular,Inactivo,110,Información,Problema contra deseo seguir ii.,250.8,315,Agotado,1003.2,5584.93,2025-11,2025,11,Ignacia Fuertes
324,184,2025-03-30,32.97,6.92,64.54,Pendiente,324,105,6,382.23,184,Jacobo,Valbuena,zsalgado@example.net,+34846241626,VIP,Inactivo,105,Blanco,Realizar generales explicó mirada fernando también televisión fecha.,382.23,435,Agotado,2293.38,4331.88,2025-03,2025,3,Jacobo Valbuena
324,184,2025-03-30,32.97,6.92,64.54,Pendiente,324,1,9,226.5,184,Jacobo,Valbuena,zsalgado@example.net,+34846241626,VIP,Inactivo,1,Hechos,Gran participación diferencia.,226.5,344,Agotado,2038.5,4331.88,2025-03,2025,3,Jacobo Valbuena
325,200,2025-07-13,57.6,12.1,97.28,Pendiente,325,73,9,345.96,200,Maximiliano,Solsona,idonaire@example.net,+34 911 65 67 16,Premium,Inactivo,73,Meses,Vida hacía carrera pudo unos.,345.96,315,Disponible,3113.64,3113.64,2025-07,2025,7,Maximiliano Solsona
326,40,2025-08-16,1219.31,256.06,45.72,Pagada,326,15,8,244.67,40,Nicolasa,Conesa,alfredomatas@example.com,+34 986 25 00 84,Premium,Inactivo,15,Existencia,Civil eran unos asociación consumo torno.,244.67,242,Agotado,1957.36,6767.97,2025-08,2025,8,Nicolasa Conesa
326,40,2025-08-16,1219.31,256.06,45.72,Pagada,326,162,5,123.68,40,Nicolasa,Conesa,alfredomatas@example.com,+34 986 25 00 84,Premium,Inactivo,162,Problemas,Solamente artículo bastante.,123.68,13,Disponible,618.4000000000001,6767.97,2025-08,2025,8,Nicolasa Conesa
326,40,2025-08-16,1219.31,256.06,45.72,Pagada,326,11,1,152.94,40,Nicolasa,Conesa,alfredomatas@example.com,+34 986 25 00 84,Premium,Inactivo,11,Muerte,Programas largo destino señor militar base.,152.94,406,Disponible,152.94,6767.97,2025-08,2025,8,Nicolasa Conesa
326,40,2025-08-16,1219.31,256.06,45.72,Pagada,326,173,10,365.23,40,Nicolasa,Conesa,alfredomatas@example.com,+34 986 25 00 84,Premium,Inactivo,173,M,Ayer espera reforma hospital.,365.23,61,Agotado,3652.3,6767.97,2025-08,2025,8,Nicolasa Conesa
326,40,2025-08-16,1219.31,256.06,45.72,Pagada,326,113,1,386.97,40,Nicolasa,Conesa,alfredomatas@example.com,+34 986 25 00 84,Premium,Inactivo,113,Mundo,Explicó sé niño proyectos decir desde lo.,386.97,413,Agotado,386.97,6767.97,2025-08,2025,8,Nicolasa Conesa
327,261,2025-09-29,370.65,77.84,20.95,Pagada,327,115,8,366.21,261,José Antonio,Ojeda,arocabegona@example.net,+34 933 242 727,Premium,Inactivo,115,Este,Precisamente fue debe fuego primero futuro.,366.21,469,Agotado,2929.68,3418.0099999999998,2025-09,2025,9,José Antonio Ojeda
327,261,2025-09-29,370.65,77.84,20.95,Pagada,327,59,9,12.15,261,José Antonio,Ojeda,arocabegona@example.net,+34 933 242 727,Premium,Inactivo,59,Tarde,Quedó sé todavía flores.,12.15,111,Disponible,109.35000000000001,3418.0099999999998,2025-09,2025,9,José Antonio Ojeda
327,261,2025-09-29,370.65,77.84,20.95,Pagada,327,16,2,189.49,261,José Antonio,Ojeda,arocabegona@example.net,+34 933 242 727,Premium,Inactivo,16,Crisis,Contenido buena era partidos.,189.49,61,Disponible,378.98,3418.0099999999998,2025-09,2025,9,José Antonio Ojeda
328,39,2025-09-14,111.47,23.41,10.77,Pagada,328,130,5,52.11,39,Luís,Baena,vascolaguna@example.org,+34 875 803 210,VIP,Inactivo,130,Nivel,Necesidad artículo c adelante.,52.11,7,Agotado,260.55,3757.05,2025-09,2025,9,Luís Baena
328,39,2025-09-14,111.47,23.41,10.77,Pagada,328,131,9,388.5,39,Luís,Baena,vascolaguna@example.org,+34 875 803 210,VIP,Inactivo,131,Términos,Constitución psoe parece presente resultado julio mayoría.,388.5,408,Disponible,3496.5,3757.05,2025-09,2025,9,Luís Baena
329,193,2025-09-22,1957.32,411.04,92.08,Pendiente,329,82,3,171.63,193,Cruz,Quero,beltranhernando@example.com,+34948 313 252,Premium,Inactivo,82,Dado,Ejemplo función ojos cada.,171.63,291,Disponible,514.89,2306.93,2025-09,2025,9,Cruz Quero
329,193,2025-09-22,1957.32,411.04,92.08,Pendiente,329,11,1,152.94,193,Cruz,Quero,beltranhernando@example.com,+34948 313 252,Premium,Inactivo,11,Muerte,Programas largo destino señor militar base.,152.94,406,Disponible,152.94,2306.93,2025-09,2025,9,Cruz Quero
329,193,2025-09-22,1957.32,411.04,92.08,Pendiente,329,60,10,163.91,193,Cruz,Quero,beltranhernando@example.com,+34948 313 252,Premium,Inactivo,60,Resultado,Ciudad toma trabajadores resulta gonzález valores.,163.91,84,Agotado,1639.1,2306.93,2025-09,2025,9,Cruz Quero
330,75,2025-07-20,548.01,115.08,14.32,Pendiente,330,81,8,140.1,75,Hernando,Ledesma,valenciadora@example.org,+34 946 72 32 04,Premium,Inactivo,81,Joven,Centros españoles valor lleva bueno habrá.,140.1,414,Agotado,1120.8,1120.8,2025-07,2025,7,Hernando Ledesma
331,132,2025-05-20,158.2,33.22,22.01,Pendiente,331,18,5,218.61,132,Felisa,Morera,ana-sofia27@example.com,+34 820 93 60 76,Premium,Activo,18,Ambos,Papel g j marzo contra estuvo hizo.,218.61,325,Agotado,1093.0500000000002,2241.0,2025-05,2025,5,Felisa Morera
331,132,2025-05-20,158.2,33.22,22.01,Pendiente,331,47,5,229.59,132,Felisa,Morera,ana-sofia27@example.com,+34 820 93 60 76,Premium,Activo,47,Les,Económica organización mil efectos.,229.59,450,Disponible,1147.95,2241.0,2025-05,2025,5,Felisa Morera
332,113,2025-10-19,858.01,180.18,16.33,Cancelada,332,148,8,83.0,113,Mohamed,Puerta,ojedadolores@example.org,+34874 18 18 76,VIP,Inactivo,148,Sala,Europa libros jamás habla año fuerzas.,83.0,316,Agotado,664.0,2504.6400000000003,2025-10,2025,10,Mohamed Puerta
332,113,2025-10-19,858.01,180.18,16.33,Cancelada,332,134,9,81.37,113,Mohamed,Puerta,ojedadolores@example.org,+34874 18 18 76,VIP,Inactivo,134,Mismos,Aquella nos diferencia época arte.,81.37,345,Disponible,732.33,2504.6400000000003,2025-10,2025,10,Mohamed Puerta
332,113,2025-10-19,858.01,180.18,16.33,Cancelada,332,188,7,158.33,113,Mohamed,Puerta,ojedadolores@example.org,+34874 18 18 76,VIP,Inactivo,188,Finalmente,Están razones datos solución ni dios.,158.33,178,Disponible,1108.3100000000002,2504.6400000000003,2025-10,2025,10,Mohamed Puerta
333,129,2025-04-16,859.28,180.45,66.72,Pagada,333,84,8,450.85,129,Modesta,Cuesta,abascalfortunata@example.com,+34976 68 66 70,Regular,Activo,84,Llegar,Una consecuencia cosas español éste queda.,450.85,346,Agotado,3606.8,3606.8,2025-04,2025,4,Modesta Cuesta
334,202,2025-04-09,1236.58,259.68,10.31,Pendiente,334,168,6,301.18,202,Loida,Berrocal,sebastianjuana@example.com,+34 980 087 461,Regular,Inactivo,168,Encuentra,Cargo esos quien sectores voluntad.,301.18,211,Disponible,1807.08,4176.17,2025-04,2025,4,Loida Berrocal
334,202,2025-04-09,1236.58,259.68,10.31,Pendiente,334,197,9,145.21,202,Loida,Berrocal,sebastianjuana@example.com,+34 980 087 461,Regular,Inactivo,197,Universidad,Han también cámara pasa.,145.21,50,Disponible,1306.89,4176.17,2025-04,2025,4,Loida Berrocal
334,202,2025-04-09,1236.58,259.68,10.31,Pendiente,334,41,4,265.55,202,Loida,Berrocal,sebastianjuana@example.com,+34 980 087 461,Regular,Inactivo,41,Sido,Decir incluso campo han otras pueden.,265.55,86,Disponible,1062.2,4176.17,2025-04,2025,4,Loida Berrocal
335,35,2025-11-26,28.67,6.02,51.56,Cancelada,335,113,3,386.97,35,Bibiana,Arrieta,bautistabolanos@example.com,+34824 12 13 71,Premium,Inactivo,113,Mundo,Explicó sé niño proyectos decir desde lo.,386.97,413,Agotado,1160.91,1160.91,2025-11,2025,11,Bibiana Arrieta
336,225,2025-03-28,1921.59,403.53,74.42,Pendiente,336,102,9,396.64,225,Bárbara,Jara,piasalmeron@example.org,+34 911 33 03 85,Regular,Inactivo,102,Debía,Esas vivir metros máximo.,396.64,64,Disponible,3569.7599999999998,13707.630000000001,2025-03,2025,3,Bárbara Jara
336,225,2025-03-28,1921.59,403.53,74.42,Pendiente,336,123,8,40.58,225,Bárbara,Jara,piasalmeron@example.org,+34 911 33 03 85,Regular,Inactivo,123,Tipo,Fiscal especialmente mañana vuelve evitar.,40.58,457,Disponible,324.64,13707.630000000001,2025-03,2025,3,Bárbara Jara
336,225,2025-03-28,1921.59,403.53,74.42,Pendiente,336,99,6,134.55,225,Bárbara,Jara,piasalmeron@example.org,+34 911 33 03 85,Regular,Inactivo,99,Dicen,Uno conjunto principales abril.,134.55,419,Disponible,807.3000000000001,13707.630000000001,2025-03,2025,3,Bárbara Jara
336,225,2025-03-28,1921.59,403.53,74.42,Pendiente,336,29,5,262.11,225,Bárbara,Jara,piasalmeron@example.org,+34 911 33 03 85,Regular,Inactivo,29,Norte,México equipo grupo unas defensa exterior agua esfuerzo.,262.11,267,Agotado,1310.5500000000002,13707.630000000001,2025-03,2025,3,Bárbara Jara
336,225,2025-03-28,1921.59,403.53,74.42,Pendiente,336,143,8,341.76,225,Bárbara,Jara,piasalmeron@example.org,+34 911 33 03 85,Regular,Inactivo,143,Cual,Oro expresión precios j siempre opinión por.,341.76,481,Agotado,2734.08,13707.630000000001,2025-03,2025,3,Bárbara Jara
336,225,2025-03-28,1921.59,403.53,74.42,Pendiente,336,46,10,496.13,225,Bárbara,Jara,piasalmeron@example.org,+34 911 33 03 85,Regular,Inactivo,46,Joven,Tarde sala experiencia igual noche actividades rey.,496.13,304,Disponible,4961.3,13707.630000000001,2025-03,2025,3,Bárbara Jara
337,230,2025-07-04,1853.71,389.28,16.16,Pagada,337,113,1,386.97,230,Amalia,Guardia,rcaballero@example.com,+34 981303729,Premium,Inactivo,113,Mundo,Explicó sé niño proyectos decir desde lo.,386.97,413,Agotado,386.97,4337.5,2025-07,2025,7,Amalia Guardia
337,230,2025-07-04,1853.71,389.28,16.16,Pagada,337,26,5,234.97,230,Amalia,Guardia,rcaballero@example.com,+34 981303729,Premium,Inactivo,26,Sabe,Encima ciencia deja.,234.97,269,Disponible,1174.85,4337.5,2025-07,2025,7,Amalia Guardia
337,230,2025-07-04,1853.71,389.28,16.16,Pagada,337,120,8,346.96,230,Amalia,Guardia,rcaballero@example.com,+34 981303729,Premium,Inactivo,120,Río,Elementos después sola rafael concepto menor análisis mayoría.,346.96,156,Disponible,2775.68,4337.5,2025-07,2025,7,Amalia Guardia
338,188,2025-09-06,1533.85,322.11,34.65,Pagada,338,170,4,350.15,188,Miguel Ángel,Lago,veraarrieta@example.net,+34 883715460,VIP,Activo,170,Antes,Posibilidad usted ese dice deja partido jamás.,350.15,182,Agotado,1400.6,1718.6,2025-09,2025,9,Miguel Ángel Lago
338,188,2025-09-06,1533.85,322.11,34.65,Pagada,338,190,10,31.8,188,Miguel Ángel,Lago,veraarrieta@example.net,+34 883715460,VIP,Activo,190,Artículo,Uno personas cine.,31.8,335,Agotado,318.0,1718.6,2025-09,2025,9,Miguel Ángel Lago
339,154,2025-12-25,1658.22,348.23,16.78,Pendiente,339,52,10,434.1,154,Sarita,Salamanca,teodoro15@example.org,+34800 66 77 97,VIP,Activo,52,Manera,Ser sola septiembre hizo apenas principios.,434.1,244,Disponible,4341.0,4341.0,2025-12,2025,12,Sarita Salamanca
340,165,2025-09-03,428.18,89.92,94.64,Pendiente,340,53,4,131.29,165,Calisto,Belda,jose-ignacio55@example.org,+34 942279741,Regular,Inactivo,53,Quizá,Recursos pesetas sí comisión pequeño ellos camino.,131.29,488,Agotado,525.16,2415.5099999999998,2025-09,2025,9,Calisto Belda
340,165,2025-09-03,428.18,89.92,94.64,Pendiente,340,155,5,378.07,165,Calisto,Belda,jose-ignacio55@example.org,+34 942279741,Regular,Inactivo,155,Decía,Elementos un da crecimiento ese un aquellas españoles.,378.07,76,Disponible,1890.35,2415.5099999999998,2025-09,2025,9,Calisto Belda
341,206,2025-11-03,1865.81,391.82,45.92,Cancelada,341,184,1,251.53,206,Lola,Corral,jose-manuel40@example.org,+34824 072 514,Regular,Inactivo,184,Sea,Vino época flores otras anterior ver.,251.53,255,Disponible,251.53,5529.76,2025-11,2025,11,Lola Corral
341,206,2025-11-03,1865.81,391.82,45.92,Cancelada,341,23,5,493.23,206,Lola,Corral,jose-manuel40@example.org,+34824 072 514,Regular,Inactivo,23,Así,Hombres poco y vuelta pequeño vuelta sociedad.,493.23,179,Disponible,2466.15,5529.76,2025-11,2025,11,Lola Corral
341,206,2025-11-03,1865.81,391.82,45.92,Cancelada,341,85,2,95.28,206,Lola,Corral,jose-manuel40@example.org,+34824 072 514,Regular,Inactivo,85,Propio,Atrás servicio me momentos período.,95.28,408,Disponible,190.56,5529.76,2025-11,2025,11,Lola Corral
341,206,2025-11-03,1865.81,391.82,45.92,Cancelada,341,118,3,401.29,206,Lola,Corral,jose-manuel40@example.org,+34824 072 514,Regular,Inactivo,118,Primer,Fiscal hubiera siquiera último tenemos algunas.,401.29,68,Disponible,1203.8700000000001,5529.76,2025-11,2025,11,Lola Corral
341,206,2025-11-03,1865.81,391.82,45.92,Cancelada,341,19,3,19.03,206,Lola,Corral,jose-manuel40@example.org,+34824 072 514,Regular,Inactivo,19,Pasa,Director algunas particular difícil persona.,19.03,406,Disponible,57.09,5529.76,2025-11,2025,11,Lola Corral
341,206,2025-11-03,1865.81,391.82,45.92,Cancelada,341,187,6,226.76,206,Lola,Corral,jose-manuel40@example.org,+34824 072 514,Regular,Inactivo,187,Papel,Mientras existencia cabo presente segunda pone.,226.76,286,Disponible,1360.56,5529.76,2025-11,2025,11,Lola Corral
342,234,2025-03-07,1004.04,210.85,31.64,Pendiente,342,74,10,155.29,234,Epifanio,Balaguer,bllorente@example.org,+34973010172,VIP,Activo,74,Puerta,Precisamente voy vez república u militar.,155.29,404,Agotado,1552.8999999999999,1748.7099999999998,2025-03,2025,3,Epifanio Balaguer
342,234,2025-03-07,1004.04,210.85,31.64,Pendiente,342,101,3,65.27,234,Epifanio,Balaguer,bllorente@example.org,+34973010172,VIP,Activo,101,Siendo,Juego interés hoy internacional.,65.27,195,Disponible,195.81,1748.7099999999998,2025-03,2025,3,Epifanio Balaguer
343,290,2025-08-15,1362.19,286.06,17.24,Cancelada,343,197,1,145.21,290,Herminia,Agudo,ribasgaspar@example.org,+34 856 109 082,Premium,Inactivo,197,Universidad,Han también cámara pasa.,145.21,50,Disponible,145.21,1436.71,2025-08,2025,8,Herminia Agudo
343,290,2025-08-15,1362.19,286.06,17.24,Cancelada,343,11,1,152.94,290,Herminia,Agudo,ribasgaspar@example.org,+34 856 109 082,Premium,Inactivo,11,Muerte,Programas largo destino señor militar base.,152.94,406,Disponible,152.94,1436.71,2025-08,2025,8,Herminia Agudo
343,290,2025-08-15,1362.19,286.06,17.24,Cancelada,343,133,8,101.02,290,Herminia,Agudo,ribasgaspar@example.org,+34 856 109 082,Premium,Inactivo,133,Unidad,Más marcha libre única persona antonio evitar propios.,101.02,182,Agotado,808.16,1436.71,2025-08,2025,8,Herminia Agudo
343,290,2025-08-15,1362.19,286.06,17.24,Cancelada,343,136,2,165.2,290,Herminia,Agudo,ribasgaspar@example.org,+34 856 109 082,Premium,Inactivo,136,Pronto,Aquellos precisamente hombre menos.,165.2,81,Disponible,330.4,1436.71,2025-08,2025,8,Herminia Agudo
344,42,2026-01-01,896.07,188.17,55.16,Pendiente,344,177,7,205.45,42,Rosa,Pinilla,zairasotelo@example.org,+34822 06 50 07,VIP,Activo,177,Fuerte,Lado tiempos durante ir dolor mis estilo encuentra.,205.45,58,Agotado,1438.1499999999999,7425.45,2026-01,2026,1,Rosa Pinilla
344,42,2026-01-01,896.07,188.17,55.16,Pendiente,344,144,5,278.05,42,Rosa,Pinilla,zairasotelo@example.org,+34822 06 50 07,VIP,Activo,144,Quizá,Al texto fuego esa.,278.05,147,Agotado,1390.25,7425.45,2026-01,2026,1,Rosa Pinilla
344,42,2026-01-01,896.07,188.17,55.16,Pendiente,344,14,10,189.89,42,Rosa,Pinilla,zairasotelo@example.org,+34822 06 50 07,VIP,Activo,14,Asociación,Futuro mano ellos hubiera llega campaña máximo.,189.89,409,Agotado,1898.8999999999999,7425.45,2026-01,2026,1,Rosa Pinilla
344,42,2026-01-01,896.07,188.17,55.16,Pendiente,344,33,7,385.45,42,Rosa,Pinilla,zairasotelo@example.org,+34822 06 50 07,VIP,Activo,33,Mes,Presidente lugar va iba.,385.45,332,Disponible,2698.15,7425.45,2026-01,2026,1,Rosa Pinilla
345,219,2025-04-18,1576.84,331.14,0.7,Cancelada,345,148,5,83.0,219,Ana Sofía,Hoz,rouracalisto@example.org,+34947 28 60 49,Regular,Activo,148,Sala,Europa libros jamás habla año fuerzas.,83.0,316,Agotado,415.0,2477.89,2025-04,2025,4,Ana Sofía Hoz
345,219,2025-04-18,1576.84,331.14,0.7,Cancelada,345,14,1,189.89,219,Ana Sofía,Hoz,rouracalisto@example.org,+34947 28 60 49,Regular,Activo,14,Asociación,Futuro mano ellos hubiera llega campaña máximo.,189.89,409,Agotado,189.89,2477.89,2025-04,2025,4,Ana Sofía Hoz
345,219,2025-04-18,1576.84,331.14,0.7,Cancelada,345,103,5,374.6,219,Ana Sofía,Hoz,rouracalisto@example.org,+34947 28 60 49,Regular,Activo,103,Tan,Muerto imposible estaba tenía.,374.6,470,Disponible,1873.0,2477.89,2025-04,2025,4,Ana Sofía Hoz
347,86,2025-11-15,1174.81,246.71,68.05,Pendiente,347,73,8,345.96,86,Roque,Talavera,marcelinogarrido@example.net,+34 881 176 125,Regular,Activo,73,Meses,Vida hacía carrera pudo unos.,345.96,315,Disponible,2767.68,6852.15,2025-11,2025,11,Roque Talavera
347,86,2025-11-15,1174.81,246.71,68.05,Pendiente,347,141,9,453.83,86,Roque,Talavera,marcelinogarrido@example.net,+34 881 176 125,Regular,Activo,141,Sectores,Máximo trabajar dado.,453.83,198,Disponible,4084.47,6852.15,2025-11,2025,11,Roque Talavera
348,23,2025-03-28,293.5,61.63,53.07,Cancelada,348,187,2,226.76,23,Alma,Alsina,salomrosalia@example.org,+34739 430 686,VIP,Inactivo,187,Papel,Mientras existencia cabo presente segunda pone.,226.76,286,Disponible,453.52,1452.3400000000001,2025-03,2025,3,Alma Alsina
348,23,2025-03-28,293.5,61.63,53.07,Cancelada,348,173,2,365.23,23,Alma,Alsina,salomrosalia@example.org,+34739 430 686,VIP,Inactivo,173,M,Ayer espera reforma hospital.,365.23,61,Agotado,730.46,1452.3400000000001,2025-03,2025,3,Alma Alsina
348,23,2025-03-28,293.5,61.63,53.07,Cancelada,348,71,4,67.09,23,Alma,Alsina,salomrosalia@example.org,+34739 430 686,VIP,Inactivo,71,Fuerte,Junio desarrollo muchas ya grandes pues puso.,67.09,299,Agotado,268.36,1452.3400000000001,2025-03,2025,3,Alma Alsina
349,39,2026-02-10,1315.22,276.2,63.13,Pendiente,349,45,7,252.28,39,Luís,Baena,vascolaguna@example.org,+34 875 803 210,VIP,Inactivo,45,Haber,Cantidad ciento fuentes le tenemos socialista bueno.,252.28,323,Agotado,1765.96,2832.56,2026-02,2026,2,Luís Baena
349,39,2026-02-10,1315.22,276.2,63.13,Pendiente,349,198,10,106.66,39,Luís,Baena,vascolaguna@example.org,+34 875 803 210,VIP,Inactivo,198,Cómo,Aunque larga empresa capital natural serán encontrar.,106.66,300,Agotado,1066.6,2832.56,2026-02,2026,2,Luís Baena
350,269,2025-05-16,625.89,131.44,23.69,Pendiente,350,152,7,199.29,269,Claudia,Serra,gaspar98@example.com,+34881 97 56 78,Regular,Activo,152,República,Línea existe jóvenes podemos puede.,199.29,270,Agotado,1395.03,1872.5,2025-05,2025,5,Claudia Serra
350,269,2025-05-16,625.89,131.44,23.69,Pendiente,350,80,1,477.47,269,Claudia,Serra,gaspar98@example.com,+34881 97 56 78,Regular,Activo,80,Tenemos,Izquierda pueblo meses años.,477.47,20,Agotado,477.47,1872.5,2025-05,2025,5,Claudia Serra
351,114,2025-08-28,1267.11,266.09,70.89,Pagada,351,154,2,187.84,114,Bernarda,Olmo,ibarranco@example.com,+34 847741113,Premium,Inactivo,154,Solamente,Negro siguientes cabeza allá.,187.84,173,Agotado,375.68,1529.63,2025-08,2025,8,Bernarda Olmo
351,114,2025-08-28,1267.11,266.09,70.89,Pagada,351,53,6,131.29,114,Bernarda,Olmo,ibarranco@example.com,+34 847741113,Premium,Inactivo,53,Quizá,Recursos pesetas sí comisión pequeño ellos camino.,131.29,488,Agotado,787.74,1529.63,2025-08,2025,8,Bernarda Olmo
351,114,2025-08-28,1267.11,266.09,70.89,Pagada,351,115,1,366.21,114,Bernarda,Olmo,ibarranco@example.com,+34 847741113,Premium,Inactivo,115,Este,Precisamente fue debe fuego primero futuro.,366.21,469,Agotado,366.21,1529.63,2025-08,2025,8,Bernarda Olmo
352,77,2026-01-30,268.47,56.38,25.41,Pendiente,352,70,2,264.32,77,Pascuala,Benavides,alejo20@example.com,+34 700374211,VIP,Inactivo,70,Habla,Consecuencia razón no empresa otro.,264.32,228,Agotado,528.64,528.64,2026-01,2026,1,Pascuala Benavides
353,255,2025-07-17,1466.69,308.0,23.44,Pendiente,353,41,5,265.55,255,Ana Belén,Ugarte,eusebia55@example.com,+34944 895 004,Premium,Activo,41,Sido,Decir incluso campo han otras pueden.,265.55,86,Disponible,1327.75,12072.49,2025-07,2025,7,Ana Belén Ugarte
353,255,2025-07-17,1466.69,308.0,23.44,Pendiente,353,187,8,226.76,255,Ana Belén,Ugarte,eusebia55@example.com,+34944 895 004,Premium,Activo,187,Papel,Mientras existencia cabo presente segunda pone.,226.76,286,Disponible,1814.08,12072.49,2025-07,2025,7,Ana Belén Ugarte
353,255,2025-07-17,1466.69,308.0,23.44,Pendiente,353,17,10,159.63,255,Ana Belén,Ugarte,eusebia55@example.com,+34944 895 004,Premium,Activo,17,Pasó,Tan proyectos si tierra fuerzas popular.,159.63,336,Agotado,1596.3,12072.49,2025-07,2025,7,Ana Belén Ugarte
353,255,2025-07-17,1466.69,308.0,23.44,Pendiente,353,21,7,425.47,255,Ana Belén,Ugarte,eusebia55@example.com,+34944 895 004,Premium,Activo,21,Base,Se social favor sólo psoe.,425.47,332,Disponible,2978.29,12072.49,2025-07,2025,7,Ana Belén Ugarte
353,255,2025-07-17,1466.69,308.0,23.44,Pendiente,353,101,5,65.27,255,Ana Belén,Ugarte,eusebia55@example.com,+34944 895 004,Premium,Activo,101,Siendo,Juego interés hoy internacional.,65.27,195,Disponible,326.34999999999997,12072.49,2025-07,2025,7,Ana Belén Ugarte
353,255,2025-07-17,1466.69,308.0,23.44,Pendiente,353,11,6,152.94,255,Ana Belén,Ugarte,eusebia55@example.com,+34944 895 004,Premium,Activo,11,Muerte,Programas largo destino señor militar base.,152.94,406,Disponible,917.64,12072.49,2025-07,2025,7,Ana Belén Ugarte
353,255,2025-07-17,1466.69,308.0,23.44,Pendiente,353,199,8,389.01,255,Ana Belén,Ugarte,eusebia55@example.com,+34944 895 004,Premium,Activo,199,Bastante,Lejos oposición oposición hubo contrario ninguna.,389.01,256,Disponible,3112.08,12072.49,2025-07,2025,7,Ana Belén Ugarte
354,14,2025-05-30,450.2,94.54,5.88,Pendiente,354,138,9,283.14,14,Moreno,Melero,bartolometirado@example.org,+34864020760,Regular,Activo,138,Elementos,Soy han niño son producción jefe más.,283.14,486,Agotado,2548.2599999999998,2548.2599999999998,2025-05,2025,5,Moreno Melero
355,70,2025-03-05,534.38,112.22,18.82,Cancelada,355,20,5,414.78,70,Domingo,Matas,gomezpascuala@example.org,+34981113412,Regular,Activo,20,Mantener,Número juez actitud.,414.78,307,Disponible,2073.8999999999996,2415.66,2025-03,2025,3,Domingo Matas
355,70,2025-03-05,534.38,112.22,18.82,Cancelada,355,143,1,341.76,70,Domingo,Matas,gomezpascuala@example.org,+34981113412,Regular,Activo,143,Cual,Oro expresión precios j siempre opinión por.,341.76,481,Agotado,341.76,2415.66,2025-03,2025,3,Domingo Matas
356,189,2026-01-25,1159.87,243.57,43.18,Pagada,356,100,10,435.09,189,Encarnita,Cabañas,pradaluciana@example.org,+34828 35 58 05,VIP,Inactivo,100,Especial,Son sociales violencia.,435.09,159,Agotado,4350.9,7993.65,2026-01,2026,1,Encarnita Cabañas
356,189,2026-01-25,1159.87,243.57,43.18,Pagada,356,8,9,404.75,189,Encarnita,Cabañas,pradaluciana@example.org,+34828 35 58 05,VIP,Inactivo,8,Quién,Uno hora diversos salida junto para educación.,404.75,366,Agotado,3642.75,7993.65,2026-01,2026,1,Encarnita Cabañas
357,283,2025-10-18,1222.32,256.69,52.78,Pendiente,357,184,9,251.53,283,Leopoldo,Buendía,valverdeleonor@example.com,+34883 344 541,Regular,Activo,184,Sea,Vino época flores otras anterior ver.,251.53,255,Disponible,2263.77,2263.77,2025-10,2025,10,Leopoldo Buendía
358,238,2025-12-16,1284.49,269.74,43.33,Cancelada,358,62,10,81.23,238,Faustino,Blazquez,alonsocabrera@example.com,+34878478096,Regular,Activo,62,Quien,Humana único el electoral equipo.,81.23,334,Disponible,812.3000000000001,4574.08,2025-12,2025,12,Faustino Blazquez
358,238,2025-12-16,1284.49,269.74,43.33,Cancelada,358,185,3,11.35,238,Faustino,Blazquez,alonsocabrera@example.com,+34878478096,Regular,Activo,185,Plan,Importancia primeros vamos madre.,11.35,429,Agotado,34.05,4574.08,2025-12,2025,12,Faustino Blazquez
358,238,2025-12-16,1284.49,269.74,43.33,Cancelada,358,62,8,81.23,238,Faustino,Blazquez,alonsocabrera@example.com,+34878478096,Regular,Activo,62,Quien,Humana único el electoral equipo.,81.23,334,Disponible,649.84,4574.08,2025-12,2025,12,Faustino Blazquez
358,238,2025-12-16,1284.49,269.74,43.33,Cancelada,358,158,7,95.58,238,Faustino,Blazquez,alonsocabrera@example.com,+34878478096,Regular,Activo,158,Dan,Dentro aquel ministro anterior.,95.58,497,Disponible,669.06,4574.08,2025-12,2025,12,Faustino Blazquez
358,238,2025-12-16,1284.49,269.74,43.33,Cancelada,358,47,7,229.59,238,Faustino,Blazquez,alonsocabrera@example.com,+34878478096,Regular,Activo,47,Les,Económica organización mil efectos.,229.59,450,Disponible,1607.13,4574.08,2025-12,2025,12,Faustino Blazquez
358,238,2025-12-16,1284.49,269.74,43.33,Cancelada,358,31,10,80.17,238,Faustino,Blazquez,alonsocabrera@example.com,+34878478096,Regular,Activo,31,México,Ellas humana dijo estados.,80.17,475,Disponible,801.7,4574.08,2025-12,2025,12,Faustino Blazquez
359,289,2025-11-30,589.59,123.81,47.12,Pendiente,359,30,10,23.45,289,Corona,Pagès,kperales@example.com,+34945 377 437,Premium,Inactivo,30,Pueblo,Juicio actividad calle total diferentes.,23.45,430,Disponible,234.5,2261.1800000000003,2025-11,2025,11,Corona Pagès
359,289,2025-11-30,589.59,123.81,47.12,Pendiente,359,112,6,304.99,289,Corona,Pagès,kperales@example.com,+34945 377 437,Premium,Inactivo,112,Dar,Relación alguna mis toma primera material.,304.99,240,Agotado,1829.94,2261.1800000000003,2025-11,2025,11,Corona Pagès
359,289,2025-11-30,589.59,123.81,47.12,Pendiente,359,75,1,196.74,289,Corona,Pagès,kperales@example.com,+34945 377 437,Premium,Inactivo,75,Iba,Amigos producto doctor.,196.74,342,Agotado,196.74,2261.1800000000003,2025-11,2025,11,Corona Pagès
360,84,2026-01-03,1973.83,414.5,32.94,Cancelada,360,4,7,103.54,84,Rufina,Barragán,natividadlloret@example.org,+34 975 465 830,Premium,Inactivo,4,Les,Sur técnica menos.,103.54,266,Disponible,724.7800000000001,6428.29,2026-01,2026,1,Rufina Barragán
360,84,2026-01-03,1973.83,414.5,32.94,Cancelada,360,81,8,140.1,84,Rufina,Barragán,natividadlloret@example.org,+34 975 465 830,Premium,Inactivo,81,Joven,Centros españoles valor lleva bueno habrá.,140.1,414,Agotado,1120.8,6428.29,2026-01,2026,1,Rufina Barragán
360,84,2026-01-03,1973.83,414.5,32.94,Cancelada,360,49,9,314.87,84,Rufina,Barragán,natividadlloret@example.org,+34 975 465 830,Premium,Inactivo,49,Alrededor,Julio precios viaje donde aún.,314.87,376,Disponible,2833.83,6428.29,2026-01,2026,1,Rufina Barragán
360,84,2026-01-03,1973.83,414.5,32.94,Cancelada,360,18,8,218.61,84,Rufina,Barragán,natividadlloret@example.org,+34 975 465 830,Premium,Inactivo,18,Ambos,Papel g j marzo contra estuvo hizo.,218.61,325,Agotado,1748.88,6428.29,2026-01,2026,1,Rufina Barragán
361,40,2025-03-30,1001.85,210.39,5.57,Pagada,361,5,9,313.96,40,Nicolasa,Conesa,alfredomatas@example.com,+34 986 25 00 84,Premium,Inactivo,5,Especial,Acción especie militar zona.,313.96,183,Agotado,2825.64,5455.54,2025-03,2025,3,Nicolasa Conesa
361,40,2025-03-30,1001.85,210.39,5.57,Pagada,361,156,7,375.7,40,Nicolasa,Conesa,alfredomatas@example.com,+34 986 25 00 84,Premium,Inactivo,156,Julio,Sido semanas va formación.,375.7,283,Disponible,2629.9,5455.54,2025-03,2025,3,Nicolasa Conesa
362,36,2025-07-26,694.94,145.94,89.67,Pagada,362,3,1,220.09,36,Cándido,Pino,luis83@example.com,+34 974 558 728,VIP,Inactivo,3,Hacia,Uno chile esto tan tampoco río sino.,220.09,232,Agotado,220.09,4575.37,2025-07,2025,7,Cándido Pino
362,36,2025-07-26,694.94,145.94,89.67,Pagada,362,57,9,483.92,36,Cándido,Pino,luis83@example.com,+34 974 558 728,VIP,Inactivo,57,Diferentes,Marco común otras.,483.92,269,Agotado,4355.28,4575.37,2025-07,2025,7,Cándido Pino
363,74,2025-08-25,351.32,73.78,64.22,Cancelada,363,99,7,134.55,74,Fabián,Estévez,ylillo@example.net,+34862 244 934,VIP,Inactivo,99,Dicen,Uno conjunto principales abril.,134.55,419,Disponible,941.8500000000001,2447.75,2025-08,2025,8,Fabián Estévez
363,74,2025-08-25,351.32,73.78,64.22,Cancelada,363,168,5,301.18,74,Fabián,Estévez,ylillo@example.net,+34862 244 934,VIP,Inactivo,168,Encuentra,Cargo esos quien sectores voluntad.,301.18,211,Disponible,1505.9,2447.75,2025-08,2025,8,Fabián Estévez
364,237,2025-08-15,1766.8,371.03,74.61,Pagada,364,88,7,297.58,237,Lázaro,Colomer,lupe22@example.net,+34 874218466,Premium,Activo,88,Ahora,Decir fútbol final tengo empresas.,297.58,211,Disponible,2083.06,3178.39,2025-08,2025,8,Lázaro Colomer
364,237,2025-08-15,1766.8,371.03,74.61,Pagada,364,198,1,106.66,237,Lázaro,Colomer,lupe22@example.net,+34 874218466,Premium,Activo,198,Cómo,Aunque larga empresa capital natural serán encontrar.,106.66,300,Agotado,106.66,3178.39,2025-08,2025,8,Lázaro Colomer
364,237,2025-08-15,1766.8,371.03,74.61,Pagada,364,177,3,205.45,237,Lázaro,Colomer,lupe22@example.net,+34 874218466,Premium,Activo,177,Fuerte,Lado tiempos durante ir dolor mis estilo encuentra.,205.45,58,Agotado,616.3499999999999,3178.39,2025-08,2025,8,Lázaro Colomer
364,237,2025-08-15,1766.8,371.03,74.61,Pagada,364,164,4,93.08,237,Lázaro,Colomer,lupe22@example.net,+34 874218466,Premium,Activo,164,Animales,Vino siglo deseo difícil.,93.08,143,Agotado,372.32,3178.39,2025-08,2025,8,Lázaro Colomer
365,184,2025-09-01,1551.41,325.8,15.7,Pendiente,365,49,3,314.87,184,Jacobo,Valbuena,zsalgado@example.net,+34846241626,VIP,Inactivo,49,Alrededor,Julio precios viaje donde aún.,314.87,376,Disponible,944.61,1288.9,2025-09,2025,9,Jacobo Valbuena
365,184,2025-09-01,1551.41,325.8,15.7,Pendiente,365,200,1,344.29,184,Jacobo,Valbuena,zsalgado@example.net,+34846241626,VIP,Inactivo,200,Viene,Cierta equipo tal llegado él informe existencia.,344.29,5,Disponible,344.29,1288.9,2025-09,2025,9,Jacobo Valbuena
368,231,2025-08-22,1151.57,241.83,4.12,Pendiente,368,57,5,483.92,231,María Del Carmen,Lastra,wtomas@example.com,+34827345847,Premium,Inactivo,57,Diferentes,Marco común otras.,483.92,269,Agotado,2419.6,8834.22,2025-08,2025,8,María Del Carmen Lastra
368,231,2025-08-22,1151.57,241.83,4.12,Pendiente,368,117,6,384.23,231,María Del Carmen,Lastra,wtomas@example.com,+34827345847,Premium,Inactivo,117,Aquellas,Sólo destino mujeres chile.,384.23,287,Disponible,2305.38,8834.22,2025-08,2025,8,María Del Carmen Lastra
368,231,2025-08-22,1151.57,241.83,4.12,Pendiente,368,2,5,323.35,231,María Del Carmen,Lastra,wtomas@example.com,+34827345847,Premium,Inactivo,2,Real,Con ambos cierto martín ni historia.,323.35,316,Disponible,1616.75,8834.22,2025-08,2025,8,María Del Carmen Lastra
368,231,2025-08-22,1151.57,241.83,4.12,Pendiente,368,12,9,48.33,231,María Del Carmen,Lastra,wtomas@example.com,+34827345847,Premium,Inactivo,12,Especie,Cambios proyectos conocimiento producción.,48.33,457,Disponible,434.96999999999997,8834.22,2025-08,2025,8,María Del Carmen Lastra
368,231,2025-08-22,1151.57,241.83,4.12,Pendiente,368,148,8,83.0,231,María Del Carmen,Lastra,wtomas@example.com,+34827345847,Premium,Inactivo,148,Sala,Europa libros jamás habla año fuerzas.,83.0,316,Agotado,664.0,8834.22,2025-08,2025,8,María Del Carmen Lastra
368,231,2025-08-22,1151.57,241.83,4.12,Pendiente,368,69,4,348.38,231,María Del Carmen,Lastra,wtomas@example.com,+34827345847,Premium,Inactivo,69,Hoy,Economía presenta gracias época.,348.38,171,Disponible,1393.52,8834.22,2025-08,2025,8,María Del Carmen Lastra
369,220,2026-01-18,703.13,147.66,39.32,Pendiente,369,93,6,471.55,220,Luisa,Paredes,leonyesica@example.org,+34 874 74 46 83,Premium,Activo,93,Ciento,Estados alto vida tales joven acciones partes.,471.55,310,Disponible,2829.3,9470.720000000001,2026-01,2026,1,Luisa Paredes
369,220,2026-01-18,703.13,147.66,39.32,Pendiente,369,116,3,134.06,220,Luisa,Paredes,leonyesica@example.org,+34 874 74 46 83,Premium,Activo,116,Rodríguez,Tipo tres dónde distintos.,134.06,239,Agotado,402.18,9470.720000000001,2026-01,2026,1,Luisa Paredes
369,220,2026-01-18,703.13,147.66,39.32,Pendiente,369,132,6,365.29,220,Luisa,Paredes,leonyesica@example.org,+34 874 74 46 83,Premium,Activo,132,Sala,Primera parte tomar las.,365.29,480,Disponible,2191.7400000000002,9470.720000000001,2026-01,2026,1,Luisa Paredes
369,220,2026-01-18,703.13,147.66,39.32,Pendiente,369,8,10,404.75,220,Luisa,Paredes,leonyesica@example.org,+34 874 74 46 83,Premium,Activo,8,Quién,Uno hora diversos salida junto para educación.,404.75,366,Agotado,4047.5,9470.720000000001,2026-01,2026,1,Luisa Paredes
370,182,2025-08-28,1707.81,358.64,52.22,Pendiente,370,78,9,168.02,182,Pepita,Pazos,figuerasjuan-antonio@example.net,+34901 856 069,VIP,Activo,78,Aunque,Tan considera pone oficial otra.,168.02,88,Agotado,1512.18,8655.31,2025-08,2025,8,Pepita Pazos
370,182,2025-08-28,1707.81,358.64,52.22,Pendiente,370,53,7,131.29,182,Pepita,Pazos,figuerasjuan-antonio@example.net,+34901 856 069,VIP,Activo,53,Quizá,Recursos pesetas sí comisión pequeño ellos camino.,131.29,488,Agotado,919.03,8655.31,2025-08,2025,8,Pepita Pazos
370,182,2025-08-28,1707.81,358.64,52.22,Pendiente,370,87,10,472.13,182,Pepita,Pazos,figuerasjuan-antonio@example.net,+34901 856 069,VIP,Activo,87,Resulta,Europea conocer hombre trata.,472.13,206,Agotado,4721.3,8655.31,2025-08,2025,8,Pepita Pazos
370,182,2025-08-28,1707.81,358.64,52.22,Pendiente,370,156,4,375.7,182,Pepita,Pazos,figuerasjuan-antonio@example.net,+34901 856 069,VIP,Activo,156,Julio,Sido semanas va formación.,375.7,283,Disponible,1502.8,8655.31,2025-08,2025,8,Pepita Pazos
371,195,2025-08-13,1577.29,331.23,44.02,Cancelada,371,106,3,12.8,195,Laura,Sierra,qcozar@example.com,+34 926453822,Premium,Activo,106,Cosas,García ciento medios datos fuerzas derechos pone un.,12.8,281,Agotado,38.400000000000006,4695.27,2025-08,2025,8,Laura Sierra
371,195,2025-08-13,1577.29,331.23,44.02,Cancelada,371,26,2,234.97,195,Laura,Sierra,qcozar@example.com,+34 926453822,Premium,Activo,26,Sabe,Encima ciencia deja.,234.97,269,Disponible,469.94,4695.27,2025-08,2025,8,Laura Sierra
371,195,2025-08-13,1577.29,331.23,44.02,Cancelada,371,177,3,205.45,195,Laura,Sierra,qcozar@example.com,+34 926453822,Premium,Activo,177,Fuerte,Lado tiempos durante ir dolor mis estilo encuentra.,205.45,58,Agotado,616.3499999999999,4695.27,2025-08,2025,8,Laura Sierra
371,195,2025-08-13,1577.29,331.23,44.02,Cancelada,371,52,8,434.1,195,Laura,Sierra,qcozar@example.com,+34 926453822,Premium,Activo,52,Manera,Ser sola septiembre hizo apenas principios.,434.1,244,Disponible,3472.8,4695.27,2025-08,2025,8,Laura Sierra
371,195,2025-08-13,1577.29,331.23,44.02,Cancelada,371,10,2,48.89,195,Laura,Sierra,qcozar@example.com,+34 926453822,Premium,Activo,10,Paso,Deseo político ésta cosas comunidad sectores frente.,48.89,176,Agotado,97.78,4695.27,2025-08,2025,8,Laura Sierra
372,139,2025-10-16,54.07,11.35,65.36,Pagada,372,147,4,281.76,139,Fabián,Cerro,bayonale@example.org,+34800 857 278,VIP,Inactivo,147,Enero,Eran otro programas los sino.,281.76,363,Disponible,1127.04,1127.04,2025-10,2025,10,Fabián Cerro
373,110,2025-08-14,1671.64,351.04,77.76,Pendiente,373,99,1,134.55,110,Blas,Menendez,yessicacastello@example.net,+34980 500 319,VIP,Inactivo,99,Dicen,Uno conjunto principales abril.,134.55,419,Disponible,134.55,950.3900000000001,2025-08,2025,8,Blas Menendez
373,110,2025-08-14,1671.64,351.04,77.76,Pendiente,373,93,1,471.55,110,Blas,Menendez,yessicacastello@example.net,+34980 500 319,VIP,Inactivo,93,Ciento,Estados alto vida tales joven acciones partes.,471.55,310,Disponible,471.55,950.3900000000001,2025-08,2025,8,Blas Menendez
373,110,2025-08-14,1671.64,351.04,77.76,Pendiente,373,200,1,344.29,110,Blas,Menendez,yessicacastello@example.net,+34980 500 319,VIP,Inactivo,200,Viene,Cierta equipo tal llegado él informe existencia.,344.29,5,Disponible,344.29,950.3900000000001,2025-08,2025,8,Blas Menendez
374,19,2025-12-09,1781.91,374.2,66.3,Pendiente,374,73,1,345.96,19,Francisco Jose,Isern,santosguijarro@example.org,+34 988 35 34 33,VIP,Inactivo,73,Meses,Vida hacía carrera pudo unos.,345.96,315,Disponible,345.96,345.96,2025-12,2025,12,Francisco Jose Isern
375,214,2025-08-04,330.37,69.38,78.38,Pagada,375,114,9,381.05,214,Esther,Baena,hilda73@example.net,+34 868 54 38 02,Regular,Inactivo,114,Baja,Distintas nueva profesional.,381.05,394,Disponible,3429.4500000000003,5162.7,2025-08,2025,8,Esther Baena
375,214,2025-08-04,330.37,69.38,78.38,Pagada,375,59,9,12.15,214,Esther,Baena,hilda73@example.net,+34 868 54 38 02,Regular,Inactivo,59,Tarde,Quedó sé todavía flores.,12.15,111,Disponible,109.35000000000001,5162.7,2025-08,2025,8,Esther Baena
375,214,2025-08-04,330.37,69.38,78.38,Pagada,375,6,5,324.78,214,Esther,Baena,hilda73@example.net,+34 868 54 38 02,Regular,Inactivo,6,Decía,General pacientes parís visto solución agua cualquier.,324.78,112,Disponible,1623.8999999999999,5162.7,2025-08,2025,8,Esther Baena
376,248,2025-02-21,795.27,167.01,9.5,Pendiente,376,37,6,16.79,248,Valentina,Garriga,franciscallobet@example.org,+34987252660,Premium,Inactivo,37,Abril,Mucha dinero antes mar centros amigo pesetas seguro.,16.79,280,Disponible,100.74,5988.35,2025-02,2025,2,Valentina Garriga
376,248,2025-02-21,795.27,167.01,9.5,Pendiente,376,80,8,477.47,248,Valentina,Garriga,franciscallobet@example.org,+34987252660,Premium,Inactivo,80,Tenemos,Izquierda pueblo meses años.,477.47,20,Agotado,3819.76,5988.35,2025-02,2025,2,Valentina Garriga
376,248,2025-02-21,795.27,167.01,9.5,Pendiente,376,59,10,12.15,248,Valentina,Garriga,franciscallobet@example.org,+34987252660,Premium,Inactivo,59,Tarde,Quedó sé todavía flores.,12.15,111,Disponible,121.5,5988.35,2025-02,2025,2,Valentina Garriga
376,248,2025-02-21,795.27,167.01,9.5,Pendiente,376,144,7,278.05,248,Valentina,Garriga,franciscallobet@example.org,+34987252660,Premium,Inactivo,144,Quizá,Al texto fuego esa.,278.05,147,Agotado,1946.3500000000001,5988.35,2025-02,2025,2,Valentina Garriga
377,244,2025-08-14,219.92,46.18,91.87,Cancelada,377,13,6,171.79,244,Florinda,Batlle,mateujessica@example.org,+34960 630 453,Premium,Activo,13,Justicia,Muerto medidas esas miedo valores juego solución.,171.79,227,Agotado,1030.74,8063.15,2025-08,2025,8,Florinda Batlle
377,244,2025-08-14,219.92,46.18,91.87,Cancelada,377,159,4,88.25,244,Florinda,Batlle,mateujessica@example.org,+34960 630 453,Premium,Activo,159,Salida,Tales armas cualquier personas mirada humanos programa deja.,88.25,102,Agotado,353.0,8063.15,2025-08,2025,8,Florinda Batlle
377,244,2025-08-14,219.92,46.18,91.87,Cancelada,377,114,7,381.05,244,Florinda,Batlle,mateujessica@example.org,+34960 630 453,Premium,Activo,114,Baja,Distintas nueva profesional.,381.05,394,Disponible,2667.35,8063.15,2025-08,2025,8,Florinda Batlle
377,244,2025-08-14,219.92,46.18,91.87,Cancelada,377,11,6,152.94,244,Florinda,Batlle,mateujessica@example.org,+34960 630 453,Premium,Activo,11,Muerte,Programas largo destino señor militar base.,152.94,406,Disponible,917.64,8063.15,2025-08,2025,8,Florinda Batlle
377,244,2025-08-14,219.92,46.18,91.87,Cancelada,377,136,5,165.2,244,Florinda,Batlle,mateujessica@example.org,+34960 630 453,Premium,Activo,136,Pronto,Aquellos precisamente hombre menos.,165.2,81,Disponible,826.0,8063.15,2025-08,2025,8,Florinda Batlle
377,244,2025-08-14,219.92,46.18,91.87,Cancelada,377,155,6,378.07,244,Florinda,Batlle,mateujessica@example.org,+34960 630 453,Premium,Activo,155,Decía,Elementos un da crecimiento ese un aquellas españoles.,378.07,76,Disponible,2268.42,8063.15,2025-08,2025,8,Florinda Batlle
378,293,2025-10-20,812.66,170.66,47.28,Pagada,378,41,1,265.55,293,Bienvenida,Codina,gcastell@example.org,+34878935298,Premium,Inactivo,41,Sido,Decir incluso campo han otras pueden.,265.55,86,Disponible,265.55,3504.1099999999997,2025-10,2025,10,Bienvenida Codina
378,293,2025-10-20,812.66,170.66,47.28,Pagada,378,102,4,396.64,293,Bienvenida,Codina,gcastell@example.org,+34878935298,Premium,Inactivo,102,Debía,Esas vivir metros máximo.,396.64,64,Disponible,1586.56,3504.1099999999997,2025-10,2025,10,Bienvenida Codina
378,293,2025-10-20,812.66,170.66,47.28,Pagada,378,136,10,165.2,293,Bienvenida,Codina,gcastell@example.org,+34878935298,Premium,Inactivo,136,Pronto,Aquellos precisamente hombre menos.,165.2,81,Disponible,1652.0,3504.1099999999997,2025-10,2025,10,Bienvenida Codina
380,187,2025-10-22,401.56,84.33,55.78,Pendiente,380,171,1,335.82,187,Ramón,Marin,rossellojordan@example.org,+34 832 663 369,Regular,Activo,171,Ésta,Unidos idea seguridad cabo.,335.82,291,Disponible,335.82,6533.58,2025-10,2025,10,Ramón Marin
380,187,2025-10-22,401.56,84.33,55.78,Pendiente,380,132,9,365.29,187,Ramón,Marin,rossellojordan@example.org,+34 832 663 369,Regular,Activo,132,Sala,Primera parte tomar las.,365.29,480,Disponible,3287.61,6533.58,2025-10,2025,10,Ramón Marin
380,187,2025-10-22,401.56,84.33,55.78,Pendiente,380,2,9,323.35,187,Ramón,Marin,rossellojordan@example.org,+34 832 663 369,Regular,Activo,2,Real,Con ambos cierto martín ni historia.,323.35,316,Disponible,2910.15,6533.58,2025-10,2025,10,Ramón Marin
381,216,2025-11-28,1357.68,285.11,32.01,Pagada,381,187,4,226.76,216,Carmelita,Torrents,garamburu@example.org,+34842 79 21 79,Premium,Activo,187,Papel,Mientras existencia cabo presente segunda pone.,226.76,286,Disponible,907.04,1587.32,2025-11,2025,11,Carmelita Torrents
381,216,2025-11-28,1357.68,285.11,32.01,Pagada,381,187,3,226.76,216,Carmelita,Torrents,garamburu@example.org,+34842 79 21 79,Premium,Activo,187,Papel,Mientras existencia cabo presente segunda pone.,226.76,286,Disponible,680.28,1587.32,2025-11,2025,11,Carmelita Torrents
382,296,2025-08-19,224.54,47.15,66.94,Pagada,382,10,7,48.89,296,Claudia,Bermejo,melaniacuesta@example.net,+34825841596,Premium,Inactivo,10,Paso,Deseo político ésta cosas comunidad sectores frente.,48.89,176,Agotado,342.23,5014.87,2025-08,2025,8,Claudia Bermejo
382,296,2025-08-19,224.54,47.15,66.94,Pagada,382,21,2,425.47,296,Claudia,Bermejo,melaniacuesta@example.net,+34825841596,Premium,Inactivo,21,Base,Se social favor sólo psoe.,425.47,332,Disponible,850.94,5014.87,2025-08,2025,8,Claudia Bermejo
382,296,2025-08-19,224.54,47.15,66.94,Pagada,382,53,3,131.29,296,Claudia,Bermejo,melaniacuesta@example.net,+34825841596,Premium,Inactivo,53,Quizá,Recursos pesetas sí comisión pequeño ellos camino.,131.29,488,Agotado,393.87,5014.87,2025-08,2025,8,Claudia Bermejo
382,296,2025-08-19,224.54,47.15,66.94,Pagada,382,135,5,410.13,296,Claudia,Bermejo,melaniacuesta@example.net,+34825841596,Premium,Inactivo,135,Personal,Tenido aun resultado artículo.,410.13,270,Disponible,2050.65,5014.87,2025-08,2025,8,Claudia Bermejo
382,296,2025-08-19,224.54,47.15,66.94,Pagada,382,75,7,196.74,296,Claudia,Bermejo,melaniacuesta@example.net,+34825841596,Premium,Inactivo,75,Iba,Amigos producto doctor.,196.74,342,Agotado,1377.18,5014.87,2025-08,2025,8,Claudia Bermejo
383,151,2025-02-19,1733.54,364.04,86.18,Cancelada,383,128,2,490.91,151,Anita,Falcó,pepita37@example.com,+34 982 67 01 01,Premium,Inactivo,128,Le,Mirada entonces pie.,490.91,305,Disponible,981.82,6600.7,2025-02,2025,2,Anita Falcó
383,151,2025-02-19,1733.54,364.04,86.18,Cancelada,383,169,8,285.62,151,Anita,Falcó,pepita37@example.com,+34 982 67 01 01,Premium,Inactivo,169,Nunca,Queda cambio función nuestros libre.,285.62,272,Agotado,2284.96,6600.7,2025-02,2025,2,Anita Falcó
383,151,2025-02-19,1733.54,364.04,86.18,Cancelada,383,11,1,152.94,151,Anita,Falcó,pepita37@example.com,+34 982 67 01 01,Premium,Inactivo,11,Muerte,Programas largo destino señor militar base.,152.94,406,Disponible,152.94,6600.7,2025-02,2025,2,Anita Falcó
383,151,2025-02-19,1733.54,364.04,86.18,Cancelada,383,83,6,429.77,151,Anita,Falcó,pepita37@example.com,+34 982 67 01 01,Premium,Inactivo,83,Teatro,Va encuentro presencia mismos.,429.77,498,Agotado,2578.62,6600.7,2025-02,2025,2,Anita Falcó
383,151,2025-02-19,1733.54,364.04,86.18,Cancelada,383,168,2,301.18,151,Anita,Falcó,pepita37@example.com,+34 982 67 01 01,Premium,Inactivo,168,Encuentra,Cargo esos quien sectores voluntad.,301.18,211,Disponible,602.36,6600.7,2025-02,2025,2,Anita Falcó
384,18,2025-08-15,1188.64,249.61,61.05,Cancelada,384,65,5,466.39,18,Chus,Suarez,albadavila@example.net,+34 748587799,VIP,Inactivo,65,Opinión,Hechos anterior donde hechos hija.,466.39,48,Agotado,2331.95,8499.32,2025-08,2025,8,Chus Suarez
384,18,2025-08-15,1188.64,249.61,61.05,Cancelada,384,23,7,493.23,18,Chus,Suarez,albadavila@example.net,+34 748587799,VIP,Inactivo,23,Así,Hombres poco y vuelta pequeño vuelta sociedad.,493.23,179,Disponible,3452.61,8499.32,2025-08,2025,8,Chus Suarez
384,18,2025-08-15,1188.64,249.61,61.05,Cancelada,384,104,6,452.46,18,Chus,Suarez,albadavila@example.net,+34 748587799,VIP,Inactivo,104,Pasó,Misma primeras hermano aunque esta.,452.46,174,Agotado,2714.7599999999998,8499.32,2025-08,2025,8,Chus Suarez
385,125,2025-11-12,1382.9,290.41,58.27,Pagada,385,119,7,44.79,125,Loida,Posada,vruano@example.org,+34844 45 61 53,Regular,Activo,119,Pequeña,Línea mismos obras tenían muerte diversos servicio tú.,44.79,202,Agotado,313.53,2490.56,2025-11,2025,11,Loida Posada
385,125,2025-11-12,1382.9,290.41,58.27,Pagada,385,196,3,213.21,125,Loida,Posada,vruano@example.org,+34844 45 61 53,Regular,Activo,196,Texto,Interés llegado hombre esas propios.,213.21,499,Disponible,639.63,2490.56,2025-11,2025,11,Loida Posada
385,125,2025-11-12,1382.9,290.41,58.27,Pagada,385,33,3,385.45,125,Loida,Posada,vruano@example.org,+34844 45 61 53,Regular,Activo,33,Mes,Presidente lugar va iba.,385.45,332,Disponible,1156.35,2490.56,2025-11,2025,11,Loida Posada
385,125,2025-11-12,1382.9,290.41,58.27,Pagada,385,114,1,381.05,125,Loida,Posada,vruano@example.org,+34844 45 61 53,Regular,Activo,114,Baja,Distintas nueva profesional.,381.05,394,Disponible,381.05,2490.56,2025-11,2025,11,Loida Posada
386,79,2025-10-15,1309.83,275.06,25.53,Cancelada,386,24,6,194.75,79,Aura,Calleja,rfigueroa@example.org,+34 877 42 41 59,VIP,Inactivo,24,Podemos,Hicieron número y poco niños.,194.75,183,Agotado,1168.5,2140.18,2025-10,2025,10,Aura Calleja
386,79,2025-10-15,1309.83,275.06,25.53,Cancelada,386,72,8,121.46,79,Aura,Calleja,rfigueroa@example.org,+34 877 42 41 59,VIP,Inactivo,72,Madrid,Zonas vista intereses aspecto región acuerdo.,121.46,25,Disponible,971.68,2140.18,2025-10,2025,10,Aura Calleja
387,251,2025-06-10,514.76,108.1,17.1,Cancelada,387,132,4,365.29,251,Nélida,Dalmau,arribasosvaldo@example.com,+34928 75 67 75,Regular,Activo,132,Sala,Primera parte tomar las.,365.29,480,Disponible,1461.16,6452.910000000001,2025-06,2025,6,Nélida Dalmau
387,251,2025-06-10,514.76,108.1,17.1,Cancelada,387,112,5,304.99,251,Nélida,Dalmau,arribasosvaldo@example.com,+34928 75 67 75,Regular,Activo,112,Dar,Relación alguna mis toma primera material.,304.99,240,Agotado,1524.95,6452.910000000001,2025-06,2025,6,Nélida Dalmau
387,251,2025-06-10,514.76,108.1,17.1,Cancelada,387,101,3,65.27,251,Nélida,Dalmau,arribasosvaldo@example.com,+34928 75 67 75,Regular,Activo,101,Siendo,Juego interés hoy internacional.,65.27,195,Disponible,195.81,6452.910000000001,2025-06,2025,6,Nélida Dalmau
387,251,2025-06-10,514.76,108.1,17.1,Cancelada,387,29,10,262.11,251,Nélida,Dalmau,arribasosvaldo@example.com,+34928 75 67 75,Regular,Activo,29,Norte,México equipo grupo unas defensa exterior agua esfuerzo.,262.11,267,Agotado,2621.1000000000004,6452.910000000001,2025-06,2025,6,Nélida Dalmau
387,251,2025-06-10,514.76,108.1,17.1,Cancelada,387,191,3,216.63,251,Nélida,Dalmau,arribasosvaldo@example.com,+34928 75 67 75,Regular,Activo,191,Están,Radio creo paz trabajar allá entrar servicios derecha.,216.63,91,Disponible,649.89,6452.910000000001,2025-06,2025,6,Nélida Dalmau
388,146,2025-11-08,1739.59,365.31,63.91,Cancelada,388,45,5,252.28,146,Fernanda,Goicoechea,vinaema@example.org,+34885177044,Regular,Activo,45,Haber,Cantidad ciento fuentes le tenemos socialista bueno.,252.28,323,Agotado,1261.4,7087.26,2025-11,2025,11,Fernanda Goicoechea
388,146,2025-11-08,1739.59,365.31,63.91,Cancelada,388,199,7,389.01,146,Fernanda,Goicoechea,vinaema@example.org,+34885177044,Regular,Activo,199,Bastante,Lejos oposición oposición hubo contrario ninguna.,389.01,256,Disponible,2723.0699999999997,7087.26,2025-11,2025,11,Fernanda Goicoechea
388,146,2025-11-08,1739.59,365.31,63.91,Cancelada,388,22,5,359.18,146,Fernanda,Goicoechea,vinaema@example.org,+34885177044,Regular,Activo,22,Cuales,Fútbol especial luz especie sangre acerca.,359.18,37,Disponible,1795.9,7087.26,2025-11,2025,11,Fernanda Goicoechea
388,146,2025-11-08,1739.59,365.31,63.91,Cancelada,388,197,9,145.21,146,Fernanda,Goicoechea,vinaema@example.org,+34885177044,Regular,Activo,197,Universidad,Han también cámara pasa.,145.21,50,Disponible,1306.89,7087.26,2025-11,2025,11,Fernanda Goicoechea
389,283,2025-05-19,131.41,27.6,72.88,Pagada,389,193,5,69.1,283,Leopoldo,Buendía,valverdeleonor@example.com,+34883 344 541,Regular,Activo,193,Alrededor,Países sur director aire manos te.,69.1,6,Agotado,345.5,3756.24,2025-05,2025,5,Leopoldo Buendía
389,283,2025-05-19,131.41,27.6,72.88,Pagada,389,156,8,375.7,283,Leopoldo,Buendía,valverdeleonor@example.com,+34883 344 541,Regular,Activo,156,Julio,Sido semanas va formación.,375.7,283,Disponible,3005.6,3756.24,2025-05,2025,5,Leopoldo Buendía
389,283,2025-05-19,131.41,27.6,72.88,Pagada,389,129,2,202.57,283,Leopoldo,Buendía,valverdeleonor@example.com,+34883 344 541,Regular,Activo,129,Dentro,Tiempos popular valores formación larga quería.,202.57,297,Disponible,405.14,3756.24,2025-05,2025,5,Leopoldo Buendía
390,291,2025-03-29,796.49,167.26,19.23,Pagada,390,95,8,437.97,291,Luís,Saura,fortunato03@example.com,+34 841 63 70 33,VIP,Activo,95,Fiscal,Ii centros objetivo es larga.,437.97,492,Disponible,3503.76,5137.55,2025-03,2025,3,Luís Saura
390,291,2025-03-29,796.49,167.26,19.23,Pagada,390,19,5,19.03,291,Luís,Saura,fortunato03@example.com,+34 841 63 70 33,VIP,Activo,19,Pasa,Director algunas particular difícil persona.,19.03,406,Disponible,95.15,5137.55,2025-03,2025,3,Luís Saura
390,291,2025-03-29,796.49,167.26,19.23,Pagada,390,68,4,384.66,291,Luís,Saura,fortunato03@example.com,+34 841 63 70 33,VIP,Activo,68,Particular,Quería diez realizar militar aire oposición parecía.,384.66,34,Disponible,1538.64,5137.55,2025-03,2025,3,Luís Saura
391,165,2025-08-01,656.96,137.96,68.38,Pendiente,391,2,1,323.35,165,Calisto,Belda,jose-ignacio55@example.org,+34 942279741,Regular,Inactivo,2,Real,Con ambos cierto martín ni historia.,323.35,316,Disponible,323.35,2209.55,2025-08,2025,8,Calisto Belda
391,165,2025-08-01,656.96,137.96,68.38,Pendiente,391,93,4,471.55,165,Calisto,Belda,jose-ignacio55@example.org,+34 942279741,Regular,Inactivo,93,Ciento,Estados alto vida tales joven acciones partes.,471.55,310,Disponible,1886.2,2209.55,2025-08,2025,8,Calisto Belda
392,259,2025-02-24,499.62,104.92,80.22,Pendiente,392,175,8,161.91,259,Leire,Sainz,emiliamedina@example.org,+34 844 383 579,Regular,Activo,175,Semana,Sol carne j enfermedad partir puedo.,161.91,136,Agotado,1295.28,1429.2,2025-02,2025,2,Leire Sainz
392,259,2025-02-24,499.62,104.92,80.22,Pendiente,392,9,2,66.96,259,Leire,Sainz,emiliamedina@example.org,+34 844 383 579,Regular,Activo,9,Sueño,Hacia popular guerra esa misma jamás mayores.,66.96,223,Agotado,133.92,1429.2,2025-02,2025,2,Leire Sainz
393,155,2026-02-12,1794.2,376.78,80.07,Pendiente,393,53,8,131.29,155,María Teresa,Valenciano,torregisela@example.com,+34 931054906,VIP,Inactivo,53,Quizá,Recursos pesetas sí comisión pequeño ellos camino.,131.29,488,Agotado,1050.32,3419.2,2026-02,2026,2,María Teresa Valenciano
393,155,2026-02-12,1794.2,376.78,80.07,Pendiente,393,179,7,28.44,155,María Teresa,Valenciano,torregisela@example.com,+34 931054906,VIP,Inactivo,179,Términos,Solución todas queda.,28.44,73,Disponible,199.08,3419.2,2026-02,2026,2,María Teresa Valenciano
393,155,2026-02-12,1794.2,376.78,80.07,Pendiente,393,156,1,375.7,155,María Teresa,Valenciano,torregisela@example.com,+34 931054906,VIP,Inactivo,156,Julio,Sido semanas va formación.,375.7,283,Disponible,375.7,3419.2,2026-02,2026,2,María Teresa Valenciano
393,155,2026-02-12,1794.2,376.78,80.07,Pendiente,393,28,6,263.12,155,María Teresa,Valenciano,torregisela@example.com,+34 931054906,VIP,Inactivo,28,Buscar,Rodríguez deseo mundo programa.,263.12,238,Disponible,1578.72,3419.2,2026-02,2026,2,María Teresa Valenciano
393,155,2026-02-12,1794.2,376.78,80.07,Pendiente,393,174,1,215.38,155,María Teresa,Valenciano,torregisela@example.com,+34 931054906,VIP,Inactivo,174,Hombre,Cuando juez trabajar historia don segundo mantener.,215.38,450,Agotado,215.38,3419.2,2026-02,2026,2,María Teresa Valenciano
394,109,2025-04-11,1120.24,235.25,46.46,Pendiente,394,146,4,453.72,109,Margarita,Cabo,lrios@example.org,+34982 161 311,Regular,Inactivo,146,Propia,Estaban demasiado tribunal respuesta suelo.,453.72,247,Agotado,1814.88,4157.219999999999,2025-04,2025,4,Margarita Cabo
394,109,2025-04-11,1120.24,235.25,46.46,Pendiente,394,85,2,95.28,109,Margarita,Cabo,lrios@example.org,+34982 161 311,Regular,Inactivo,85,Propio,Atrás servicio me momentos período.,95.28,408,Disponible,190.56,4157.219999999999,2025-04,2025,4,Margarita Cabo
394,109,2025-04-11,1120.24,235.25,46.46,Pendiente,394,92,6,358.63,109,Margarita,Cabo,lrios@example.org,+34982 161 311,Regular,Inactivo,92,Mayo,Derecho actual necesario figura calle productos ésta.,358.63,106,Agotado,2151.7799999999997,4157.219999999999,2025-04,2025,4,Margarita Cabo
395,80,2025-07-16,1250.71,262.65,10.52,Pendiente,395,162,6,123.68,80,Diego,Gomez,florinda00@example.net,+34 842 030 752,Regular,Inactivo,162,Problemas,Solamente artículo bastante.,123.68,13,Disponible,742.08,4847.88,2025-07,2025,7,Diego Gomez
395,80,2025-07-16,1250.71,262.65,10.52,Pendiente,395,57,7,483.92,80,Diego,Gomez,florinda00@example.net,+34 842 030 752,Regular,Inactivo,57,Diferentes,Marco común otras.,483.92,269,Agotado,3387.44,4847.88,2025-07,2025,7,Diego Gomez
395,80,2025-07-16,1250.71,262.65,10.52,Pendiente,395,22,2,359.18,80,Diego,Gomez,florinda00@example.net,+34 842 030 752,Regular,Inactivo,22,Cuales,Fútbol especial luz especie sangre acerca.,359.18,37,Disponible,718.36,4847.88,2025-07,2025,7,Diego Gomez
396,98,2025-10-21,28.86,6.06,24.2,Cancelada,396,113,6,386.97,98,Áurea,Vigil,tsotelo@example.net,+34 926 788 458,Regular,Inactivo,113,Mundo,Explicó sé niño proyectos decir desde lo.,386.97,413,Agotado,2321.82,2321.82,2025-10,2025,10,Áurea Vigil
397,146,2025-06-15,1424.89,299.23,44.05,Cancelada,397,113,1,386.97,146,Fernanda,Goicoechea,vinaema@example.org,+34885177044,Regular,Activo,113,Mundo,Explicó sé niño proyectos decir desde lo.,386.97,413,Agotado,386.97,386.97,2025-06,2025,6,Fernanda Goicoechea
398,282,2025-09-15,330.03,69.31,13.82,Cancelada,398,175,8,161.91,282,Macarena,Vara,adan73@example.org,+34831724557,Premium,Activo,175,Semana,Sol carne j enfermedad partir puedo.,161.91,136,Agotado,1295.28,1295.28,2025-09,2025,9,Macarena Vara
399,117,2025-09-19,497.43,104.46,56.47,Cancelada,399,200,2,344.29,117,Guadalupe,Baena,rsimo@example.org,+34 979398618,Premium,Activo,200,Viene,Cierta equipo tal llegado él informe existencia.,344.29,5,Disponible,688.58,1822.5600000000002,2025-09,2025,9,Guadalupe Baena
399,117,2025-09-19,497.43,104.46,56.47,Cancelada,399,10,4,48.89,117,Guadalupe,Baena,rsimo@example.org,+34 979398618,Premium,Activo,10,Paso,Deseo político ésta cosas comunidad sectores frente.,48.89,176,Agotado,195.56,1822.5600000000002,2025-09,2025,9,Guadalupe Baena
399,117,2025-09-19,497.43,104.46,56.47,Cancelada,399,116,7,134.06,117,Guadalupe,Baena,rsimo@example.org,+34 979398618,Premium,Activo,116,Rodríguez,Tipo tres dónde distintos.,134.06,239,Agotado,938.4200000000001,1822.5600000000002,2025-09,2025,9,Guadalupe Baena
400,76,2026-01-27,444.4,93.32,64.11,Pagada,400,13,3,171.79,76,Edelmira,Tomas,saturninaprada@example.org,+34 716324101,Regular,Inactivo,13,Justicia,Muerto medidas esas miedo valores juego solución.,171.79,227,Agotado,515.37,843.4200000000001,2026-01,2026,1,Edelmira Tomas
400,76,2026-01-27,444.4,93.32,64.11,Pagada,400,180,5,65.61,76,Edelmira,Tomas,saturninaprada@example.org,+34 716324101,Regular,Inactivo,180,Producto,Música socialista acuerdo hizo edad.,65.61,395,Agotado,328.05,843.4200000000001,2026-01,2026,1,Edelmira Tomas
401,203,2026-01-03,1970.04,413.71,33.39,Pagada,401,82,9,171.63,203,Juan Francisco,Quintanilla,hconde@example.org,+34 885 15 96 30,VIP,Activo,82,Dado,Ejemplo función ojos cada.,171.63,291,Disponible,1544.67,7026.7,2026-01,2026,1,Juan Francisco Quintanilla
401,203,2026-01-03,1970.04,413.71,33.39,Pagada,401,143,3,341.76,203,Juan Francisco,Quintanilla,hconde@example.org,+34 885 15 96 30,VIP,Activo,143,Cual,Oro expresión precios j siempre opinión por.,341.76,481,Agotado,1025.28,7026.7,2026-01,2026,1,Juan Francisco Quintanilla
401,203,2026-01-03,1970.04,413.71,33.39,Pagada,401,86,4,80.5,203,Juan Francisco,Quintanilla,hconde@example.org,+34 885 15 96 30,VIP,Activo,86,Nuestra,Habla relación unión familia trata medidas nuevo.,80.5,209,Agotado,322.0,7026.7,2026-01,2026,1,Juan Francisco Quintanilla
401,203,2026-01-03,1970.04,413.71,33.39,Pagada,401,148,6,83.0,203,Juan Francisco,Quintanilla,hconde@example.org,+34 885 15 96 30,VIP,Activo,148,Sala,Europa libros jamás habla año fuerzas.,83.0,316,Agotado,498.0,7026.7,2026-01,2026,1,Juan Francisco Quintanilla
401,203,2026-01-03,1970.04,413.71,33.39,Pagada,401,88,5,297.58,203,Juan Francisco,Quintanilla,hconde@example.org,+34 885 15 96 30,VIP,Activo,88,Ahora,Decir fútbol final tengo empresas.,297.58,211,Disponible,1487.8999999999999,7026.7,2026-01,2026,1,Juan Francisco Quintanilla
401,203,2026-01-03,1970.04,413.71,33.39,Pagada,401,83,5,429.77,203,Juan Francisco,Quintanilla,hconde@example.org,+34 885 15 96 30,VIP,Activo,83,Teatro,Va encuentro presencia mismos.,429.77,498,Agotado,2148.85,7026.7,2026-01,2026,1,Juan Francisco Quintanilla
402,226,2025-06-04,948.96,199.28,18.69,Cancelada,402,78,9,168.02,226,Nilda,Ropero,gil00@example.org,+34 946 99 46 95,Regular,Inactivo,78,Aunque,Tan considera pone oficial otra.,168.02,88,Agotado,1512.18,6655.18,2025-06,2025,6,Nilda Ropero
402,226,2025-06-04,948.96,199.28,18.69,Cancelada,402,140,1,177.84,226,Nilda,Ropero,gil00@example.org,+34 946 99 46 95,Regular,Inactivo,140,Ninguna,Compañía carne fondo centro área parecía importancia.,177.84,74,Disponible,177.84,6655.18,2025-06,2025,6,Nilda Ropero
402,226,2025-06-04,948.96,199.28,18.69,Cancelada,402,73,10,345.96,226,Nilda,Ropero,gil00@example.org,+34 946 99 46 95,Regular,Inactivo,73,Meses,Vida hacía carrera pudo unos.,345.96,315,Disponible,3459.6,6655.18,2025-06,2025,6,Nilda Ropero
402,226,2025-06-04,948.96,199.28,18.69,Cancelada,402,140,3,177.84,226,Nilda,Ropero,gil00@example.org,+34 946 99 46 95,Regular,Inactivo,140,Ninguna,Compañía carne fondo centro área parecía importancia.,177.84,74,Disponible,533.52,6655.18,2025-06,2025,6,Nilda Ropero
402,226,2025-06-04,948.96,199.28,18.69,Cancelada,402,186,3,297.18,226,Nilda,Ropero,gil00@example.org,+34 946 99 46 95,Regular,Inactivo,186,Ante,Obstante ni cuales santa piel ser.,297.18,176,Agotado,891.54,6655.18,2025-06,2025,6,Nilda Ropero
402,226,2025-06-04,948.96,199.28,18.69,Cancelada,402,86,1,80.5,226,Nilda,Ropero,gil00@example.org,+34 946 99 46 95,Regular,Inactivo,86,Nuestra,Habla relación unión familia trata medidas nuevo.,80.5,209,Agotado,80.5,6655.18,2025-06,2025,6,Nilda Ropero
403,274,2025-12-03,1260.2,264.64,66.5,Cancelada,403,196,5,213.21,274,Martin,Agudo,adriansalmeron@example.net,+34 823 45 23 57,VIP,Activo,196,Texto,Interés llegado hombre esas propios.,213.21,499,Disponible,1066.05,5017.120000000001,2025-12,2025,12,Martin Agudo
403,274,2025-12-03,1260.2,264.64,66.5,Cancelada,403,134,1,81.37,274,Martin,Agudo,adriansalmeron@example.net,+34 823 45 23 57,VIP,Activo,134,Mismos,Aquella nos diferencia época arte.,81.37,345,Disponible,81.37,5017.120000000001,2025-12,2025,12,Martin Agudo
403,274,2025-12-03,1260.2,264.64,66.5,Cancelada,403,113,10,386.97,274,Martin,Agudo,adriansalmeron@example.net,+34 823 45 23 57,VIP,Activo,113,Mundo,Explicó sé niño proyectos decir desde lo.,386.97,413,Agotado,3869.7000000000003,5017.120000000001,2025-12,2025,12,Martin Agudo
404,296,2025-09-04,492.83,103.49,50.83,Pagada,404,27,4,477.57,296,Claudia,Bermejo,melaniacuesta@example.net,+34825841596,Premium,Inactivo,27,Decía,Aún actitud deja julio dónde.,477.57,317,Agotado,1910.28,6662.84,2025-09,2025,9,Claudia Bermejo
404,296,2025-09-04,492.83,103.49,50.83,Pagada,404,104,5,452.46,296,Claudia,Bermejo,melaniacuesta@example.net,+34825841596,Premium,Inactivo,104,Pasó,Misma primeras hermano aunque esta.,452.46,174,Agotado,2262.2999999999997,6662.84,2025-09,2025,9,Claudia Bermejo
404,296,2025-09-04,492.83,103.49,50.83,Pagada,404,62,10,81.23,296,Claudia,Bermejo,melaniacuesta@example.net,+34825841596,Premium,Inactivo,62,Quien,Humana único el electoral equipo.,81.23,334,Disponible,812.3000000000001,6662.84,2025-09,2025,9,Claudia Bermejo
404,296,2025-09-04,492.83,103.49,50.83,Pagada,404,163,9,186.44,296,Claudia,Bermejo,melaniacuesta@example.net,+34825841596,Premium,Inactivo,163,Blanca,Sangre precisamente donde manos.,186.44,27,Disponible,1677.96,6662.84,2025-09,2025,9,Claudia Bermejo
405,250,2025-11-08,783.74,164.59,46.39,Pendiente,405,113,8,386.97,250,Adán,Luna,esans@example.net,+34972445310,VIP,Activo,113,Mundo,Explicó sé niño proyectos decir desde lo.,386.97,413,Agotado,3095.76,6194.370000000001,2025-11,2025,11,Adán Luna
405,250,2025-11-08,783.74,164.59,46.39,Pendiente,405,200,9,344.29,250,Adán,Luna,esans@example.net,+34972445310,VIP,Activo,200,Viene,Cierta equipo tal llegado él informe existencia.,344.29,5,Disponible,3098.61,6194.370000000001,2025-11,2025,11,Adán Luna
406,73,2025-02-25,1275.01,267.75,34.19,Cancelada,406,199,6,389.01,73,Apolonia,Rebollo,camilovara@example.org,+34844 49 72 51,VIP,Inactivo,199,Bastante,Lejos oposición oposición hubo contrario ninguna.,389.01,256,Disponible,2334.06,2793.02,2025-02,2025,2,Apolonia Rebollo
406,73,2025-02-25,1275.01,267.75,34.19,Cancelada,406,123,8,40.58,73,Apolonia,Rebollo,camilovara@example.org,+34844 49 72 51,VIP,Inactivo,123,Tipo,Fiscal especialmente mañana vuelve evitar.,40.58,457,Disponible,324.64,2793.02,2025-02,2025,2,Apolonia Rebollo
406,73,2025-02-25,1275.01,267.75,34.19,Cancelada,406,37,8,16.79,73,Apolonia,Rebollo,camilovara@example.org,+34844 49 72 51,VIP,Inactivo,37,Abril,Mucha dinero antes mar centros amigo pesetas seguro.,16.79,280,Disponible,134.32,2793.02,2025-02,2025,2,Apolonia Rebollo
407,79,2025-08-06,879.9,184.78,1.35,Cancelada,407,20,3,414.78,79,Aura,Calleja,rfigueroa@example.org,+34 877 42 41 59,VIP,Inactivo,20,Mantener,Número juez actitud.,414.78,307,Disponible,1244.34,6098.23,2025-08,2025,8,Aura Calleja
407,79,2025-08-06,879.9,184.78,1.35,Cancelada,407,184,9,251.53,79,Aura,Calleja,rfigueroa@example.org,+34 877 42 41 59,VIP,Inactivo,184,Sea,Vino época flores otras anterior ver.,251.53,255,Disponible,2263.77,6098.23,2025-08,2025,8,Aura Calleja
407,79,2025-08-06,879.9,184.78,1.35,Cancelada,407,129,1,202.57,79,Aura,Calleja,rfigueroa@example.org,+34 877 42 41 59,VIP,Inactivo,129,Dentro,Tiempos popular valores formación larga quería.,202.57,297,Disponible,202.57,6098.23,2025-08,2025,8,Aura Calleja
407,79,2025-08-06,879.9,184.78,1.35,Cancelada,407,138,5,283.14,79,Aura,Calleja,rfigueroa@example.org,+34 877 42 41 59,VIP,Inactivo,138,Elementos,Soy han niño son producción jefe más.,283.14,486,Agotado,1415.6999999999998,6098.23,2025-08,2025,8,Aura Calleja
407,79,2025-08-06,879.9,184.78,1.35,Cancelada,407,122,5,194.37,79,Aura,Calleja,rfigueroa@example.org,+34 877 42 41 59,VIP,Inactivo,122,Zona,Plazo principios varias fueron otras.,194.37,98,Disponible,971.85,6098.23,2025-08,2025,8,Aura Calleja
408,206,2025-03-02,1593.66,334.67,88.05,Pagada,408,103,2,374.6,206,Lola,Corral,jose-manuel40@example.org,+34824 072 514,Regular,Inactivo,103,Tan,Muerto imposible estaba tenía.,374.6,470,Disponible,749.2,2291.0,2025-03,2025,3,Lola Corral
408,206,2025-03-02,1593.66,334.67,88.05,Pagada,408,33,4,385.45,206,Lola,Corral,jose-manuel40@example.org,+34824 072 514,Regular,Inactivo,33,Mes,Presidente lugar va iba.,385.45,332,Disponible,1541.8,2291.0,2025-03,2025,3,Lola Corral
409,7,2025-10-30,76.28,16.02,27.2,Pagada,409,133,9,101.02,7,Eligia,Trillo,lcervantes@example.net,+34941 75 12 66,Regular,Activo,133,Unidad,Más marcha libre única persona antonio evitar propios.,101.02,182,Agotado,909.18,2220.84,2025-10,2025,10,Eligia Trillo
409,7,2025-10-30,76.28,16.02,27.2,Pagada,409,18,6,218.61,7,Eligia,Trillo,lcervantes@example.net,+34941 75 12 66,Regular,Activo,18,Ambos,Papel g j marzo contra estuvo hizo.,218.61,325,Agotado,1311.66,2220.84,2025-10,2025,10,Eligia Trillo
410,206,2025-12-10,1015.78,213.31,87.7,Cancelada,410,26,3,234.97,206,Lola,Corral,jose-manuel40@example.org,+34824 072 514,Regular,Inactivo,26,Sabe,Encima ciencia deja.,234.97,269,Disponible,704.91,6124.35,2025-12,2025,12,Lola Corral
410,206,2025-12-10,1015.78,213.31,87.7,Cancelada,410,162,8,123.68,206,Lola,Corral,jose-manuel40@example.org,+34824 072 514,Regular,Inactivo,162,Problemas,Solamente artículo bastante.,123.68,13,Disponible,989.44,6124.35,2025-12,2025,12,Lola Corral
410,206,2025-12-10,1015.78,213.31,87.7,Cancelada,410,145,10,443.0,206,Lola,Corral,jose-manuel40@example.org,+34824 072 514,Regular,Inactivo,145,Allí,Gran ahí palabra.,443.0,127,Disponible,4430.0,6124.35,2025-12,2025,12,Lola Corral
411,176,2025-04-17,508.29,106.74,16.6,Pagada,411,37,6,16.79,176,Amalia,Barroso,ciriacoromero@example.org,+34 849 334 457,VIP,Inactivo,37,Abril,Mucha dinero antes mar centros amigo pesetas seguro.,16.79,280,Disponible,100.74,3396.6299999999997,2025-04,2025,4,Amalia Barroso
411,176,2025-04-17,508.29,106.74,16.6,Pagada,411,115,9,366.21,176,Amalia,Barroso,ciriacoromero@example.org,+34 849 334 457,VIP,Inactivo,115,Este,Precisamente fue debe fuego primero futuro.,366.21,469,Agotado,3295.89,3396.6299999999997,2025-04,2025,4,Amalia Barroso
412,109,2025-07-03,349.67,73.43,66.9,Cancelada,412,195,1,173.64,109,Margarita,Cabo,lrios@example.org,+34982 161 311,Regular,Inactivo,195,Español,Educación palabras millones jorge fuentes.,173.64,5,Disponible,173.64,11514.33,2025-07,2025,7,Margarita Cabo
412,109,2025-07-03,349.67,73.43,66.9,Cancelada,412,114,7,381.05,109,Margarita,Cabo,lrios@example.org,+34982 161 311,Regular,Inactivo,114,Baja,Distintas nueva profesional.,381.05,394,Disponible,2667.35,11514.33,2025-07,2025,7,Margarita Cabo
412,109,2025-07-03,349.67,73.43,66.9,Cancelada,412,199,9,389.01,109,Margarita,Cabo,lrios@example.org,+34982 161 311,Regular,Inactivo,199,Bastante,Lejos oposición oposición hubo contrario ninguna.,389.01,256,Disponible,3501.09,11514.33,2025-07,2025,7,Margarita Cabo
412,109,2025-07-03,349.67,73.43,66.9,Cancelada,412,105,7,382.23,109,Margarita,Cabo,lrios@example.org,+34982 161 311,Regular,Inactivo,105,Blanco,Realizar generales explicó mirada fernando también televisión fecha.,382.23,435,Agotado,2675.61,11514.33,2025-07,2025,7,Margarita Cabo
412,109,2025-07-03,349.67,73.43,66.9,Cancelada,412,58,8,312.08,109,Margarita,Cabo,lrios@example.org,+34982 161 311,Regular,Inactivo,58,Manos,Llamado cabeza datos cuando mirada carlos.,312.08,88,Agotado,2496.64,11514.33,2025-07,2025,7,Margarita Cabo
413,49,2025-09-18,1019.12,214.02,47.58,Cancelada,413,162,9,123.68,49,Francisca,Peral,xalemany@example.com,+34944 84 25 22,Premium,Activo,162,Problemas,Solamente artículo bastante.,123.68,13,Disponible,1113.1200000000001,5137.36,2025-09,2025,9,Francisca Peral
413,49,2025-09-18,1019.12,214.02,47.58,Cancelada,413,159,8,88.25,49,Francisca,Peral,xalemany@example.com,+34944 84 25 22,Premium,Activo,159,Salida,Tales armas cualquier personas mirada humanos programa deja.,88.25,102,Agotado,706.0,5137.36,2025-09,2025,9,Francisca Peral
413,49,2025-09-18,1019.12,214.02,47.58,Cancelada,413,20,8,414.78,49,Francisca,Peral,xalemany@example.com,+34944 84 25 22,Premium,Activo,20,Mantener,Número juez actitud.,414.78,307,Disponible,3318.24,5137.36,2025-09,2025,9,Francisca Peral
414,87,2025-07-13,1035.52,217.46,17.18,Cancelada,414,164,9,93.08,87,Quirino,Osorio,linareschucho@example.org,+34910 279 577,VIP,Activo,164,Animales,Vino siglo deseo difícil.,93.08,143,Agotado,837.72,837.72,2025-07,2025,7,Quirino Osorio
415,66,2025-08-28,1679.97,352.79,1.9,Pendiente,415,8,9,404.75,66,Martina,Benítez,barreraeugenia@example.net,+34 842775216,Premium,Inactivo,8,Quién,Uno hora diversos salida junto para educación.,404.75,366,Agotado,3642.75,10619.24,2025-08,2025,8,Martina Benítez
415,66,2025-08-28,1679.97,352.79,1.9,Pendiente,415,157,5,65.04,66,Martina,Benítez,barreraeugenia@example.net,+34 842775216,Premium,Inactivo,157,España,Si s grande años presencia serán servicios poco.,65.04,72,Agotado,325.20000000000005,10619.24,2025-08,2025,8,Martina Benítez
415,66,2025-08-28,1679.97,352.79,1.9,Pendiente,415,169,4,285.62,66,Martina,Benítez,barreraeugenia@example.net,+34 842775216,Premium,Inactivo,169,Nunca,Queda cambio función nuestros libre.,285.62,272,Agotado,1142.48,10619.24,2025-08,2025,8,Martina Benítez
415,66,2025-08-28,1679.97,352.79,1.9,Pendiente,415,65,7,466.39,66,Martina,Benítez,barreraeugenia@example.net,+34 842775216,Premium,Inactivo,65,Opinión,Hechos anterior donde hechos hija.,466.39,48,Agotado,3264.73,10619.24,2025-08,2025,8,Martina Benítez
415,66,2025-08-28,1679.97,352.79,1.9,Pendiente,415,48,10,5.78,66,Martina,Benítez,barreraeugenia@example.net,+34 842775216,Premium,Inactivo,48,Últimos,Atrás hombre vez g debe carrera.,5.78,123,Agotado,57.800000000000004,10619.24,2025-08,2025,8,Martina Benítez
415,66,2025-08-28,1679.97,352.79,1.9,Pendiente,415,124,9,242.92,66,Martina,Benítez,barreraeugenia@example.net,+34 842775216,Premium,Inactivo,124,Memoria,Mismos grupos nada parece.,242.92,376,Disponible,2186.2799999999997,10619.24,2025-08,2025,8,Martina Benítez
416,171,2025-06-21,964.49,202.54,5.64,Pendiente,416,162,10,123.68,171,Remedios,Matas,jovecristian@example.net,+34 842657239,VIP,Activo,162,Problemas,Solamente artículo bastante.,123.68,13,Disponible,1236.8000000000002,3972.0,2025-06,2025,6,Remedios Matas
416,171,2025-06-21,964.49,202.54,5.64,Pendiente,416,151,8,341.9,171,Remedios,Matas,jovecristian@example.net,+34 842657239,VIP,Activo,151,Ejemplo,Cuestión profesional diversos.,341.9,237,Agotado,2735.2,3972.0,2025-06,2025,6,Remedios Matas
417,284,2025-03-26,927.54,194.78,14.61,Cancelada,417,176,9,223.83,284,Chema,Marti,rosellaaron@example.org,+34943 468 313,Premium,Inactivo,176,Económico,Alto juez tiempo.,223.83,500,Disponible,2014.47,3633.4700000000003,2025-03,2025,3,Chema Marti
417,284,2025-03-26,927.54,194.78,14.61,Cancelada,417,8,4,404.75,284,Chema,Marti,rosellaaron@example.org,+34943 468 313,Premium,Inactivo,8,Quién,Uno hora diversos salida junto para educación.,404.75,366,Agotado,1619.0,3633.4700000000003,2025-03,2025,3,Chema Marti
418,156,2025-03-18,424.29,89.1,38.81,Cancelada,418,120,1,346.96,156,Angélica,Torrens,lgaliano@example.net,+34985 56 05 93,Regular,Inactivo,120,Río,Elementos después sola rafael concepto menor análisis mayoría.,346.96,156,Disponible,346.96,1562.38,2025-03,2025,3,Angélica Torrens
418,156,2025-03-18,424.29,89.1,38.81,Cancelada,418,129,6,202.57,156,Angélica,Torrens,lgaliano@example.net,+34985 56 05 93,Regular,Inactivo,129,Dentro,Tiempos popular valores formación larga quería.,202.57,297,Disponible,1215.42,1562.38,2025-03,2025,3,Angélica Torrens
419,212,2025-11-21,244.44,51.33,22.68,Cancelada,419,148,7,83.0,212,Maximiano,Ponce,monicasalvador@example.net,+34920 62 37 32,VIP,Inactivo,148,Sala,Europa libros jamás habla año fuerzas.,83.0,316,Agotado,581.0,581.0,2025-11,2025,11,Maximiano Ponce
420,233,2025-08-11,946.25,198.71,9.69,Pagada,420,22,2,359.18,233,José Ángel,Cabezas,riosgodofredo@example.net,+34 977148542,Premium,Inactivo,22,Cuales,Fútbol especial luz especie sangre acerca.,359.18,37,Disponible,718.36,2130.47,2025-08,2025,8,José Ángel Cabezas
420,233,2025-08-11,946.25,198.71,9.69,Pagada,420,13,4,171.79,233,José Ángel,Cabezas,riosgodofredo@example.net,+34 977148542,Premium,Inactivo,13,Justicia,Muerto medidas esas miedo valores juego solución.,171.79,227,Agotado,687.16,2130.47,2025-08,2025,8,José Ángel Cabezas
420,233,2025-08-11,946.25,198.71,9.69,Pagada,420,139,9,80.55,233,José Ángel,Cabezas,riosgodofredo@example.net,+34 977148542,Premium,Inactivo,139,Con,J para haber.,80.55,415,Disponible,724.9499999999999,2130.47,2025-08,2025,8,José Ángel Cabezas
421,258,2025-10-14,496.15,104.19,17.63,Cancelada,421,96,9,393.9,258,Bárbara,Oliva,isalazar@example.com,+34 950062950,Premium,Inactivo,96,Según,Diez mis ii le habían.,393.9,109,Agotado,3545.1,19137.83,2025-10,2025,10,Bárbara Oliva
421,258,2025-10-14,496.15,104.19,17.63,Cancelada,421,159,2,88.25,258,Bárbara,Oliva,isalazar@example.com,+34 950062950,Premium,Inactivo,159,Salida,Tales armas cualquier personas mirada humanos programa deja.,88.25,102,Agotado,176.5,19137.83,2025-10,2025,10,Bárbara Oliva
421,258,2025-10-14,496.15,104.19,17.63,Cancelada,421,99,9,134.55,258,Bárbara,Oliva,isalazar@example.com,+34 950062950,Premium,Inactivo,99,Dicen,Uno conjunto principales abril.,134.55,419,Disponible,1210.95,19137.83,2025-10,2025,10,Bárbara Oliva
421,258,2025-10-14,496.15,104.19,17.63,Cancelada,421,118,5,401.29,258,Bárbara,Oliva,isalazar@example.com,+34 950062950,Premium,Inactivo,118,Primer,Fiscal hubiera siquiera último tenemos algunas.,401.29,68,Disponible,2006.45,19137.83,2025-10,2025,10,Bárbara Oliva
421,258,2025-10-14,496.15,104.19,17.63,Cancelada,421,97,8,388.66,258,Bárbara,Oliva,isalazar@example.com,+34 950062950,Premium,Inactivo,97,Plan,Vista trata problemas varias fuera.,388.66,322,Disponible,3109.28,19137.83,2025-10,2025,10,Bárbara Oliva
421,258,2025-10-14,496.15,104.19,17.63,Cancelada,421,156,7,375.7,258,Bárbara,Oliva,isalazar@example.com,+34 950062950,Premium,Inactivo,156,Julio,Sido semanas va formación.,375.7,283,Disponible,2629.9,19137.83,2025-10,2025,10,Bárbara Oliva
421,258,2025-10-14,496.15,104.19,17.63,Cancelada,421,161,9,189.27,258,Bárbara,Oliva,isalazar@example.com,+34 950062950,Premium,Inactivo,161,Cuales,Vía sola valores entrar capacidad chile últimos.,189.27,468,Agotado,1703.43,19137.83,2025-10,2025,10,Bárbara Oliva
421,258,2025-10-14,496.15,104.19,17.63,Cancelada,421,24,10,194.75,258,Bárbara,Oliva,isalazar@example.com,+34 950062950,Premium,Inactivo,24,Podemos,Hicieron número y poco niños.,194.75,183,Agotado,1947.5,19137.83,2025-10,2025,10,Bárbara Oliva
421,258,2025-10-14,496.15,104.19,17.63,Cancelada,421,58,9,312.08,258,Bárbara,Oliva,isalazar@example.com,+34 950062950,Premium,Inactivo,58,Manos,Llamado cabeza datos cuando mirada carlos.,312.08,88,Agotado,2808.72,19137.83,2025-10,2025,10,Bárbara Oliva
423,222,2026-01-17,1277.83,268.34,9.33,Cancelada,423,178,5,154.28,222,Bruno,Saldaña,mpinol@example.com,+34823 60 28 56,Premium,Inactivo,178,Reforma,Ex aire profesional deseo.,154.28,415,Disponible,771.4,2156.19,2026-01,2026,1,Bruno Saldaña
423,222,2026-01-17,1277.83,268.34,9.33,Cancelada,423,137,1,467.39,222,Bruno,Saldaña,mpinol@example.com,+34823 60 28 56,Premium,Inactivo,137,Metros,Fondo total derechos comercio alto congreso.,467.39,6,Agotado,467.39,2156.19,2026-01,2026,1,Bruno Saldaña
423,222,2026-01-17,1277.83,268.34,9.33,Cancelada,423,183,2,458.7,222,Bruno,Saldaña,mpinol@example.com,+34823 60 28 56,Premium,Inactivo,183,Especialmente,Mismo baja viaje mañana solamente respuesta les.,458.7,153,Agotado,917.4,2156.19,2026-01,2026,1,Bruno Saldaña
424,52,2025-08-18,1538.38,323.06,71.16,Pagada,424,111,10,186.39,52,Ana Sofía,Calderón,qllopis@example.net,+34 941 565 087,Premium,Inactivo,111,Informe,Momento al estamos b período revolución interés.,186.39,133,Agotado,1863.8999999999999,1863.8999999999999,2025-08,2025,8,Ana Sofía Calderón
425,292,2025-12-11,131.12,27.54,80.26,Cancelada,425,53,1,131.29,292,América,Benavides,noepinto@example.net,+34 979780459,VIP,Inactivo,53,Quizá,Recursos pesetas sí comisión pequeño ellos camino.,131.29,488,Agotado,131.29,822.7099999999999,2025-12,2025,12,América Benavides
425,292,2025-12-11,131.12,27.54,80.26,Cancelada,425,108,2,345.71,292,América,Benavides,noepinto@example.net,+34 979780459,VIP,Inactivo,108,Pedro,Veces santiago casos principales.,345.71,137,Disponible,691.42,822.7099999999999,2025-12,2025,12,América Benavides
426,174,2025-04-18,645.16,135.48,87.8,Pendiente,426,90,9,468.45,174,Cruz,Benavent,magdalenagarriga@example.com,+34972 393 541,Premium,Activo,90,Apenas,Final cierto tema pensar suerte cual expresión.,468.45,256,Agotado,4216.05,5706.07,2025-04,2025,4,Cruz Benavent
426,174,2025-04-18,645.16,135.48,87.8,Pendiente,426,72,9,121.46,174,Cruz,Benavent,magdalenagarriga@example.com,+34972 393 541,Premium,Activo,72,Madrid,Zonas vista intereses aspecto región acuerdo.,121.46,25,Disponible,1093.1399999999999,5706.07,2025-04,2025,4,Cruz Benavent
426,174,2025-04-18,645.16,135.48,87.8,Pendiente,426,192,2,198.44,174,Cruz,Benavent,magdalenagarriga@example.com,+34972 393 541,Premium,Activo,192,Grandes,Banco problema voy cosa suerte dólares.,198.44,494,Agotado,396.88,5706.07,2025-04,2025,4,Cruz Benavent
427,15,2025-09-15,599.84,125.97,65.21,Pendiente,427,200,9,344.29,15,Guiomar,Chaves,arambururufina@example.org,+34 900 80 97 41,VIP,Activo,200,Viene,Cierta equipo tal llegado él informe existencia.,344.29,5,Disponible,3098.61,5112.530000000001,2025-09,2025,9,Guiomar Chaves
427,15,2025-09-15,599.84,125.97,65.21,Pendiente,427,35,8,251.74,15,Guiomar,Chaves,arambururufina@example.org,+34 900 80 97 41,VIP,Activo,35,Igual,Carta haciendo hermano muerto dejó hijo da sistemas.,251.74,135,Agotado,2013.92,5112.530000000001,2025-09,2025,9,Guiomar Chaves
428,48,2025-08-12,1771.05,371.92,35.67,Pagada,428,69,4,348.38,48,Aarón,Valverde,oteroadelaida@example.org,+34 979 900 003,Premium,Activo,69,Hoy,Economía presenta gracias época.,348.38,171,Disponible,1393.52,1393.52,2025-08,2025,8,Aarón Valverde
429,246,2025-04-21,732.9,153.91,98.6,Pagada,429,186,3,297.18,246,Ignacia,Ferrera,csanmiguel@example.net,+34828 13 44 44,Premium,Inactivo,186,Ante,Obstante ni cuales santa piel ser.,297.18,176,Agotado,891.54,7791.549999999999,2025-04,2025,4,Ignacia Ferrera
429,246,2025-04-21,732.9,153.91,98.6,Pagada,429,33,9,385.45,246,Ignacia,Ferrera,csanmiguel@example.net,+34828 13 44 44,Premium,Inactivo,33,Mes,Presidente lugar va iba.,385.45,332,Disponible,3469.0499999999997,7791.549999999999,2025-04,2025,4,Ignacia Ferrera
429,246,2025-04-21,732.9,153.91,98.6,Pagada,429,67,8,428.87,246,Ignacia,Ferrera,csanmiguel@example.net,+34828 13 44 44,Premium,Inactivo,67,Derecha,Dicho ejemplo una gonzález.,428.87,221,Disponible,3430.96,7791.549999999999,2025-04,2025,4,Ignacia Ferrera
430,146,2025-07-22,158.64,33.31,93.04,Cancelada,430,72,5,121.46,146,Fernanda,Goicoechea,vinaema@example.org,+34885177044,Regular,Activo,72,Madrid,Zonas vista intereses aspecto región acuerdo.,121.46,25,Disponible,607.3,2157.92,2025-07,2025,7,Fernanda Goicoechea
430,146,2025-07-22,158.64,33.31,93.04,Cancelada,430,60,5,163.91,146,Fernanda,Goicoechea,vinaema@example.org,+34885177044,Regular,Activo,60,Resultado,Ciudad toma trabajadores resulta gonzález valores.,163.91,84,Agotado,819.55,2157.92,2025-07,2025,7,Fernanda Goicoechea
430,146,2025-07-22,158.64,33.31,93.04,Cancelada,430,62,9,81.23,146,Fernanda,Goicoechea,vinaema@example.org,+34885177044,Regular,Activo,62,Quien,Humana único el electoral equipo.,81.23,334,Disponible,731.07,2157.92,2025-07,2025,7,Fernanda Goicoechea
431,8,2025-03-09,1097.55,230.49,96.69,Cancelada,431,191,3,216.63,8,Delia,Soto,rgalvan@example.net,+34 925116974,VIP,Inactivo,191,Están,Radio creo paz trabajar allá entrar servicios derecha.,216.63,91,Disponible,649.89,3795.31,2025-03,2025,3,Delia Soto
431,8,2025-03-09,1097.55,230.49,96.69,Cancelada,431,24,6,194.75,8,Delia,Soto,rgalvan@example.net,+34 925116974,VIP,Inactivo,24,Podemos,Hicieron número y poco niños.,194.75,183,Agotado,1168.5,3795.31,2025-03,2025,3,Delia Soto
431,8,2025-03-09,1097.55,230.49,96.69,Cancelada,431,192,3,198.44,8,Delia,Soto,rgalvan@example.net,+34 925116974,VIP,Inactivo,192,Grandes,Banco problema voy cosa suerte dólares.,198.44,494,Agotado,595.3199999999999,3795.31,2025-03,2025,3,Delia Soto
431,8,2025-03-09,1097.55,230.49,96.69,Cancelada,431,145,2,443.0,8,Delia,Soto,rgalvan@example.net,+34 925116974,VIP,Inactivo,145,Allí,Gran ahí palabra.,443.0,127,Disponible,886.0,3795.31,2025-03,2025,3,Delia Soto
431,8,2025-03-09,1097.55,230.49,96.69,Cancelada,431,136,3,165.2,8,Delia,Soto,rgalvan@example.net,+34 925116974,VIP,Inactivo,136,Pronto,Aquellos precisamente hombre menos.,165.2,81,Disponible,495.59999999999997,3795.31,2025-03,2025,3,Delia Soto
432,123,2025-12-27,798.8,167.75,21.04,Pendiente,432,193,3,69.1,123,César,Valencia,rosalva80@example.org,+34826 458 200,VIP,Inactivo,193,Alrededor,Países sur director aire manos te.,69.1,6,Agotado,207.29999999999998,6313.24,2025-12,2025,12,César Valencia
432,123,2025-12-27,798.8,167.75,21.04,Pendiente,432,164,3,93.08,123,César,Valencia,rosalva80@example.org,+34826 458 200,VIP,Inactivo,164,Animales,Vino siglo deseo difícil.,93.08,143,Agotado,279.24,6313.24,2025-12,2025,12,César Valencia
432,123,2025-12-27,798.8,167.75,21.04,Pendiente,432,147,9,281.76,123,César,Valencia,rosalva80@example.org,+34826 458 200,VIP,Inactivo,147,Enero,Eran otro programas los sino.,281.76,363,Disponible,2535.84,6313.24,2025-12,2025,12,César Valencia
432,123,2025-12-27,798.8,167.75,21.04,Pendiente,432,112,6,304.99,123,César,Valencia,rosalva80@example.org,+34826 458 200,VIP,Inactivo,112,Dar,Relación alguna mis toma primera material.,304.99,240,Agotado,1829.94,6313.24,2025-12,2025,12,César Valencia
432,123,2025-12-27,798.8,167.75,21.04,Pendiente,432,173,4,365.23,123,César,Valencia,rosalva80@example.org,+34826 458 200,VIP,Inactivo,173,M,Ayer espera reforma hospital.,365.23,61,Agotado,1460.92,6313.24,2025-12,2025,12,César Valencia
433,108,2025-06-26,1994.07,418.75,22.7,Pagada,433,172,8,252.21,108,Bonifacio,Casal,frutosrosario@example.org,+34 977 81 48 67,VIP,Activo,172,Cómo,Afirmó economía miedo buenos.,252.21,215,Agotado,2017.68,6447.68,2025-06,2025,6,Bonifacio Casal
433,108,2025-06-26,1994.07,418.75,22.7,Pagada,433,145,10,443.0,108,Bonifacio,Casal,frutosrosario@example.org,+34 977 81 48 67,VIP,Activo,145,Allí,Gran ahí palabra.,443.0,127,Disponible,4430.0,6447.68,2025-06,2025,6,Bonifacio Casal
434,63,2025-03-27,319.05,67.0,35.41,Cancelada,434,21,7,425.47,63,Encarnita,Benitez,dimas82@example.net,+34939412206,Premium,Activo,21,Base,Se social favor sólo psoe.,425.47,332,Disponible,2978.29,9296.699999999999,2025-03,2025,3,Encarnita Benitez
434,63,2025-03-27,319.05,67.0,35.41,Cancelada,434,166,9,308.83,63,Encarnita,Benitez,dimas82@example.net,+34939412206,Premium,Activo,166,Deja,Favor negro siete gobierno construcción estuvo quiere éste.,308.83,67,Agotado,2779.47,9296.699999999999,2025-03,2025,3,Encarnita Benitez
434,63,2025-03-27,319.05,67.0,35.41,Cancelada,434,76,9,379.02,63,Encarnita,Benitez,dimas82@example.net,+34939412206,Premium,Activo,76,Había,Suelo orden victoria precio.,379.02,239,Disponible,3411.18,9296.699999999999,2025-03,2025,3,Encarnita Benitez
434,63,2025-03-27,319.05,67.0,35.41,Cancelada,434,48,6,5.78,63,Encarnita,Benitez,dimas82@example.net,+34939412206,Premium,Activo,48,Últimos,Atrás hombre vez g debe carrera.,5.78,123,Agotado,34.68,9296.699999999999,2025-03,2025,3,Encarnita Benitez
434,63,2025-03-27,319.05,67.0,35.41,Cancelada,434,164,1,93.08,63,Encarnita,Benitez,dimas82@example.net,+34939412206,Premium,Activo,164,Animales,Vino siglo deseo difícil.,93.08,143,Agotado,93.08,9296.699999999999,2025-03,2025,3,Encarnita Benitez
435,150,2025-10-01,1735.22,364.4,81.14,Cancelada,435,65,5,466.39,150,Alejo,Ferrer,gilberto47@example.net,+34 975583790,VIP,Inactivo,65,Opinión,Hechos anterior donde hechos hija.,466.39,48,Agotado,2331.95,4767.67,2025-10,2025,10,Alejo Ferrer
435,150,2025-10-01,1735.22,364.4,81.14,Cancelada,435,109,7,347.96,150,Alejo,Ferrer,gilberto47@example.net,+34 975583790,VIP,Inactivo,109,Libros,Crisis llegó don lado.,347.96,89,Disponible,2435.72,4767.67,2025-10,2025,10,Alejo Ferrer
436,251,2025-10-03,335.93,70.55,45.82,Pendiente,436,155,4,378.07,251,Nélida,Dalmau,arribasosvaldo@example.com,+34928 75 67 75,Regular,Activo,155,Decía,Elementos un da crecimiento ese un aquellas españoles.,378.07,76,Disponible,1512.28,7830.959999999999,2025-10,2025,10,Nélida Dalmau
436,251,2025-10-03,335.93,70.55,45.82,Pendiente,436,20,9,414.78,251,Nélida,Dalmau,arribasosvaldo@example.com,+34928 75 67 75,Regular,Activo,20,Mantener,Número juez actitud.,414.78,307,Disponible,3733.0199999999995,7830.959999999999,2025-10,2025,10,Nélida Dalmau
436,251,2025-10-03,335.93,70.55,45.82,Pendiente,436,77,7,369.38,251,Nélida,Dalmau,arribasosvaldo@example.com,+34928 75 67 75,Regular,Activo,77,He,García blanco ni imágenes quien.,369.38,498,Agotado,2585.66,7830.959999999999,2025-10,2025,10,Nélida Dalmau
437,103,2026-02-05,722.4,151.7,13.06,Pagada,437,179,6,28.44,103,Carmelo,Alegre,anselma44@example.com,+34 926 43 88 21,Regular,Inactivo,179,Términos,Solución todas queda.,28.44,73,Disponible,170.64000000000001,3877.6,2026-02,2026,2,Carmelo Alegre
437,103,2026-02-05,722.4,151.7,13.06,Pagada,437,39,7,70.4,103,Carmelo,Alegre,anselma44@example.com,+34 926 43 88 21,Regular,Inactivo,39,Aquella,Misma dio período millones.,70.4,19,Agotado,492.80000000000007,3877.6,2026-02,2026,2,Carmelo Alegre
437,103,2026-02-05,722.4,151.7,13.06,Pagada,437,73,6,345.96,103,Carmelo,Alegre,anselma44@example.com,+34 926 43 88 21,Regular,Inactivo,73,Meses,Vida hacía carrera pudo unos.,345.96,315,Disponible,2075.7599999999998,3877.6,2026-02,2026,2,Carmelo Alegre
437,103,2026-02-05,722.4,151.7,13.06,Pagada,437,171,1,335.82,103,Carmelo,Alegre,anselma44@example.com,+34 926 43 88 21,Regular,Inactivo,171,Ésta,Unidos idea seguridad cabo.,335.82,291,Disponible,335.82,3877.6,2026-02,2026,2,Carmelo Alegre
437,103,2026-02-05,722.4,151.7,13.06,Pagada,437,118,2,401.29,103,Carmelo,Alegre,anselma44@example.com,+34 926 43 88 21,Regular,Inactivo,118,Primer,Fiscal hubiera siquiera último tenemos algunas.,401.29,68,Disponible,802.58,3877.6,2026-02,2026,2,Carmelo Alegre
438,258,2025-09-09,695.73,146.1,79.79,Cancelada,438,69,8,348.38,258,Bárbara,Oliva,isalazar@example.com,+34 950062950,Premium,Inactivo,69,Hoy,Economía presenta gracias época.,348.38,171,Disponible,2787.04,6058.77,2025-09,2025,9,Bárbara Oliva
438,258,2025-09-09,695.73,146.1,79.79,Cancelada,438,137,7,467.39,258,Bárbara,Oliva,isalazar@example.com,+34 950062950,Premium,Inactivo,137,Metros,Fondo total derechos comercio alto congreso.,467.39,6,Agotado,3271.73,6058.77,2025-09,2025,9,Bárbara Oliva
439,260,2025-08-20,1311.92,275.5,57.3,Pagada,439,31,6,80.17,260,Noé,Miranda,candelariabaquero@example.org,+34 843 646 230,Premium,Activo,31,México,Ellas humana dijo estados.,80.17,475,Disponible,481.02,3687.92,2025-08,2025,8,Noé Miranda
439,260,2025-08-20,1311.92,275.5,57.3,Pagada,439,127,10,320.69,260,Noé,Miranda,candelariabaquero@example.org,+34 843 646 230,Premium,Activo,127,Bastante,Actividad televisión pablo medios.,320.69,246,Disponible,3206.9,3687.92,2025-08,2025,8,Noé Miranda
440,77,2025-12-26,742.57,155.94,11.28,Cancelada,440,6,2,324.78,77,Pascuala,Benavides,alejo20@example.com,+34 700374211,VIP,Inactivo,6,Decía,General pacientes parís visto solución agua cualquier.,324.78,112,Disponible,649.56,649.56,2025-12,2025,12,Pascuala Benavides
441,184,2025-08-22,999.53,209.9,62.25,Pagada,441,129,3,202.57,184,Jacobo,Valbuena,zsalgado@example.net,+34846241626,VIP,Inactivo,129,Dentro,Tiempos popular valores formación larga quería.,202.57,297,Disponible,607.71,2191.88,2025-08,2025,8,Jacobo Valbuena
441,184,2025-08-22,999.53,209.9,62.25,Pagada,441,17,5,159.63,184,Jacobo,Valbuena,zsalgado@example.net,+34846241626,VIP,Inactivo,17,Pasó,Tan proyectos si tierra fuerzas popular.,159.63,336,Agotado,798.15,2191.88,2025-08,2025,8,Jacobo Valbuena
441,184,2025-08-22,999.53,209.9,62.25,Pagada,441,50,2,393.01,184,Jacobo,Valbuena,zsalgado@example.net,+34846241626,VIP,Inactivo,50,Actual,Demás tal calidad cuestión noviembre primero muerto.,393.01,37,Agotado,786.02,2191.88,2025-08,2025,8,Jacobo Valbuena
442,175,2025-11-23,921.32,193.48,44.02,Cancelada,442,1,2,226.5,175,Edelmira,Herrera,itziar73@example.net,+34 968126478,Premium,Activo,1,Hechos,Gran participación diferencia.,226.5,344,Agotado,453.0,5470.4,2025-11,2025,11,Edelmira Herrera
442,175,2025-11-23,921.32,193.48,44.02,Cancelada,442,104,10,452.46,175,Edelmira,Herrera,itziar73@example.net,+34 968126478,Premium,Activo,104,Pasó,Misma primeras hermano aunque esta.,452.46,174,Agotado,4524.599999999999,5470.4,2025-11,2025,11,Edelmira Herrera
442,175,2025-11-23,921.32,193.48,44.02,Cancelada,442,39,7,70.4,175,Edelmira,Herrera,itziar73@example.net,+34 968126478,Premium,Activo,39,Aquella,Misma dio período millones.,70.4,19,Agotado,492.80000000000007,5470.4,2025-11,2025,11,Edelmira Herrera
443,245,2025-02-28,1463.21,307.27,39.46,Cancelada,443,30,5,23.45,245,Sonia,Sancho,wperez@example.org,+34 824 113 361,Premium,Activo,30,Pueblo,Juicio actividad calle total diferentes.,23.45,430,Disponible,117.25,117.25,2025-02,2025,2,Sonia Sancho
444,59,2025-05-27,1414.14,296.97,72.72,Pagada,444,104,8,452.46,59,Lucila,Bayo,linopomares@example.org,+34 820 19 78 67,Premium,Activo,104,Pasó,Misma primeras hermano aunque esta.,452.46,174,Agotado,3619.68,12529.17,2025-05,2025,5,Lucila Bayo
444,59,2025-05-27,1414.14,296.97,72.72,Pagada,444,4,10,103.54,59,Lucila,Bayo,linopomares@example.org,+34 820 19 78 67,Premium,Activo,4,Les,Sur técnica menos.,103.54,266,Disponible,1035.4,12529.17,2025-05,2025,5,Lucila Bayo
444,59,2025-05-27,1414.14,296.97,72.72,Pagada,444,161,8,189.27,59,Lucila,Bayo,linopomares@example.org,+34 820 19 78 67,Premium,Activo,161,Cuales,Vía sola valores entrar capacidad chile últimos.,189.27,468,Agotado,1514.16,12529.17,2025-05,2025,5,Lucila Bayo
444,59,2025-05-27,1414.14,296.97,72.72,Pagada,444,151,4,341.9,59,Lucila,Bayo,linopomares@example.org,+34 820 19 78 67,Premium,Activo,151,Ejemplo,Cuestión profesional diversos.,341.9,237,Agotado,1367.6,12529.17,2025-05,2025,5,Lucila Bayo
444,59,2025-05-27,1414.14,296.97,72.72,Pagada,444,109,7,347.96,59,Lucila,Bayo,linopomares@example.org,+34 820 19 78 67,Premium,Activo,109,Libros,Crisis llegó don lado.,347.96,89,Disponible,2435.72,12529.17,2025-05,2025,5,Lucila Bayo
444,59,2025-05-27,1414.14,296.97,72.72,Pagada,444,173,7,365.23,59,Lucila,Bayo,linopomares@example.org,+34 820 19 78 67,Premium,Activo,173,M,Ayer espera reforma hospital.,365.23,61,Agotado,2556.61,12529.17,2025-05,2025,5,Lucila Bayo
445,207,2025-10-03,1663.0,349.23,89.49,Cancelada,445,125,2,199.13,207,Sofía,Sierra,modesto15@example.org,+34878 000 024,Regular,Inactivo,125,Habría,Esa encuentra nuevas iba políticos etapa ese seguir.,199.13,334,Disponible,398.26,8265.15,2025-10,2025,10,Sofía Sierra
445,207,2025-10-03,1663.0,349.23,89.49,Cancelada,445,5,6,313.96,207,Sofía,Sierra,modesto15@example.org,+34878 000 024,Regular,Inactivo,5,Especial,Acción especie militar zona.,313.96,183,Agotado,1883.7599999999998,8265.15,2025-10,2025,10,Sofía Sierra
445,207,2025-10-03,1663.0,349.23,89.49,Cancelada,445,87,7,472.13,207,Sofía,Sierra,modesto15@example.org,+34878 000 024,Regular,Inactivo,87,Resulta,Europea conocer hombre trata.,472.13,206,Agotado,3304.91,8265.15,2025-10,2025,10,Sofía Sierra
445,207,2025-10-03,1663.0,349.23,89.49,Cancelada,445,88,9,297.58,207,Sofía,Sierra,modesto15@example.org,+34878 000 024,Regular,Inactivo,88,Ahora,Decir fútbol final tengo empresas.,297.58,211,Disponible,2678.22,8265.15,2025-10,2025,10,Sofía Sierra
446,236,2025-07-24,1843.57,387.15,38.42,Cancelada,446,79,6,108.65,236,Florencio,Delgado,xgutierrez@example.com,+34 927 008 711,Premium,Activo,79,Humana,Orden necesidad m casi.,108.65,476,Agotado,651.9000000000001,6737.46,2025-07,2025,7,Florencio Delgado
446,236,2025-07-24,1843.57,387.15,38.42,Cancelada,446,103,4,374.6,236,Florencio,Delgado,xgutierrez@example.com,+34 927 008 711,Premium,Activo,103,Tan,Muerto imposible estaba tenía.,374.6,470,Disponible,1498.4,6737.46,2025-07,2025,7,Florencio Delgado
446,236,2025-07-24,1843.57,387.15,38.42,Cancelada,446,22,8,359.18,236,Florencio,Delgado,xgutierrez@example.com,+34 927 008 711,Premium,Activo,22,Cuales,Fútbol especial luz especie sangre acerca.,359.18,37,Disponible,2873.44,6737.46,2025-07,2025,7,Florencio Delgado
446,236,2025-07-24,1843.57,387.15,38.42,Cancelada,446,169,6,285.62,236,Florencio,Delgado,xgutierrez@example.com,+34 927 008 711,Premium,Activo,169,Nunca,Queda cambio función nuestros libre.,285.62,272,Agotado,1713.72,6737.46,2025-07,2025,7,Florencio Delgado
447,30,2026-01-01,1395.83,293.12,97.04,Cancelada,447,134,1,81.37,30,Nico,Caro,riquelmecasandra@example.com,+34871687081,VIP,Activo,134,Mismos,Aquella nos diferencia época arte.,81.37,345,Disponible,81.37,937.02,2026-01,2026,1,Nico Caro
447,30,2026-01-01,1395.83,293.12,97.04,Cancelada,447,63,5,171.13,30,Nico,Caro,riquelmecasandra@example.com,+34871687081,VIP,Activo,63,Voz,Son programas social sobre metros recuerdo recursos.,171.13,424,Agotado,855.65,937.02,2026-01,2026,1,Nico Caro
448,34,2026-02-12,1082.41,227.31,74.29,Cancelada,448,92,3,358.63,34,Adora,Anaya,martinezalejandra@example.net,+34876 68 71 51,Regular,Activo,92,Mayo,Derecho actual necesario figura calle productos ésta.,358.63,106,Agotado,1075.8899999999999,2633.89,2026-02,2026,2,Adora Anaya
448,34,2026-02-12,1082.41,227.31,74.29,Cancelada,448,24,8,194.75,34,Adora,Anaya,martinezalejandra@example.net,+34876 68 71 51,Regular,Activo,24,Podemos,Hicieron número y poco niños.,194.75,183,Agotado,1558.0,2633.89,2026-02,2026,2,Adora Anaya
450,133,2025-12-31,1793.15,376.56,24.7,Pendiente,450,120,9,346.96,133,Teo,Rocha,lvarela@example.net,+34 948 469 601,Regular,Activo,120,Río,Elementos después sola rafael concepto menor análisis mayoría.,346.96,156,Disponible,3122.64,8100.11,2025-12,2025,12,Teo Rocha
450,133,2025-12-31,1793.15,376.56,24.7,Pendiente,450,96,5,393.9,133,Teo,Rocha,lvarela@example.net,+34 948 469 601,Regular,Activo,96,Según,Diez mis ii le habían.,393.9,109,Agotado,1969.5,8100.11,2025-12,2025,12,Teo Rocha
450,133,2025-12-31,1793.15,376.56,24.7,Pendiente,450,70,10,264.32,133,Teo,Rocha,lvarela@example.net,+34 948 469 601,Regular,Activo,70,Habla,Consecuencia razón no empresa otro.,264.32,228,Agotado,2643.2,8100.11,2025-12,2025,12,Teo Rocha
450,133,2025-12-31,1793.15,376.56,24.7,Pendiente,450,130,7,52.11,133,Teo,Rocha,lvarela@example.net,+34 948 469 601,Regular,Activo,130,Nivel,Necesidad artículo c adelante.,52.11,7,Agotado,364.77,8100.11,2025-12,2025,12,Teo Rocha
451,31,2025-03-12,1048.26,220.13,58.45,Pagada,451,161,8,189.27,31,Ramona,Simó,ntome@example.com,+34886862081,Premium,Activo,161,Cuales,Vía sola valores entrar capacidad chile últimos.,189.27,468,Agotado,1514.16,2240.21,2025-03,2025,3,Ramona Simó
451,31,2025-03-12,1048.26,220.13,58.45,Pagada,451,197,5,145.21,31,Ramona,Simó,ntome@example.com,+34886862081,Premium,Activo,197,Universidad,Han también cámara pasa.,145.21,50,Disponible,726.0500000000001,2240.21,2025-03,2025,3,Ramona Simó
452,290,2025-10-30,160.81,33.77,0.52,Pendiente,452,50,3,393.01,290,Herminia,Agudo,ribasgaspar@example.org,+34 856 109 082,Premium,Inactivo,50,Actual,Demás tal calidad cuestión noviembre primero muerto.,393.01,37,Agotado,1179.03,9821.86,2025-10,2025,10,Herminia Agudo
452,290,2025-10-30,160.81,33.77,0.52,Pendiente,452,103,3,374.6,290,Herminia,Agudo,ribasgaspar@example.org,+34 856 109 082,Premium,Inactivo,103,Tan,Muerto imposible estaba tenía.,374.6,470,Disponible,1123.8000000000002,9821.86,2025-10,2025,10,Herminia Agudo
452,290,2025-10-30,160.81,33.77,0.52,Pendiente,452,7,8,324.46,290,Herminia,Agudo,ribasgaspar@example.org,+34 856 109 082,Premium,Inactivo,7,Junio,Quienes interés torno estos norte momentos.,324.46,293,Disponible,2595.68,9821.86,2025-10,2025,10,Herminia Agudo
452,290,2025-10-30,160.81,33.77,0.52,Pendiente,452,27,4,477.57,290,Herminia,Agudo,ribasgaspar@example.org,+34 856 109 082,Premium,Inactivo,27,Decía,Aún actitud deja julio dónde.,477.57,317,Agotado,1910.28,9821.86,2025-10,2025,10,Herminia Agudo
452,290,2025-10-30,160.81,33.77,0.52,Pendiente,452,3,1,220.09,290,Herminia,Agudo,ribasgaspar@example.org,+34 856 109 082,Premium,Inactivo,3,Hacia,Uno chile esto tan tampoco río sino.,220.09,232,Agotado,220.09,9821.86,2025-10,2025,10,Herminia Agudo
452,290,2025-10-30,160.81,33.77,0.52,Pendiente,452,88,5,297.58,290,Herminia,Agudo,ribasgaspar@example.org,+34 856 109 082,Premium,Inactivo,88,Ahora,Decir fútbol final tengo empresas.,297.58,211,Disponible,1487.8999999999999,9821.86,2025-10,2025,10,Herminia Agudo
452,290,2025-10-30,160.81,33.77,0.52,Pendiente,452,163,7,186.44,290,Herminia,Agudo,ribasgaspar@example.org,+34 856 109 082,Premium,Inactivo,163,Blanca,Sangre precisamente donde manos.,186.44,27,Disponible,1305.08,9821.86,2025-10,2025,10,Herminia Agudo
455,214,2025-03-25,1285.44,269.94,27.81,Pendiente,455,112,1,304.99,214,Esther,Baena,hilda73@example.net,+34 868 54 38 02,Regular,Inactivo,112,Dar,Relación alguna mis toma primera material.,304.99,240,Agotado,304.99,304.99,2025-03,2025,3,Esther Baena
456,87,2025-08-31,1756.7,368.91,67.3,Cancelada,456,189,8,87.56,87,Quirino,Osorio,linareschucho@example.org,+34910 279 577,VIP,Activo,189,Frente,Alta millones mediante deseo respecto.,87.56,44,Agotado,700.48,3196.0,2025-08,2025,8,Quirino Osorio
456,87,2025-08-31,1756.7,368.91,67.3,Cancelada,456,130,10,52.11,87,Quirino,Osorio,linareschucho@example.org,+34910 279 577,VIP,Activo,130,Nivel,Necesidad artículo c adelante.,52.11,7,Agotado,521.1,3196.0,2025-08,2025,8,Quirino Osorio
456,87,2025-08-31,1756.7,368.91,67.3,Cancelada,456,111,8,186.39,87,Quirino,Osorio,linareschucho@example.org,+34910 279 577,VIP,Activo,111,Informe,Momento al estamos b período revolución interés.,186.39,133,Agotado,1491.12,3196.0,2025-08,2025,8,Quirino Osorio
456,87,2025-08-31,1756.7,368.91,67.3,Cancelada,456,12,10,48.33,87,Quirino,Osorio,linareschucho@example.org,+34910 279 577,VIP,Activo,12,Especie,Cambios proyectos conocimiento producción.,48.33,457,Disponible,483.29999999999995,3196.0,2025-08,2025,8,Quirino Osorio
457,107,2025-06-07,1178.87,247.56,86.86,Cancelada,457,86,3,80.5,107,Amílcar,Castellanos,zsevilla@example.com,+34 926954140,VIP,Inactivo,86,Nuestra,Habla relación unión familia trata medidas nuevo.,80.5,209,Agotado,241.5,1600.5,2025-06,2025,6,Amílcar Castellanos
457,107,2025-06-07,1178.87,247.56,86.86,Cancelada,457,1,6,226.5,107,Amílcar,Castellanos,zsevilla@example.com,+34 926954140,VIP,Inactivo,1,Hechos,Gran participación diferencia.,226.5,344,Agotado,1359.0,1600.5,2025-06,2025,6,Amílcar Castellanos
458,31,2025-09-21,1265.91,265.84,79.59,Pagada,458,88,8,297.58,31,Ramona,Simó,ntome@example.com,+34886862081,Premium,Activo,88,Ahora,Decir fútbol final tengo empresas.,297.58,211,Disponible,2380.64,4820.5599999999995,2025-09,2025,9,Ramona Simó
458,31,2025-09-21,1265.91,265.84,79.59,Pagada,458,112,8,304.99,31,Ramona,Simó,ntome@example.com,+34886862081,Premium,Activo,112,Dar,Relación alguna mis toma primera material.,304.99,240,Agotado,2439.92,4820.5599999999995,2025-09,2025,9,Ramona Simó
459,193,2025-09-29,818.29,171.84,29.63,Pagada,459,183,6,458.7,193,Cruz,Quero,beltranhernando@example.com,+34948 313 252,Premium,Inactivo,183,Especialmente,Mismo baja viaje mañana solamente respuesta les.,458.7,153,Agotado,2752.2,7826.039999999999,2025-09,2025,9,Cruz Quero
459,193,2025-09-29,818.29,171.84,29.63,Pagada,459,25,10,356.34,193,Cruz,Quero,beltranhernando@example.com,+34948 313 252,Premium,Inactivo,25,Edad,Tribunal he felipe cuanto sea ello imagen.,356.34,183,Agotado,3563.3999999999996,7826.039999999999,2025-09,2025,9,Cruz Quero
459,193,2025-09-29,818.29,171.84,29.63,Pagada,459,35,6,251.74,193,Cruz,Quero,beltranhernando@example.com,+34948 313 252,Premium,Inactivo,35,Igual,Carta haciendo hermano muerto dejó hijo da sistemas.,251.74,135,Agotado,1510.44,7826.039999999999,2025-09,2025,9,Cruz Quero
460,59,2025-06-12,160.35,33.67,77.19,Pagada,460,90,5,468.45,59,Lucila,Bayo,linopomares@example.org,+34 820 19 78 67,Premium,Activo,90,Apenas,Final cierto tema pensar suerte cual expresión.,468.45,256,Agotado,2342.25,5341.3,2025-06,2025,6,Lucila Bayo
460,59,2025-06-12,160.35,33.67,77.19,Pagada,460,87,3,472.13,59,Lucila,Bayo,linopomares@example.org,+34 820 19 78 67,Premium,Activo,87,Resulta,Europea conocer hombre trata.,472.13,206,Agotado,1416.3899999999999,5341.3,2025-06,2025,6,Lucila Bayo
460,59,2025-06-12,160.35,33.67,77.19,Pagada,460,123,2,40.58,59,Lucila,Bayo,linopomares@example.org,+34 820 19 78 67,Premium,Activo,123,Tipo,Fiscal especialmente mañana vuelve evitar.,40.58,457,Disponible,81.16,5341.3,2025-06,2025,6,Lucila Bayo
460,59,2025-06-12,160.35,33.67,77.19,Pagada,460,40,7,214.5,59,Lucila,Bayo,linopomares@example.org,+34 820 19 78 67,Premium,Activo,40,Tan,Cultura no vista calidad cantidad posibilidad vio social.,214.5,472,Agotado,1501.5,5341.3,2025-06,2025,6,Lucila Bayo
461,88,2026-01-26,1558.76,327.34,23.57,Pendiente,461,95,3,437.97,88,Julie,Amo,riquelmeamor@example.org,+34878518752,VIP,Activo,95,Fiscal,Ii centros objetivo es larga.,437.97,492,Disponible,1313.91,2729.63,2026-01,2026,1,Julie Amo
461,88,2026-01-26,1558.76,327.34,23.57,Pendiente,461,42,4,179.95,88,Julie,Amo,riquelmeamor@example.org,+34878518752,VIP,Activo,42,N,Pasó quién jóvenes.,179.95,121,Disponible,719.8,2729.63,2026-01,2026,1,Julie Amo
461,88,2026-01-26,1558.76,327.34,23.57,Pendiente,461,109,2,347.96,88,Julie,Amo,riquelmeamor@example.org,+34878518752,VIP,Activo,109,Libros,Crisis llegó don lado.,347.96,89,Disponible,695.92,2729.63,2026-01,2026,1,Julie Amo
462,189,2025-08-20,167.5,35.17,6.56,Pendiente,462,118,5,401.29,189,Encarnita,Cabañas,pradaluciana@example.org,+34828 35 58 05,VIP,Inactivo,118,Primer,Fiscal hubiera siquiera último tenemos algunas.,401.29,68,Disponible,2006.45,2636.19,2025-08,2025,8,Encarnita Cabañas
462,189,2025-08-20,167.5,35.17,6.56,Pendiente,462,49,2,314.87,189,Encarnita,Cabañas,pradaluciana@example.org,+34828 35 58 05,VIP,Inactivo,49,Alrededor,Julio precios viaje donde aún.,314.87,376,Disponible,629.74,2636.19,2025-08,2025,8,Encarnita Cabañas
463,27,2026-02-05,301.11,63.23,94.78,Pendiente,463,5,4,313.96,27,Fanny,Heredia,amandoolmo@example.com,+34 888053668,Regular,Activo,5,Especial,Acción especie militar zona.,313.96,183,Agotado,1255.84,1255.84,2026-02,2026,2,Fanny Heredia
464,214,2025-07-01,1258.51,264.29,19.78,Pendiente,464,173,4,365.23,214,Esther,Baena,hilda73@example.net,+34 868 54 38 02,Regular,Inactivo,173,M,Ayer espera reforma hospital.,365.23,61,Agotado,1460.92,4341.67,2025-07,2025,7,Esther Baena
464,214,2025-07-01,1258.51,264.29,19.78,Pendiente,464,193,1,69.1,214,Esther,Baena,hilda73@example.net,+34 868 54 38 02,Regular,Inactivo,193,Alrededor,Países sur director aire manos te.,69.1,6,Agotado,69.1,4341.67,2025-07,2025,7,Esther Baena
464,214,2025-07-01,1258.51,264.29,19.78,Pendiente,464,41,7,265.55,214,Esther,Baena,hilda73@example.net,+34 868 54 38 02,Regular,Inactivo,41,Sido,Decir incluso campo han otras pueden.,265.55,86,Disponible,1858.8500000000001,4341.67,2025-07,2025,7,Esther Baena
464,214,2025-07-01,1258.51,264.29,19.78,Pendiente,464,85,10,95.28,214,Esther,Baena,hilda73@example.net,+34 868 54 38 02,Regular,Inactivo,85,Propio,Atrás servicio me momentos período.,95.28,408,Disponible,952.8,4341.67,2025-07,2025,7,Esther Baena
465,252,2025-11-24,1971.79,414.08,98.81,Pendiente,465,11,6,152.94,252,Manuela,Anglada,manuel39@example.org,+34 874881806,Regular,Activo,11,Muerte,Programas largo destino señor militar base.,152.94,406,Disponible,917.64,9872.2,2025-11,2025,11,Manuela Anglada
465,252,2025-11-24,1971.79,414.08,98.81,Pendiente,465,127,9,320.69,252,Manuela,Anglada,manuel39@example.org,+34 874881806,Regular,Activo,127,Bastante,Actividad televisión pablo medios.,320.69,246,Disponible,2886.21,9872.2,2025-11,2025,11,Manuela Anglada
465,252,2025-11-24,1971.79,414.08,98.81,Pendiente,465,183,7,458.7,252,Manuela,Anglada,manuel39@example.org,+34 874881806,Regular,Activo,183,Especialmente,Mismo baja viaje mañana solamente respuesta les.,458.7,153,Agotado,3210.9,9872.2,2025-11,2025,11,Manuela Anglada
465,252,2025-11-24,1971.79,414.08,98.81,Pendiente,465,110,5,250.8,252,Manuela,Anglada,manuel39@example.org,+34 874881806,Regular,Activo,110,Información,Problema contra deseo seguir ii.,250.8,315,Agotado,1254.0,9872.2,2025-11,2025,11,Manuela Anglada
465,252,2025-11-24,1971.79,414.08,98.81,Pendiente,465,127,5,320.69,252,Manuela,Anglada,manuel39@example.org,+34 874881806,Regular,Activo,127,Bastante,Actividad televisión pablo medios.,320.69,246,Disponible,1603.45,9872.2,2025-11,2025,11,Manuela Anglada
466,232,2025-12-26,1072.84,225.3,2.42,Pagada,466,177,1,205.45,232,Moisés,Canet,barraganclementina@example.com,+34 927 166 276,Premium,Activo,177,Fuerte,Lado tiempos durante ir dolor mis estilo encuentra.,205.45,58,Agotado,205.45,2618.0,2025-12,2025,12,Moisés Canet
466,232,2025-12-26,1072.84,225.3,2.42,Pagada,466,94,5,345.46,232,Moisés,Canet,barraganclementina@example.com,+34 927 166 276,Premium,Activo,94,Quien,Cuales haya sólo habría.,345.46,243,Disponible,1727.3,2618.0,2025-12,2025,12,Moisés Canet
466,232,2025-12-26,1072.84,225.3,2.42,Pagada,466,30,7,23.45,232,Moisés,Canet,barraganclementina@example.com,+34 927 166 276,Premium,Activo,30,Pueblo,Juicio actividad calle total diferentes.,23.45,430,Disponible,164.15,2618.0,2025-12,2025,12,Moisés Canet
466,232,2025-12-26,1072.84,225.3,2.42,Pagada,466,130,10,52.11,232,Moisés,Canet,barraganclementina@example.com,+34 927 166 276,Premium,Activo,130,Nivel,Necesidad artículo c adelante.,52.11,7,Agotado,521.1,2618.0,2025-12,2025,12,Moisés Canet
467,116,2026-02-17,935.97,196.55,88.53,Pendiente,467,159,3,88.25,116,Chelo,Herrera,maria-dolores11@example.org,+34845476248,Regular,Inactivo,159,Salida,Tales armas cualquier personas mirada humanos programa deja.,88.25,102,Agotado,264.75,2867.6099999999997,2026-02,2026,2,Chelo Herrera
467,116,2026-02-17,935.97,196.55,88.53,Pendiente,467,180,10,65.61,116,Chelo,Herrera,maria-dolores11@example.org,+34845476248,Regular,Inactivo,180,Producto,Música socialista acuerdo hizo edad.,65.61,395,Agotado,656.1,2867.6099999999997,2026-02,2026,2,Chelo Herrera
467,116,2026-02-17,935.97,196.55,88.53,Pendiente,467,7,6,324.46,116,Chelo,Herrera,maria-dolores11@example.org,+34845476248,Regular,Inactivo,7,Junio,Quienes interés torno estos norte momentos.,324.46,293,Disponible,1946.7599999999998,2867.6099999999997,2026-02,2026,2,Chelo Herrera
468,178,2025-05-31,540.23,113.45,32.76,Pendiente,468,71,3,67.09,178,Mauricio,Lozano,lucas55@example.com,+34 926871413,Premium,Inactivo,71,Fuerte,Junio desarrollo muchas ya grandes pues puso.,67.09,299,Agotado,201.27,1260.04,2025-05,2025,5,Mauricio Lozano
468,178,2025-05-31,540.23,113.45,32.76,Pendiente,468,37,9,16.79,178,Mauricio,Lozano,lucas55@example.com,+34 926871413,Premium,Inactivo,37,Abril,Mucha dinero antes mar centros amigo pesetas seguro.,16.79,280,Disponible,151.10999999999999,1260.04,2025-05,2025,5,Mauricio Lozano
468,178,2025-05-31,540.23,113.45,32.76,Pendiente,468,141,2,453.83,178,Mauricio,Lozano,lucas55@example.com,+34 926871413,Premium,Inactivo,141,Sectores,Máximo trabajar dado.,453.83,198,Disponible,907.66,1260.04,2025-05,2025,5,Mauricio Lozano
469,293,2025-05-28,1339.73,281.34,96.61,Pagada,469,112,2,304.99,293,Bienvenida,Codina,gcastell@example.org,+34878935298,Premium,Inactivo,112,Dar,Relación alguna mis toma primera material.,304.99,240,Agotado,609.98,5852.08,2025-05,2025,5,Bienvenida Codina
469,293,2025-05-28,1339.73,281.34,96.61,Pagada,469,112,10,304.99,293,Bienvenida,Codina,gcastell@example.org,+34878935298,Premium,Inactivo,112,Dar,Relación alguna mis toma primera material.,304.99,240,Agotado,3049.9,5852.08,2025-05,2025,5,Bienvenida Codina
469,293,2025-05-28,1339.73,281.34,96.61,Pagada,469,91,1,206.95,293,Bienvenida,Codina,gcastell@example.org,+34878935298,Premium,Inactivo,91,España,Industria estoy hora gonzález madre.,206.95,474,Disponible,206.95,5852.08,2025-05,2025,5,Bienvenida Codina
469,293,2025-05-28,1339.73,281.34,96.61,Pagada,469,98,3,428.02,293,Bienvenida,Codina,gcastell@example.org,+34878935298,Premium,Inactivo,98,Además,Cargo atención grupos voluntad momento muchos.,428.02,320,Disponible,1284.06,5852.08,2025-05,2025,5,Bienvenida Codina
469,293,2025-05-28,1339.73,281.34,96.61,Pagada,469,43,3,233.73,293,Bienvenida,Codina,gcastell@example.org,+34878935298,Premium,Inactivo,43,Horas,Título total abril vez.,233.73,404,Disponible,701.1899999999999,5852.08,2025-05,2025,5,Bienvenida Codina
470,264,2025-04-25,1182.14,248.25,36.1,Pendiente,470,139,8,80.55,264,Victoriano,Montero,cesarfabregat@example.net,+34 815 61 83 38,VIP,Inactivo,139,Con,J para haber.,80.55,415,Disponible,644.4,1336.58,2025-04,2025,4,Victoriano Montero
470,264,2025-04-25,1182.14,248.25,36.1,Pendiente,470,128,1,490.91,264,Victoriano,Montero,cesarfabregat@example.net,+34 815 61 83 38,VIP,Inactivo,128,Le,Mirada entonces pie.,490.91,305,Disponible,490.91,1336.58,2025-04,2025,4,Victoriano Montero
470,264,2025-04-25,1182.14,248.25,36.1,Pendiente,470,71,3,67.09,264,Victoriano,Montero,cesarfabregat@example.net,+34 815 61 83 38,VIP,Inactivo,71,Fuerte,Junio desarrollo muchas ya grandes pues puso.,67.09,299,Agotado,201.27,1336.58,2025-04,2025,4,Victoriano Montero
471,24,2025-04-28,1061.93,223.01,10.4,Pendiente,471,172,10,252.21,24,Bibiana,Mesa,tcosta@example.net,+34 845 11 09 65,Regular,Inactivo,172,Cómo,Afirmó economía miedo buenos.,252.21,215,Agotado,2522.1,4854.53,2025-04,2025,4,Bibiana Mesa
471,24,2025-04-28,1061.93,223.01,10.4,Pendiente,471,112,6,304.99,24,Bibiana,Mesa,tcosta@example.net,+34 845 11 09 65,Regular,Inactivo,112,Dar,Relación alguna mis toma primera material.,304.99,240,Agotado,1829.94,4854.53,2025-04,2025,4,Bibiana Mesa
471,24,2025-04-28,1061.93,223.01,10.4,Pendiente,471,100,1,435.09,24,Bibiana,Mesa,tcosta@example.net,+34 845 11 09 65,Regular,Inactivo,100,Especial,Son sociales violencia.,435.09,159,Agotado,435.09,4854.53,2025-04,2025,4,Bibiana Mesa
471,24,2025-04-28,1061.93,223.01,10.4,Pendiente,471,34,4,16.85,24,Bibiana,Mesa,tcosta@example.net,+34 845 11 09 65,Regular,Inactivo,34,Guerra,Justicia pesetas luego partido hoy.,16.85,324,Agotado,67.4,4854.53,2025-04,2025,4,Bibiana Mesa
472,33,2025-04-30,1278.13,268.41,52.05,Pagada,472,116,10,134.06,33,Nazaret,Blázquez,pascualchaparro@example.org,+34885559905,Premium,Inactivo,116,Rodríguez,Tipo tres dónde distintos.,134.06,239,Agotado,1340.6,6895.44,2025-04,2025,4,Nazaret Blázquez
472,33,2025-04-30,1278.13,268.41,52.05,Pagada,472,121,4,162.27,33,Nazaret,Blázquez,pascualchaparro@example.org,+34885559905,Premium,Inactivo,121,Santa,Otros haciendo mientras bastante ambos debe condiciones pacientes.,162.27,402,Disponible,649.08,6895.44,2025-04,2025,4,Nazaret Blázquez
472,33,2025-04-30,1278.13,268.41,52.05,Pagada,472,20,8,414.78,33,Nazaret,Blázquez,pascualchaparro@example.org,+34885559905,Premium,Inactivo,20,Mantener,Número juez actitud.,414.78,307,Disponible,3318.24,6895.44,2025-04,2025,4,Nazaret Blázquez
472,33,2025-04-30,1278.13,268.41,52.05,Pagada,472,192,8,198.44,33,Nazaret,Blázquez,pascualchaparro@example.org,+34885559905,Premium,Inactivo,192,Grandes,Banco problema voy cosa suerte dólares.,198.44,494,Agotado,1587.52,6895.44,2025-04,2025,4,Nazaret Blázquez
473,44,2026-02-18,818.46,171.88,78.83,Pagada,473,50,10,393.01,44,Obdulia,Almeida,gcabanillas@example.com,+34 807 803 624,Regular,Inactivo,50,Actual,Demás tal calidad cuestión noviembre primero muerto.,393.01,37,Agotado,3930.1,3930.1,2026-02,2026,2,Obdulia Almeida
475,29,2025-07-07,1757.79,369.14,10.12,Pagada,475,151,6,341.9,29,Pepe,Hernández,zapatasamuel@example.net,+34928287695,VIP,Activo,151,Ejemplo,Cuestión profesional diversos.,341.9,237,Agotado,2051.3999999999996,6791.0599999999995,2025-07,2025,7,Pepe Hernández
475,29,2025-07-07,1757.79,369.14,10.12,Pagada,475,107,5,271.15,29,Pepe,Hernández,zapatasamuel@example.net,+34928287695,VIP,Activo,107,Proyecto,Sabía papel blanco encuentran régimen particular.,271.15,154,Agotado,1355.75,6791.0599999999995,2025-07,2025,7,Pepe Hernández
475,29,2025-07-07,1757.79,369.14,10.12,Pagada,475,77,8,369.38,29,Pepe,Hernández,zapatasamuel@example.net,+34928287695,VIP,Activo,77,He,García blanco ni imágenes quien.,369.38,498,Agotado,2955.04,6791.0599999999995,2025-07,2025,7,Pepe Hernández
475,29,2025-07-07,1757.79,369.14,10.12,Pagada,475,67,1,428.87,29,Pepe,Hernández,zapatasamuel@example.net,+34928287695,VIP,Activo,67,Derecha,Dicho ejemplo una gonzález.,428.87,221,Disponible,428.87,6791.0599999999995,2025-07,2025,7,Pepe Hernández
476,58,2025-05-02,37.39,7.85,3.88,Pendiente,476,79,9,108.65,58,Maximiano,Figuerola,mpoza@example.org,+34 877 589 587,Regular,Inactivo,79,Humana,Orden necesidad m casi.,108.65,476,Agotado,977.85,977.85,2025-05,2025,5,Maximiano Figuerola
477,267,2025-03-28,588.17,123.52,4.47,Cancelada,477,129,7,202.57,267,Aitana,Manjón,carinaparejo@example.com,+34887027854,VIP,Activo,129,Dentro,Tiempos popular valores formación larga quería.,202.57,297,Disponible,1417.99,1458.57,2025-03,2025,3,Aitana Manjón
477,267,2025-03-28,588.17,123.52,4.47,Cancelada,477,123,1,40.58,267,Aitana,Manjón,carinaparejo@example.com,+34887027854,VIP,Activo,123,Tipo,Fiscal especialmente mañana vuelve evitar.,40.58,457,Disponible,40.58,1458.57,2025-03,2025,3,Aitana Manjón
478,104,2025-08-17,845.43,177.54,24.5,Pagada,478,172,2,252.21,104,Ester,Alfaro,mrovira@example.net,+34 871 115 241,VIP,Inactivo,172,Cómo,Afirmó economía miedo buenos.,252.21,215,Agotado,504.42,3380.39,2025-08,2025,8,Ester Alfaro
478,104,2025-08-17,845.43,177.54,24.5,Pagada,478,159,9,88.25,104,Ester,Alfaro,mrovira@example.net,+34 871 115 241,VIP,Inactivo,159,Salida,Tales armas cualquier personas mirada humanos programa deja.,88.25,102,Agotado,794.25,3380.39,2025-08,2025,8,Ester Alfaro
478,104,2025-08-17,845.43,177.54,24.5,Pagada,478,78,1,168.02,104,Ester,Alfaro,mrovira@example.net,+34 871 115 241,VIP,Inactivo,78,Aunque,Tan considera pone oficial otra.,168.02,88,Agotado,168.02,3380.39,2025-08,2025,8,Ester Alfaro
478,104,2025-08-17,845.43,177.54,24.5,Pagada,478,43,3,233.73,104,Ester,Alfaro,mrovira@example.net,+34 871 115 241,VIP,Inactivo,43,Horas,Título total abril vez.,233.73,404,Disponible,701.1899999999999,3380.39,2025-08,2025,8,Ester Alfaro
478,104,2025-08-17,845.43,177.54,24.5,Pagada,478,15,1,244.67,104,Ester,Alfaro,mrovira@example.net,+34 871 115 241,VIP,Inactivo,15,Existencia,Civil eran unos asociación consumo torno.,244.67,242,Agotado,244.67,3380.39,2025-08,2025,8,Ester Alfaro
478,104,2025-08-17,845.43,177.54,24.5,Pagada,478,57,2,483.92,104,Ester,Alfaro,mrovira@example.net,+34 871 115 241,VIP,Inactivo,57,Diferentes,Marco común otras.,483.92,269,Agotado,967.84,3380.39,2025-08,2025,8,Ester Alfaro
479,168,2026-02-17,1765.99,370.86,81.12,Pagada,479,2,5,323.35,168,Ale,Arnaiz,jeronimoruano@example.org,+34729633731,VIP,Inactivo,2,Real,Con ambos cierto martín ni historia.,323.35,316,Disponible,1616.75,4897.79,2026-02,2026,2,Ale Arnaiz
479,168,2026-02-17,1765.99,370.86,81.12,Pagada,479,135,8,410.13,168,Ale,Arnaiz,jeronimoruano@example.org,+34729633731,VIP,Inactivo,135,Personal,Tenido aun resultado artículo.,410.13,270,Disponible,3281.04,4897.79,2026-02,2026,2,Ale Arnaiz
480,88,2026-01-19,831.67,174.65,41.32,Cancelada,480,56,9,72.4,88,Julie,Amo,riquelmeamor@example.org,+34878518752,VIP,Activo,56,Los,Hombre pueblo cuba esos.,72.4,411,Agotado,651.6,5442.15,2026-01,2026,1,Julie Amo
480,88,2026-01-19,831.67,174.65,41.32,Cancelada,480,50,1,393.01,88,Julie,Amo,riquelmeamor@example.org,+34878518752,VIP,Activo,50,Actual,Demás tal calidad cuestión noviembre primero muerto.,393.01,37,Agotado,393.01,5442.15,2026-01,2026,1,Julie Amo
480,88,2026-01-19,831.67,174.65,41.32,Cancelada,480,77,3,369.38,88,Julie,Amo,riquelmeamor@example.org,+34878518752,VIP,Activo,77,He,García blanco ni imágenes quien.,369.38,498,Agotado,1108.1399999999999,5442.15,2026-01,2026,1,Julie Amo
480,88,2026-01-19,831.67,174.65,41.32,Cancelada,480,30,6,23.45,88,Julie,Amo,riquelmeamor@example.org,+34878518752,VIP,Activo,30,Pueblo,Juicio actividad calle total diferentes.,23.45,430,Disponible,140.7,5442.15,2026-01,2026,1,Julie Amo
480,88,2026-01-19,831.67,174.65,41.32,Cancelada,480,49,10,314.87,88,Julie,Amo,riquelmeamor@example.org,+34878518752,VIP,Activo,49,Alrededor,Julio precios viaje donde aún.,314.87,376,Disponible,3148.7,5442.15,2026-01,2026,1,Julie Amo
481,122,2026-01-22,119.52,25.1,27.74,Pendiente,481,72,8,121.46,122,Julio César,Gabaldón,agataferrandiz@example.org,+34803 82 60 83,Regular,Inactivo,72,Madrid,Zonas vista intereses aspecto región acuerdo.,121.46,25,Disponible,971.68,6939.76,2026-01,2026,1,Julio César Gabaldón
481,122,2026-01-22,119.52,25.1,27.74,Pendiente,481,20,5,414.78,122,Julio César,Gabaldón,agataferrandiz@example.org,+34803 82 60 83,Regular,Inactivo,20,Mantener,Número juez actitud.,414.78,307,Disponible,2073.8999999999996,6939.76,2026-01,2026,1,Julio César Gabaldón
481,122,2026-01-22,119.52,25.1,27.74,Pendiente,481,112,7,304.99,122,Julio César,Gabaldón,agataferrandiz@example.org,+34803 82 60 83,Regular,Inactivo,112,Dar,Relación alguna mis toma primera material.,304.99,240,Agotado,2134.9300000000003,6939.76,2026-01,2026,1,Julio César Gabaldón
481,122,2026-01-22,119.52,25.1,27.74,Pendiente,481,165,5,346.73,122,Julio César,Gabaldón,agataferrandiz@example.org,+34803 82 60 83,Regular,Inactivo,165,Estuvo,Número ella general conseguir mar poco mismos.,346.73,41,Agotado,1733.65,6939.76,2026-01,2026,1,Julio César Gabaldón
481,122,2026-01-22,119.52,25.1,27.74,Pendiente,481,106,2,12.8,122,Julio César,Gabaldón,agataferrandiz@example.org,+34803 82 60 83,Regular,Inactivo,106,Cosas,García ciento medios datos fuerzas derechos pone un.,12.8,281,Agotado,25.6,6939.76,2026-01,2026,1,Julio César Gabaldón
482,278,2025-09-20,285.82,60.02,88.32,Cancelada,482,155,4,378.07,278,Edelmira,Macías,valencianomarianela@example.net,+34882021279,Regular,Activo,155,Decía,Elementos un da crecimiento ese un aquellas españoles.,378.07,76,Disponible,1512.28,1512.28,2025-09,2025,9,Edelmira Macías
483,271,2025-11-19,133.72,28.08,46.7,Pagada,483,177,7,205.45,271,María,Cabeza,victorianoreig@example.com,+34973 51 70 13,Regular,Activo,177,Fuerte,Lado tiempos durante ir dolor mis estilo encuentra.,205.45,58,Agotado,1438.1499999999999,1438.1499999999999,2025-11,2025,11,María Cabeza
484,121,2025-03-20,808.15,169.71,28.91,Pagada,484,193,10,69.1,121,Victor Manuel,Roura,cortesmarcela@example.com,+34 945479263,Premium,Inactivo,193,Alrededor,Países sur director aire manos te.,69.1,6,Agotado,691.0,7727.11,2025-03,2025,3,Victor Manuel Roura
484,121,2025-03-20,808.15,169.71,28.91,Pagada,484,151,9,341.9,121,Victor Manuel,Roura,cortesmarcela@example.com,+34 945479263,Premium,Inactivo,151,Ejemplo,Cuestión profesional diversos.,341.9,237,Agotado,3077.1,7727.11,2025-03,2025,3,Victor Manuel Roura
484,121,2025-03-20,808.15,169.71,28.91,Pagada,484,87,3,472.13,121,Victor Manuel,Roura,cortesmarcela@example.com,+34 945479263,Premium,Inactivo,87,Resulta,Europea conocer hombre trata.,472.13,206,Agotado,1416.3899999999999,7727.11,2025-03,2025,3,Victor Manuel Roura
484,121,2025-03-20,808.15,169.71,28.91,Pagada,484,46,4,496.13,121,Victor Manuel,Roura,cortesmarcela@example.com,+34 945479263,Premium,Inactivo,46,Joven,Tarde sala experiencia igual noche actividades rey.,496.13,304,Disponible,1984.52,7727.11,2025-03,2025,3,Victor Manuel Roura
484,121,2025-03-20,808.15,169.71,28.91,Pagada,484,44,2,279.05,121,Victor Manuel,Roura,cortesmarcela@example.com,+34 945479263,Premium,Inactivo,44,Segundo,Puntos última existen importancia tierra.,279.05,150,Disponible,558.1,7727.11,2025-03,2025,3,Victor Manuel Roura
485,178,2025-11-10,470.94,98.9,6.82,Pagada,485,93,4,471.55,178,Mauricio,Lozano,lucas55@example.com,+34 926871413,Premium,Inactivo,93,Ciento,Estados alto vida tales joven acciones partes.,471.55,310,Disponible,1886.2,8594.56,2025-11,2025,11,Mauricio Lozano
485,178,2025-11-10,470.94,98.9,6.82,Pagada,485,96,5,393.9,178,Mauricio,Lozano,lucas55@example.com,+34 926871413,Premium,Inactivo,96,Según,Diez mis ii le habían.,393.9,109,Agotado,1969.5,8594.56,2025-11,2025,11,Mauricio Lozano
485,178,2025-11-10,470.94,98.9,6.82,Pagada,485,36,9,478.21,178,Mauricio,Lozano,lucas55@example.com,+34 926871413,Premium,Inactivo,36,Valor,Fuera queda sería agua así pedro piel.,478.21,330,Disponible,4303.889999999999,8594.56,2025-11,2025,11,Mauricio Lozano
485,178,2025-11-10,470.94,98.9,6.82,Pagada,485,12,9,48.33,178,Mauricio,Lozano,lucas55@example.com,+34 926871413,Premium,Inactivo,12,Especie,Cambios proyectos conocimiento producción.,48.33,457,Disponible,434.96999999999997,8594.56,2025-11,2025,11,Mauricio Lozano
486,124,2025-08-05,1580.97,332.0,83.3,Pagada,486,196,9,213.21,124,Ariadna,Acevedo,cruzcruz@example.org,+34 927 73 09 89,VIP,Inactivo,196,Texto,Interés llegado hombre esas propios.,213.21,499,Disponible,1918.89,2146.4100000000003,2025-08,2025,8,Ariadna Acevedo
486,124,2025-08-05,1580.97,332.0,83.3,Pagada,486,179,8,28.44,124,Ariadna,Acevedo,cruzcruz@example.org,+34 927 73 09 89,VIP,Inactivo,179,Términos,Solución todas queda.,28.44,73,Disponible,227.52,2146.4100000000003,2025-08,2025,8,Ariadna Acevedo
487,50,2025-03-02,274.13,57.57,46.07,Pendiente,487,171,3,335.82,50,Estefanía,Guillen,gustavobou@example.org,+34806 59 85 97,VIP,Inactivo,171,Ésta,Unidos idea seguridad cabo.,335.82,291,Disponible,1007.46,3309.36,2025-03,2025,3,Estefanía Guillen
487,50,2025-03-02,274.13,57.57,46.07,Pendiente,487,179,1,28.44,50,Estefanía,Guillen,gustavobou@example.org,+34806 59 85 97,VIP,Inactivo,179,Términos,Solución todas queda.,28.44,73,Disponible,28.44,3309.36,2025-03,2025,3,Estefanía Guillen
487,50,2025-03-02,274.13,57.57,46.07,Pendiente,487,6,7,324.78,50,Estefanía,Guillen,gustavobou@example.org,+34806 59 85 97,VIP,Inactivo,6,Decía,General pacientes parís visto solución agua cualquier.,324.78,112,Disponible,2273.46,3309.36,2025-03,2025,3,Estefanía Guillen
488,110,2025-11-08,473.57,99.45,73.64,Cancelada,488,10,3,48.89,110,Blas,Menendez,yessicacastello@example.net,+34980 500 319,VIP,Inactivo,10,Paso,Deseo político ésta cosas comunidad sectores frente.,48.89,176,Agotado,146.67000000000002,146.67000000000002,2025-11,2025,11,Blas Menendez
489,171,2025-07-23,258.62,54.31,16.85,Pendiente,489,170,1,350.15,171,Remedios,Matas,jovecristian@example.net,+34 842657239,VIP,Activo,170,Antes,Posibilidad usted ese dice deja partido jamás.,350.15,182,Agotado,350.15,4979.59,2025-07,2025,7,Remedios Matas
489,171,2025-07-23,258.62,54.31,16.85,Pendiente,489,104,2,452.46,171,Remedios,Matas,jovecristian@example.net,+34 842657239,VIP,Activo,104,Pasó,Misma primeras hermano aunque esta.,452.46,174,Agotado,904.92,4979.59,2025-07,2025,7,Remedios Matas
489,171,2025-07-23,258.62,54.31,16.85,Pendiente,489,67,6,428.87,171,Remedios,Matas,jovecristian@example.net,+34 842657239,VIP,Activo,67,Derecha,Dicho ejemplo una gonzález.,428.87,221,Disponible,2573.2200000000003,4979.59,2025-07,2025,7,Remedios Matas
489,171,2025-07-23,258.62,54.31,16.85,Pendiente,489,39,9,70.4,171,Remedios,Matas,jovecristian@example.net,+34 842657239,VIP,Activo,39,Aquella,Misma dio período millones.,70.4,19,Agotado,633.6,4979.59,2025-07,2025,7,Remedios Matas
489,171,2025-07-23,258.62,54.31,16.85,Pendiente,489,4,5,103.54,171,Remedios,Matas,jovecristian@example.net,+34 842657239,VIP,Activo,4,Les,Sur técnica menos.,103.54,266,Disponible,517.7,4979.59,2025-07,2025,7,Remedios Matas
490,253,2025-12-23,373.12,78.36,24.09,Cancelada,490,175,6,161.91,253,Luís,Vall,soleraema@example.net,+34 925700427,Premium,Activo,175,Semana,Sol carne j enfermedad partir puedo.,161.91,136,Agotado,971.46,3592.5600000000004,2025-12,2025,12,Luís Vall
490,253,2025-12-23,373.12,78.36,24.09,Cancelada,490,29,10,262.11,253,Luís,Vall,soleraema@example.net,+34 925700427,Premium,Activo,29,Norte,México equipo grupo unas defensa exterior agua esfuerzo.,262.11,267,Agotado,2621.1000000000004,3592.5600000000004,2025-12,2025,12,Luís Vall
491,108,2025-02-28,1754.23,368.39,7.18,Pagada,491,129,4,202.57,108,Bonifacio,Casal,frutosrosario@example.org,+34 977 81 48 67,VIP,Activo,129,Dentro,Tiempos popular valores formación larga quería.,202.57,297,Disponible,810.28,2986.2,2025-02,2025,2,Bonifacio Casal
491,108,2025-02-28,1754.23,368.39,7.18,Pagada,491,133,6,101.02,108,Bonifacio,Casal,frutosrosario@example.org,+34 977 81 48 67,VIP,Activo,133,Unidad,Más marcha libre única persona antonio evitar propios.,101.02,182,Agotado,606.12,2986.2,2025-02,2025,2,Bonifacio Casal
491,108,2025-02-28,1754.23,368.39,7.18,Pagada,491,5,5,313.96,108,Bonifacio,Casal,frutosrosario@example.org,+34 977 81 48 67,VIP,Activo,5,Especial,Acción especie militar zona.,313.96,183,Agotado,1569.8,2986.2,2025-02,2025,2,Bonifacio Casal
493,168,2025-03-19,1699.67,356.93,52.65,Pendiente,493,10,10,48.89,168,Ale,Arnaiz,jeronimoruano@example.org,+34729633731,VIP,Inactivo,10,Paso,Deseo político ésta cosas comunidad sectores frente.,48.89,176,Agotado,488.9,985.03,2025-03,2025,3,Ale Arnaiz
493,168,2025-03-19,1699.67,356.93,52.65,Pendiente,493,46,1,496.13,168,Ale,Arnaiz,jeronimoruano@example.org,+34729633731,VIP,Inactivo,46,Joven,Tarde sala experiencia igual noche actividades rey.,496.13,304,Disponible,496.13,985.03,2025-03,2025,3,Ale Arnaiz
494,190,2025-06-14,1118.32,234.85,63.31,Pendiente,494,123,10,40.58,190,Reynaldo,Puerta,fusterarsenio@example.org,+34 900864270,VIP,Activo,123,Tipo,Fiscal especialmente mañana vuelve evitar.,40.58,457,Disponible,405.79999999999995,3806.3999999999996,2025-06,2025,6,Reynaldo Puerta
494,190,2025-06-14,1118.32,234.85,63.31,Pendiente,494,191,5,216.63,190,Reynaldo,Puerta,fusterarsenio@example.org,+34 900864270,VIP,Activo,191,Están,Radio creo paz trabajar allá entrar servicios derecha.,216.63,91,Disponible,1083.15,3806.3999999999996,2025-06,2025,6,Reynaldo Puerta
494,190,2025-06-14,1118.32,234.85,63.31,Pendiente,494,15,7,244.67,190,Reynaldo,Puerta,fusterarsenio@example.org,+34 900864270,VIP,Activo,15,Existencia,Civil eran unos asociación consumo torno.,244.67,242,Agotado,1712.6899999999998,3806.3999999999996,2025-06,2025,6,Reynaldo Puerta
494,190,2025-06-14,1118.32,234.85,63.31,Pendiente,494,19,7,19.03,190,Reynaldo,Puerta,fusterarsenio@example.org,+34 900864270,VIP,Activo,19,Pasa,Director algunas particular difícil persona.,19.03,406,Disponible,133.21,3806.3999999999996,2025-06,2025,6,Reynaldo Puerta
494,190,2025-06-14,1118.32,234.85,63.31,Pendiente,494,93,1,471.55,190,Reynaldo,Puerta,fusterarsenio@example.org,+34 900864270,VIP,Activo,93,Ciento,Estados alto vida tales joven acciones partes.,471.55,310,Disponible,471.55,3806.3999999999996,2025-06,2025,6,Reynaldo Puerta
495,172,2025-07-14,1888.13,396.51,41.86,Cancelada,495,69,6,348.38,172,Lorenza,Perera,milagros33@example.net,+34878 22 97 53,VIP,Activo,69,Hoy,Economía presenta gracias época.,348.38,171,Disponible,2090.2799999999997,6296.69,2025-07,2025,7,Lorenza Perera
495,172,2025-07-14,1888.13,396.51,41.86,Cancelada,495,67,1,428.87,172,Lorenza,Perera,milagros33@example.net,+34878 22 97 53,VIP,Activo,67,Derecha,Dicho ejemplo una gonzález.,428.87,221,Disponible,428.87,6296.69,2025-07,2025,7,Lorenza Perera
495,172,2025-07-14,1888.13,396.51,41.86,Cancelada,495,136,5,165.2,172,Lorenza,Perera,milagros33@example.net,+34878 22 97 53,VIP,Activo,136,Pronto,Aquellos precisamente hombre menos.,165.2,81,Disponible,826.0,6296.69,2025-07,2025,7,Lorenza Perera
495,172,2025-07-14,1888.13,396.51,41.86,Cancelada,495,198,7,106.66,172,Lorenza,Perera,milagros33@example.net,+34878 22 97 53,VIP,Activo,198,Cómo,Aunque larga empresa capital natural serán encontrar.,106.66,300,Agotado,746.62,6296.69,2025-07,2025,7,Lorenza Perera
495,172,2025-07-14,1888.13,396.51,41.86,Cancelada,495,9,8,66.96,172,Lorenza,Perera,milagros33@example.net,+34878 22 97 53,VIP,Activo,9,Sueño,Hacia popular guerra esa misma jamás mayores.,66.96,223,Agotado,535.68,6296.69,2025-07,2025,7,Lorenza Perera
495,172,2025-07-14,1888.13,396.51,41.86,Cancelada,495,25,1,356.34,172,Lorenza,Perera,milagros33@example.net,+34878 22 97 53,VIP,Activo,25,Edad,Tribunal he felipe cuanto sea ello imagen.,356.34,183,Agotado,356.34,6296.69,2025-07,2025,7,Lorenza Perera
495,172,2025-07-14,1888.13,396.51,41.86,Cancelada,495,53,10,131.29,172,Lorenza,Perera,milagros33@example.net,+34878 22 97 53,VIP,Activo,53,Quizá,Recursos pesetas sí comisión pequeño ellos camino.,131.29,488,Agotado,1312.8999999999999,6296.69,2025-07,2025,7,Lorenza Perera
496,193,2025-10-18,235.57,49.47,89.82,Cancelada,496,165,2,346.73,193,Cruz,Quero,beltranhernando@example.com,+34948 313 252,Premium,Inactivo,165,Estuvo,Número ella general conseguir mar poco mismos.,346.73,41,Agotado,693.46,693.46,2025-10,2025,10,Cruz Quero
498,11,2025-06-20,294.51,61.85,92.47,Pendiente,498,82,5,171.63,11,Estefanía,Mulet,nazaretamoros@example.org,+34885 879 135,VIP,Activo,82,Dado,Ejemplo función ojos cada.,171.63,291,Disponible,858.15,2444.07,2025-06,2025,6,Estefanía Mulet
498,11,2025-06-20,294.51,61.85,92.47,Pendiente,498,70,6,264.32,11,Estefanía,Mulet,nazaretamoros@example.org,+34885 879 135,VIP,Activo,70,Habla,Consecuencia razón no empresa otro.,264.32,228,Agotado,1585.92,2444.07,2025-06,2025,6,Estefanía Mulet
499,123,2025-10-28,811.29,170.37,67.23,Pendiente,499,52,10,434.1,123,César,Valencia,rosalva80@example.org,+34826 458 200,VIP,Inactivo,52,Manera,Ser sola septiembre hizo apenas principios.,434.1,244,Disponible,4341.0,13735.61,2025-10,2025,10,César Valencia
499,123,2025-10-28,811.29,170.37,67.23,Pendiente,499,30,8,23.45,123,César,Valencia,rosalva80@example.org,+34826 458 200,VIP,Inactivo,30,Pueblo,Juicio actividad calle total diferentes.,23.45,430,Disponible,187.6,13735.61,2025-10,2025,10,César Valencia
499,123,2025-10-28,811.29,170.37,67.23,Pendiente,499,95,6,437.97,123,César,Valencia,rosalva80@example.org,+34826 458 200,VIP,Inactivo,95,Fiscal,Ii centros objetivo es larga.,437.97,492,Disponible,2627.82,13735.61,2025-10,2025,10,César Valencia
499,123,2025-10-28,811.29,170.37,67.23,Pendiente,499,83,4,429.77,123,César,Valencia,rosalva80@example.org,+34826 458 200,VIP,Inactivo,83,Teatro,Va encuentro presencia mismos.,429.77,498,Agotado,1719.08,13735.61,2025-10,2025,10,César Valencia
499,123,2025-10-28,811.29,170.37,67.23,Pendiente,499,52,5,434.1,123,César,Valencia,rosalva80@example.org,+34826 458 200,VIP,Inactivo,52,Manera,Ser sola septiembre hizo apenas principios.,434.1,244,Disponible,2170.5,13735.61,2025-10,2025,10,César Valencia
499,123,2025-10-28,811.29,170.37,67.23,Pendiente,499,117,7,384.23,123,César,Valencia,rosalva80@example.org,+34826 458 200,VIP,Inactivo,117,Aquellas,Sólo destino mujeres chile.,384.23,287,Disponible,2689.61,13735.61,2025-10,2025,10,César Valencia
500,285,2025-07-31,1205.54,253.16,99.88,Pagada,500,73,7,345.96,285,Manuelita,Amigó,bernatjose-carlos@example.org,+34 983 56 14 31,Premium,Inactivo,73,Meses,Vida hacía carrera pudo unos.,345.96,315,Disponible,2421.72,6115.08,2025-07,2025,7,Manuelita Amigó
500,285,2025-07-31,1205.54,253.16,99.88,Pagada,500,100,6,435.09,285,Manuelita,Amigó,bernatjose-carlos@example.org,+34 983 56 14 31,Premium,Inactivo,100,Especial,Son sociales violencia.,435.09,159,Agotado,2610.54,6115.08,2025-07,2025,7,Manuelita Amigó
500,285,2025-07-31,1205.54,253.16,99.88,Pagada,500,6,1,324.78,285,Manuelita,Amigó,bernatjose-carlos@example.org,+34 983 56 14 31,Premium,Inactivo,6,Decía,General pacientes parís visto solución agua cualquier.,324.78,112,Disponible,324.78,6115.08,2025-07,2025,7,Manuelita Amigó
500,285,2025-07-31,1205.54,253.16,99.88,Pagada,500,76,2,379.02,285,Manuelita,Amigó,bernatjose-carlos@example.org,+34 983 56 14 31,Premium,Inactivo,76,Había,Suelo orden victoria precio.,379.02,239,Disponible,758.04,6115.08,2025-07,2025,7,Manuelita Amigó
501,301,2026-02-22,598.49,113.7131,0.0,Pendiente,501,11,2,152.94,301,Jorge d.,Ramos c.,jdramosc@example.com,8888888888,Cliente,Activo,11,Muerte,Programas largo destino señor militar base.,152.94,406,Disponible,305.88,598.49,2026-02,2026,2,Jorge d. Ramos c.
501,301,2026-02-22,598.49,113.7131,0.0,Pendiente,501,34,1,16.85,301,Jorge d.,Ramos c.,jdramosc@example.com,8888888888,Cliente,Activo,34,Guerra,Justicia pesetas luego partido hoy.,16.85,324,Agotado,16.85,598.49,2026-02,2026,2,Jorge d. Ramos c.
501,301,2026-02-22,598.49,113.7131,0.0,Pendiente,501,167,1,275.76,301,Jorge d.,Ramos c.,jdramosc@example.com,8888888888,Cliente,Activo,167,Antonio,Éste calidad encuentran.,275.76,90,Agotado,275.76,598.49,2026-02,2026,2,Jorge d. Ramos c.
502,300,2026-02-22,14666.0,2786.54,0.0,Pendiente,502,199,20,389.01,300,Pánfilo,Riquelme,monicaavila@example.net,+34 945 217 197,VIP,Activo,199,Bastante,Lejos oposición oposición hubo contrario ninguna.,389.01,256,Disponible,7780.2,14666.0,2026-02,2026,2,Pánfilo Riquelme
502,300,2026-02-22,14666.0,2786.54,0.0,Pendiente,502,200,20,344.29,300,Pánfilo,Riquelme,monicaavila@example.net,+34 945 217 197,VIP,Activo,200,Viene,Cierta equipo tal llegado él informe existencia.,344.29,5,Disponible,6885.8,14666.0,2026-02,2026,2,Pánfilo Riquelme
503,299,2026-02-22,15746.069999999998,2991.7533,0.0,Pendiente,503,195,75,173.64,299,Ruperta,Múñiz,osvaldocespedes@example.com,+34 827 493 944,VIP,Activo,195,Español,Educación palabras millones jorge fuentes.,173.64,5,Disponible,13022.999999999998,15746.069999999998,2026-02,2026,2,Ruperta Múñiz
503,299,2026-02-22,15746.069999999998,2991.7533,0.0,Pendiente,503,199,7,389.01,299,Ruperta,Múñiz,osvaldocespedes@example.com,+34 827 493 944,VIP,Activo,199,Bastante,Lejos oposición oposición hubo contrario ninguna.,389.01,256,Disponible,2723.0699999999997,15746.069999999998,2026-02,2026,2,Ruperta Múñiz
504,300,2026-02-22,6552.389999999999,1244.9541,0.0,Pendiente,504,197,12,145.21,300,Pánfilo,Riquelme,monicaavila@example.net,+34 945 217 197,VIP,Activo,197,Universidad,Han también cámara pasa.,145.21,50,Disponible,1742.52,6552.39,2026-02,2026,2,Pánfilo Riquelme
504,300,2026-02-22,6552.389999999999,1244.9541,0.0,Pendiente,504,199,5,389.01,300,Pánfilo,Riquelme,monicaavila@example.net,+34 945 217 197,VIP,Activo,199,Bastante,Lejos oposición oposición hubo contrario ninguna.,389.01,256,Disponible,1945.05,6552.39,2026-02,2026,2,Pánfilo Riquelme
504,300,2026-02-22,6552.389999999999,1244.9541,0.0,Pendiente,504,80,6,477.47,300,Pánfilo,Riquelme,monicaavila@example.net,+34 945 217 197,VIP,Activo,80,Tenemos,Izquierda pueblo meses años.,477.47,20,Agotado,2864.82,6552.39,2026-02,2026,2,Pánfilo Riquelme
505,301,2026-02-22,11538.239999999998,2192.2656,0.0,Pendiente,505,198,30,106.66,301,Jorge d.,Ramos c.,jdramosc@example.com,8888888888,Cliente,Activo,198,Cómo,Aunque larga empresa capital natural serán encontrar.,106.66,300,Agotado,3199.7999999999997,11538.239999999998,2026-02,2026,2,Jorge d. Ramos c.
505,301,2026-02-22,11538.239999999998,2192.2656,0.0,Pendiente,505,76,22,379.02,301,Jorge d.,Ramos c.,jdramosc@example.com,8888888888,Cliente,Activo,76,Había,Suelo orden victoria precio.,379.02,239,Disponible,8338.439999999999,11538.239999999998,2026-02,2026,2,Jorge d. Ramos c.
506,123,2026-02-22,970.11,184.3209,0.0,Pendiente,506,12,2,48.33,123,César,Valencia,rosalva80@example.org,+34826 458 200,VIP,Inactivo,12,Especie,Cambios proyectos conocimiento producción.,48.33,457,Disponible,96.66,970.11,2026-02,2026,2,César Valencia
506,123,2026-02-22,970.11,184.3209,0.0,Pendiente,506,34,1,16.85,123,César,Valencia,rosalva80@example.org,+34826 458 200,VIP,Inactivo,34,Guerra,Justicia pesetas luego partido hoy.,16.85,324,Agotado,16.85,970.11,2026-02,2026,2,César Valencia
506,123,2026-02-22,970.11,184.3209,0.0,Pendiente,506,78,1,168.02,123,César,Valencia,rosalva80@example.org,+34826 458 200,VIP,Inactivo,78,Aunque,Tan considera pone oficial otra.,168.02,88,Agotado,168.02,970.11,2026-02,2026,2,César Valencia
506,123,2026-02-22,970.11,184.3209,0.0,Pendiente,506,200,2,344.29,123,César,Valencia,rosalva80@example.org,+34826 458 200,VIP,Inactivo,200,Viene,Cierta equipo tal llegado él informe existencia.,344.29,5,Disponible,688.58,970.11,2026-02,2026,2,César Valencia
507,302,2026-02-28,1370.1799999999998,260.33419999999995,0.0,Pendiente,507,100,2,435.09,302,Gregorio,Quevedo,quevedog@g.com,,Cliente,Activo,100,Especial,Son sociales violencia.,435.09,159,Agotado,870.18,1370.1799999999998,2026-02,2026,2,Gregorio Quevedo
507,302,2026-02-28,1370.1799999999998,260.33419999999995,0.0,Pendiente,507,201,1,500.0,302,Gregorio,Quevedo,quevedog@g.com,,Cliente,Activo,201,Juego vasos cristal,Juego de 12 piezas,500.0,34,Activo,500.0,1370.1799999999998,2026-02,2026,2,Gregorio Quevedo
